No,ID_SERVICE,ID_TT43,Name_Method,Class,Group
1,01.0009.0098,1.9,Đặt catheter động mạch,Các thủ thuật và dịch vụ Nội soi,Exclude
2,01.0098.0079,1.98,"Chọc hút dịch, khí trung thất",Các thủ thuật và dịch vụ Nội soi,Exclude
3,01.0099.0111,1.99,Dẫn lưu trung thất liên tục ≤ 8 giờ,Các thủ thuật và dịch vụ Nội soi,Exclude
4,01.0101.0125,1.101,Nội soi màng phổi sinh thiết,Các thủ thuật và dịch vụ Nội soi,Exclude
5,01.0104.0109,1.104,Gây dính màng phổi bằng povidone 1odine bơm qua ống dẫn lưu màng phổi,Các thủ thuật và dịch vụ Nội soi,Exclude
6,01.0105.0109,1.105,Gây dính màng phổi bằng tetracyclin bơm qua ống dẫn lưu màng phổi,Các thủ thuật và dịch vụ Nội soi,Exclude
7,01.0106.0128,1.106,Nội soi khí phế quản cấp cứu,Các thủ thuật và dịch vụ Nội soi,Exclude
8,01.0108.0118,1.108,Nội soi phế quản ống mềm chẩn đoán cấp cứu ở người bệnh có thở máy,Các thủ thuật và dịch vụ Nội soi,Exclude
9,01.0110.0118,1.110,Nội soi phế quản ống mềm điều trị cấp cứu ở người bệnh có thở máy,Các thủ thuật và dịch vụ Nội soi,Exclude
10,01.0111.0129,1.111,Nội soi khí phế quản lấy dị vật,Các thủ thuật và dịch vụ Nội soi,Exclude
11,01.0112.0128,1.112,Bơm rửa phế quản,Các thủ thuật và dịch vụ Nội soi,Exclude
12,01.0115.0297,1.115,Siêu âm nội soi phế quản ống mềm,Hồi sức cấp cứu và Chống độc,Exclude
13,01.0116.0118,1.116,Nội soi bơm rửa phế quản cấp cứu lấy bệnh phẩm ở người bệnh thở máy,Các thủ thuật và dịch vụ Nội soi,Exclude
14,01.0117.0118,1.117,Nội soi phế quản cấp cứu để cầm máu ở người bệnh thở máy,Các thủ thuật và dịch vụ Nội soi,Exclude
15,01.0118.0118,1.118,Nội soi phế quản sinh thiết ở người bệnh thở máy,Các thủ thuật và dịch vụ Nội soi,Exclude
16,01.0119.0118,1.119,Nội soi phế quản sinh thiết xuyên thành ở người bệnh thở máy,Các thủ thuật và dịch vụ Nội soi,Exclude
17,01.0012.0298,1.12,Đặt đường truyền vào xương (qua đường xương),Hồi sức cấp cứu và Chống độc,Exclude
18,01.0128.0209,1.128,Thông khí nhân tạo không xâm nhập [giờ theo thực tế],Các thủ thuật và dịch vụ Nội soi,Exclude
19,01.0129.0209,1.129,Thông khí nhân tạo CPAP qua van Boussignac [giờ theo thực tế],Các thủ thuật và dịch vụ Nội soi,Exclude
20,01.0130.0209,1.130,Thông khí nhân tạo không xâm nhập phương thức CPAP [giờ theo thực tế],Các thủ thuật và dịch vụ Nội soi,Exclude
21,01.0131.0209,1.131,Thông khí nhân tạo không xâm nhập phương thức BiPAP [giờ theo thực tế],Các thủ thuật và dịch vụ Nội soi,Exclude
22,01.0132.0209,1.132,Thông khí nhân tạo xâm nhập [giờ theo thực tế],Các thủ thuật và dịch vụ Nội soi,Exclude
23,01.0133.0209,1.133,Thông khí nhân tạo xâm nhập phương thức VCV [giờ theo thực tế],Các thủ thuật và dịch vụ Nội soi,Exclude
24,01.0134.0209,1.134,Thông khí nhân tạo xâm nhập phương thức PCV [giờ theo thực tế],Các thủ thuật và dịch vụ Nội soi,Exclude
25,01.0135.0209,1.135,Thông khí nhân tạo xâm nhập phương thức A/C (VCV) [giờ theo thực tế],Các thủ thuật và dịch vụ Nội soi,Exclude
26,01.0136.0209,1.136,Thông khí nhân tạo xâm nhập phương thức SIMV [giờ theo thực tế],Các thủ thuật và dịch vụ Nội soi,Exclude
27,01.0137.0209,1.137,Thông khí nhân tạo xâm nhập phương thức PSV [giờ theo thực tế],Các thủ thuật và dịch vụ Nội soi,Exclude
28,01.0013.0298,1.13,Đặt đường truyền vào thể hang,Hồi sức cấp cứu và Chống độc,Exclude
29,01.0138.0209,1.138,Thông khí nhân tạo xâm nhập phương thức CPAP [giờ theo thực tế],Các thủ thuật và dịch vụ Nội soi,Exclude
30,01.0139.0209,1.139,Thông khí nhân tạo xâm nhập phương thức APRV [giờ theo thực tế],Các thủ thuật và dịch vụ Nội soi,Exclude
31,01.0140.0209,1.140,Thông khí nhân tạo xâm nhập phương thức NAVA [giờ theo thực tế],Các thủ thuật và dịch vụ Nội soi,Exclude
32,01.0141.0209,1.141,Thông khí nhân tạo xâm nhập phương thức HFO [giờ theo thực tế],Các thủ thuật và dịch vụ Nội soi,Exclude
33,01.0142.0209,1.142,Thông khí nhân tạo kiểu áp lực thể tích với đích thể tích (VCV+ hay MMV+Assure),Các thủ thuật và dịch vụ Nội soi,Exclude
34,01.0143.0209,1.143,Thông khí nhân tạo với khí NO,Các thủ thuật và dịch vụ Nội soi,Exclude
35,01.0144.0209,1.144,Thông khí nhân tạo trong khi vận chuyển,Các thủ thuật và dịch vụ Nội soi,Exclude
36,01.0014.1774,1.14,Đặt catheter động mạch phổi,Thăm dò chức năng,Exclude
37,01.0153.0297,1.153,Thở máy xâm nhập hai phổi độc lập ≤ 8 giờ,Hồi sức cấp cứu và Chống độc,Exclude
38,01.0156.1116,1.156,Điều trị bằng oxy cao áp,Bỏng,Exclude
39,01.0157.0508,1.157,Cố định lồng ngực do chấn thương gãy xương sườn,Ngoại khoa,Exclude
40,01.0158.0074,1.158,Cấp cứu ngừng tuần hoàn hô hấp cơ bản,Các thủ thuật và dịch vụ Nội soi,Exclude
41,01.0160.0210,1.160,Đặt ống thông dẫn lưu bàng quang,Các thủ thuật và dịch vụ Nội soi,Exclude
42,01.0162.0121,1.162,Đặt ống thông dẫn lưu bàng quang trên khớp vệ,Các thủ thuật và dịch vụ Nội soi,Exclude
43,01.0163.0121,1.163,Mở thông bàng quang trên xương mu,Các thủ thuật và dịch vụ Nội soi,Exclude
44,01.0164.0210,1.164,Thông bàng quang,Các thủ thuật và dịch vụ Nội soi,Exclude
45,01.0165.0158,1.165,Rửa bàng quang lấy máu cục,Các thủ thuật và dịch vụ Nội soi,Exclude
46,01.0172.0101,1.172,Đặt catheter lọc máu cấp cứu,Các thủ thuật và dịch vụ Nội soi,Exclude
47,01.0173.0195,1.173,Lọc máu cấp cứu (ở người chưa có mở thông động tĩnh mạch),Các thủ thuật và dịch vụ Nội soi,Exclude
48,01.0174.0195,1.174,Thận nhân tạo cấp cứu,Các thủ thuật và dịch vụ Nội soi,Exclude
49,01.0175.0196,1.175,Thận nhân tạo thường qui,Các thủ thuật và dịch vụ Nội soi,Exclude
50,01.0176.0118,1.176,Lọc máu liên tục cấp cứu (CVVH),Các thủ thuật và dịch vụ Nội soi,Exclude
51,01.0177.0118,1.177,Lọc máu liên tục cấp cứu có thẩm tách (CVVHD),Các thủ thuật và dịch vụ Nội soi,Exclude
52,01.0178.0118,1.178,Lọc máu liên tục cấp cứu (CVVH) cho người bệnh sốc nhiễm khuẩn,Các thủ thuật và dịch vụ Nội soi,Exclude
53,01.0179.0118,1.179,Lọc máu liên tục cấp cứu (CVVH) cho người bệnh suy đa tạng,Các thủ thuật và dịch vụ Nội soi,Exclude
54,01.0180.0118,1.180,Lọc máu liên tục cấp cứu (CVVH) cho người bệnh viêm tụy cấp,Các thủ thuật và dịch vụ Nội soi,Exclude
55,01.0181.0118,1.181,Lọc máu thẩm tách liên tục cấp cứu (CVVHDF),Các thủ thuật và dịch vụ Nội soi,Exclude
56,01.0182.0118,1.182,Lọc máu thẩm tách liên tục cấp cứu (CVVHDF) cho người bệnh sốc nhiễm khuẩn,Các thủ thuật và dịch vụ Nội soi,Exclude
57,01.0183.0118,1.183,Lọc máu thẩm tách liên tục cấp cứu (CVVHDF) cho người bệnh suy đa tạng,Các thủ thuật và dịch vụ Nội soi,Exclude
58,01.0184.0118,1.184,Lọc máu thẩm tách liên tục cấp cứu (CVVHDF) cho người bệnh viêm tụy cấp,Các thủ thuật và dịch vụ Nội soi,Exclude
59,01.0185.0118,1.185,Lọc máu liên tục cấp cứu (CVVH) cho người bệnh ARDS,Các thủ thuật và dịch vụ Nội soi,Exclude
60,01.0186.0118,1.186,Lọc máu liên tục cấp cứu (SCUF) cho người bệnh quá tải thể tích.,Các thủ thuật và dịch vụ Nội soi,Exclude
61,01.0018.0004,1.18,Siêu âm tim cấp cứu tại giường,Siêu âm,Exclude
62,01.0187.0118,1.187,Lọc máu liên tục cấp cứu (CVVH) cho người bệnh suy thận cấp do tiêu cơ vân nặng,Các thủ thuật và dịch vụ Nội soi,Exclude
63,01.0188.0117,1.188,Lọc màng bụng cấp cứu liên tục,Các thủ thuật và dịch vụ Nội soi,Exclude
64,01.0188.0116,1.188,Lọc màng bụng cấp cứu liên tục,Các thủ thuật và dịch vụ Nội soi,Exclude
65,01.0189.0119,1.189,Lọc và tách huyết tương chọn lọc,Các thủ thuật và dịch vụ Nội soi,Exclude
66,01.0191.0195,1.191,Lọc máu hấp phụ bằng quả lọc resin,Các thủ thuật và dịch vụ Nội soi,Exclude
67,01.0192.0119,1.192,Thay huyết tương sử dụng huyết tương,Các thủ thuật và dịch vụ Nội soi,Exclude
68,01.0193.0119,1.193,Thay huyết tương sử dụng albumin,Các thủ thuật và dịch vụ Nội soi,Exclude
69,01.0194.0119,1.194,Lọc huyết tương sử dụng 2 quả lọc,Các thủ thuật và dịch vụ Nội soi,Exclude
70,01.0195.0119,1.195,"Thay huyết tương trong hội chứng Guillain-Barré, nhược cơ",Các thủ thuật và dịch vụ Nội soi,Exclude
71,01.0196.0119,1.196,Thay huyết tương trong lupus ban đỏ rải rác,Các thủ thuật và dịch vụ Nội soi,Exclude
72,01.0019.0004,1.19,Siêu âm Doppler mạch cấp cứu tại giường,Siêu âm,Exclude
73,01.0197.0119,1.197,Thay huyết tương trong hội chứng xuất huyết giảm tiểu cầu tắc mạch (hội chứng TTP),Các thủ thuật và dịch vụ Nội soi,Exclude
74,01.0198.0119,1.198,Thay huyết tương trong suy gan cấp,Các thủ thuật và dịch vụ Nội soi,Exclude
75,01.0199.0119,1.199,Lọc máu hấp phụ với than hoạt trong ngộ độc cấp,Các thủ thuật và dịch vụ Nội soi,Exclude
76,01.0200.0110,1.200,Lọc máu hấp phụ phân tử tái tuần hoàn (gan nhân tạo - MARS),Các thủ thuật và dịch vụ Nội soi,Exclude
77,01.0201.0849,1.201,Soi đáy mắt cấp cứu,Mắt,Exclude
78,01.0202.0083,1.202,Chọc dịch tuỷ sống,Các thủ thuật và dịch vụ Nội soi,Exclude
79,01.0203.1775,1.203,Ghi điện cơ cấp cứu,Thăm dò chức năng,Exclude
80,01.0020.0001,1.20,Siêu âm dẫn đường đặt catheter tĩnh mạch cấp cứu,Siêu âm,Exclude
81,01.0207.1777,1.207,Ghi điện não đồ cấp cứu,Thăm dò chức năng,Exclude
82,01.0208.0004,1.208,Siêu âm Doppler xuyên sọ,Siêu âm,Exclude
83,01.0209.0099,1.209,Dẫn lưu não thất cấp cứu ≤ 8 giờ,Các thủ thuật và dịch vụ Nội soi,Exclude
84,01.0021.0001,1.21,Siêu âm dẫn đường đặt catheter động mạch cấp cứu,Siêu âm,Exclude
85,01.0216.0103,1.216,Đặt ống thông dạ dày,Các thủ thuật và dịch vụ Nội soi,Exclude
86,01.0217.0502,1.217,Mở thông dạ dày bằng nội soi,Ngoại khoa,Exclude
87,01.0218.0159,1.218,Rửa dạ dày cấp cứu,Các thủ thuật và dịch vụ Nội soi,Exclude
88,01.0219.0160,1.219,Rửa dạ dày loại bỏ chất độc bằng hệ thống kín,Các thủ thuật và dịch vụ Nội soi,Exclude
89,01.0220.0162,1.220,"Rửa toàn bộ hệ thống tiêu hoá (dạ dày, tiểu tràng, đại tràng)",Các thủ thuật và dịch vụ Nội soi,Exclude
90,01.0221.0211,1.221,Thụt tháo,Các thủ thuật và dịch vụ Nội soi,Exclude
91,01.0222.0211,1.222,Thụt giữ,Các thủ thuật và dịch vụ Nội soi,Exclude
92,01.0223.0211,1.223,Đặt ống thông hậu môn,Các thủ thuật và dịch vụ Nội soi,Exclude
93,01.0231.0298,1.231,Đặt ống thông Blakemore vào thực quản cầm máu,Hồi sức cấp cứu và Chống độc,Exclude
94,01.0232.0140,1.232,Nội soi dạ dày thực quản cấp cứu chẩn đoán và cầm máu,Các thủ thuật và dịch vụ Nội soi,Exclude
95,01.0023.0097,1.23,Thăm dò huyết động theo phương pháp PiCCO,Các thủ thuật và dịch vụ Nội soi,Exclude
96,01.0238.0299,1.238,Đo áp lực ổ bụng,Hồi sức cấp cứu và Chống độc,Exclude
97,01.0239.0001,1.239,Siêu âm ổ bụng tại giường cấp cứu,Siêu âm,Exclude
98,01.0240.0077,1.240,Chọc dò ổ bụng cấp cứu,Các thủ thuật và dịch vụ Nội soi,Exclude
99,01.0242.0175,1.242,Rửa màng bụng cấp cứu,Các thủ thuật và dịch vụ Nội soi,Exclude
100,01.0243.0095,1.243,Dẫn lưu ổ bụng trong viêm tuỵ cấp ≤ 8 giờ,Các thủ thuật và dịch vụ Nội soi,Exclude
101,01.0243.0096,1.243,Dẫn lưu ổ bụng trong viêm tuỵ cấp ≤ 8 giờ,Các thủ thuật và dịch vụ Nội soi,Exclude
102,01.0244.0165,1.244,Chọc dẫn lưu ổ áp xe dưới siêu âm,Các thủ thuật và dịch vụ Nội soi,Exclude
103,01.0247.0118,1.247,Hạ thân nhiệt chỉ huy,Các thủ thuật và dịch vụ Nội soi,Exclude
104,01.0025.0004,1.25,Kỹ thuật đánh giá huyết động cấp cứu không xâm nhập bằng USCOM,Siêu âm,Exclude
105,01.0267.0203,1.267,Thay băng cho các vết thương hoại tử rộng (một lần),Các thủ thuật và dịch vụ Nội soi,Exclude
106,01.0267.0204,1.267,Thay băng cho các vết thương hoại tử rộng (một lần),Các thủ thuật và dịch vụ Nội soi,Exclude
107,01.0267.0205,1.267,Thay băng cho các vết thương hoại tử rộng (một lần),Các thủ thuật và dịch vụ Nội soi,Exclude
108,01.0281.1510,1.281,Xét nghiệm đường máu mao mạch tại giường (một lần),Hóa sinh,Exclude
109,01.0284.1269,1.284,Định nhóm máu tại giường,Huyết học,Exclude
110,01.0285.1349,1.285,Xét nghiệm đông máu nhanh tại giường,Huyết học,Exclude
111,01.0286.1531,1.286,Đo các chất khí trong máu,Hóa sinh,Exclude
112,01.0287.1532,1.287,Đo lactat trong máu,Hóa sinh,Exclude
113,01.0288.1764,1.288,Định tính chất độc bằng test nhanh – một lần,Xét nghiệm độc chất,Exclude
114,01.0289.1772,1.289,Định tính độc chất bằng sắc ký lớp mỏng – một lần,Xét nghiệm độc chất,Exclude
115,01.0292.1771,1.292,Định lượng chất độc bằng HPLC – một lần,Xét nghiệm độc chất,Exclude
116,01.0002.1778,1.2,Ghi điện tim cấp cứu tại giường,Thăm dò chức năng,Exclude
117,01.0293.1769,1.293,Định tính chất độc bằng sắc ký khí – một lần,Xét nghiệm độc chất,Exclude
118,01.0294.1771,1.294,Định lượng chất độc bằng sắc ký khí – một lần,Xét nghiệm độc chất,Exclude
119,01.0298.1466,1.298,Định lượng nhanh NT-ProBNP trong máu toàn phần tại chỗ bằng máy cầm tay,Hóa sinh,Exclude
120,01.0299.1239,1.299,Định lượng nhanh D-Dimer trong máu toàn phần tại chỗ bằng máy cầm tay,Huyết học,Exclude
121,01.0302.1350,1.302,Xác định nhanh 1NR/PT/ Quick % tại chỗ bằng máy cầm tay,Huyết học,Exclude
122,01.0303.0001,1.303,Siêu âm cấp cứu tại giường bệnh,Siêu âm,Exclude
123,01.0313.0118,1.313,Lọc máu liên tục CVVH trong hội chứng suy hô hấp cấp tiến triển (ARDS),Các thủ thuật và dịch vụ Nội soi,Exclude
124,01.0317.0099,1.317,Đặt catheter tĩnh mạch trung tâm một nòng dưới hướng dẫn của siêu âm,Các thủ thuật và dịch vụ Nội soi,Exclude
125,01.0318.0100,1.318,Đặt catheter tĩnh mạch trung tâm hai nòng dưới hướng dẫn của siêu âm,Các thủ thuật và dịch vụ Nội soi,Exclude
126,01.0319.0100,1.319,Đặt catheter tĩnh mạch trung tâm ba nòng dưới hướng dẫn của siêu âm,Các thủ thuật và dịch vụ Nội soi,Exclude
127,01.0032.0299,1.32,Sốc điện ngoài lồng ngực cấp cứu,Hồi sức cấp cứu và Chống độc,Exclude
128,01.0322.0097,1.322,Khai thông động mạch vành bằng sử dụng thuốc tiêu sợi huyết trong điều trị nhồi máu cơ tim cấp,Các thủ thuật và dịch vụ Nội soi,Exclude
129,01.0326.0119,1.326,Thay huyết tương bằng gelatin hoặc dung dịch cao phân tử,Các thủ thuật và dịch vụ Nội soi,Exclude
130,01.0327.0119,1.327,Thay huyết tương trong điều trị đợt cấp lupus ban đỏ hệ thống với dịch thay thế albumin 5%,Các thủ thuật và dịch vụ Nội soi,Exclude
131,01.0328.0119,1.328,Thay huyết tương trong điều trị đợt cấp lupus ban đỏ hệ thống với dịch thay thế albumin 5% kết hợp với hydroxyethyl starch (HES),Các thủ thuật và dịch vụ Nội soi,Exclude
132,01.0033.0391,1.33,Đặt máy khử rung tự động,Ngoại khoa,Exclude
133,01.0329.0119,1.329,Thay huyết tương trong điều trị đợt cấp lupus ban đỏ hệ thống với dịch thay thế huyết tương tươi đông lạnh,Các thủ thuật và dịch vụ Nội soi,Exclude
134,01.0330.0118,1.330,Lọc máu liên tục trong hội chứng tiêu cơ vân cấp,Các thủ thuật và dịch vụ Nội soi,Exclude
135,01.0331.0118,1.331,Lọc máu thẩm tách liên tục trong hội chứng tiêu cơ vân cấp,Các thủ thuật và dịch vụ Nội soi,Exclude
136,01.0332.0118,1.332,Lọc máu hấp phụ cytokine với quả lọc pmx (polymicin b),Các thủ thuật và dịch vụ Nội soi,Exclude
137,01.0336.0158,1.336,Rửa bàng quang ở bệnh nhân hồi sức cấp cứu và chống độc,Các thủ thuật và dịch vụ Nội soi,Exclude
138,01.0337.0195,1.337,Lọc máu cấp cứu ở bệnh nhân có mở thông động tĩnh mạch (FAV),Các thủ thuật và dịch vụ Nội soi,Exclude
139,01.0034.0299,1.34,Hồi phục nhịp xoang cho người bệnh loạn nhịp bằng máy sốc điện,Hồi sức cấp cứu và Chống độc,Exclude
140,01.0338.0119,1.338,Thay huyết tương trong điều trị hội chứng Guillain –barré với dịch thay thế albumin 5%,Các thủ thuật và dịch vụ Nội soi,Exclude
141,01.0339.0119,1.339,Thay huyết tương trong điều trị hội chứng Guillain –barré với dịch thay thế albumin 5% kết hợp với dung dịch cao phân tử,Các thủ thuật và dịch vụ Nội soi,Exclude
142,01.0340.0119,1.340,Thay huyết tương trong điều trị hội chứng Guillain –barré với dịch thay thế huyết tương tươi đông lạnh,Các thủ thuật và dịch vụ Nội soi,Exclude
143,01.0341.0119,1.341,Thay huyết tương trong điều trị cơn nhược cơ,Các thủ thuật và dịch vụ Nội soi,Exclude
144,01.0342.0119,1.342,Thay huyết tương trong điều trị cơn nhược cơ với dịch thay thế albumin 5%,Các thủ thuật và dịch vụ Nội soi,Exclude
145,01.0343.0119,1.343,Thay huyết tương trong điều trị cơn nhược cơ với dịch thay thế albumin 5% kết hợp với dung dịch cao phân tử,Các thủ thuật và dịch vụ Nội soi,Exclude
146,01.0344.0119,1.344,Thay huyết tương trong điều trị cơn nhược cơ với dịch thay thế huyết tương tươi đông lạnh,Các thủ thuật và dịch vụ Nội soi,Exclude
147,01.0346.0097,1.346,Khai thông mạch não bằng điều trị thuốc tiêu sợi huyết trong nhồi máu não cấp,Các thủ thuật và dịch vụ Nội soi,Exclude
148,01.0347.0119,1.347,Thay huyết tương điều trị ban xuất huyết giảm tiểu cầu huyết khối (TTP) với dịch thay thế huyết tương tươi đông lạnh,Các thủ thuật và dịch vụ Nội soi,Exclude
149,01.0348.0119,1.348,Thay huyết tương tươi bằng huyết tương tươi đông lạnh trong điều trị suy gan cấp,Các thủ thuật và dịch vụ Nội soi,Exclude
150,01.0349.0195,1.349,Lọc máu hấp phụ bilirubin trong điều trị suy gan cấp,Các thủ thuật và dịch vụ Nội soi,Exclude
151,01.0350.0110,1.350,Gan nhân tạo trong điều trị suy gan cấp,Các thủ thuật và dịch vụ Nội soi,Exclude
152,01.0351.0140,1.351,Nội soi dạ dày-tá tràng điều trị chảy máu do ổ loét bằng tiêm xơ tại đơn vị hồi sức tích cực,Các thủ thuật và dịch vụ Nội soi,Exclude
153,01.0352.0140,1.352,Nội soi tiêu hóa cầm máu cấp cứu bằng vòng cao su tại đơn vị hồi sức tích cực,Các thủ thuật và dịch vụ Nội soi,Exclude
154,01.0353.0140,1.353,Nội soi thực quản – dạ dày – tá tràng cầm máu bằng kẹp clip đơn vị hồi sức cấp cứu và chống độc,Các thủ thuật và dịch vụ Nội soi,Exclude
155,01.0355.0165,1.355,Chọc hút dẫn lưu nang giả tụy dưới hướng dẫn của siêu âm trong hồi sức cấp cứu,Các thủ thuật và dịch vụ Nội soi,Exclude
156,01.0036.0192,1.36,Tạo nhịp tim cấp cứu tạm thời với điện cực ngoài lồng ngực,,Exclude
157,01.0356.0078,1.356,Chọc hút dẫn lưu dịch ổ bụng dưới hướng dẫn của siêu âm trong điều trị viêm tụy cấp,Các thủ thuật và dịch vụ Nội soi,Exclude
158,01.0357.0078,1.357,Chọc tháo dịch ổ bụng dưới hướng dẫn của siêu âm trong khoa hồi sức cấp cứu,Các thủ thuật và dịch vụ Nội soi,Exclude
159,01.0359.0119,1.359,Thay huyết tương trong điều trị viêm tụy cấp do tăng triglyceride,Các thủ thuật và dịch vụ Nội soi,Exclude
160,01.0362.0074,1.362,Cấp cứu ngừng tuần hoàn cho bệnh nhân ngộ độc,Các thủ thuật và dịch vụ Nội soi,Exclude
161,01.0364.1169,1.364,Điều trị thải độc bằng phương pháp tăng cường bài niệu,Ung bướu,Exclude
162,01.0368.1889,1.368,Xử lý mẫu xét nghiệm độc chất,Xét nghiệm độc chất,Exclude
163,01.0371.1773,1.371,Xét nghiệm định tính Porphobilinogen (PBG) trong nước tiểu,Xét nghiệm độc chất,Exclude
164,01.0372.1591,1.372,Xét nghiệm định tính porphyrin trong nước tiểu,Hóa sinh,Exclude
165,01.0373.1762,1.373,Xét nghiệm định lượng cấp NH3 trong máu,Xét nghiệm độc chất,Exclude
166,01.0374.1766,1.374,Đo áp lực thẩm thấu dịch sinh học (một chỉ tiêu),Xét nghiệm độc chất,Exclude
167,01.0375.1770,1.375,Định lượng một chỉ tiêu kim loại nặng trong máu bằng máy quang phổ hấp phụ nguyên tử,Xét nghiệm độc chất,Exclude
168,01.0376.1769,1.376,Xác định thành phần hóa chất bảo vệ thực vật trong dịch sinh học bằng máy sắc ký khí khối phổ,Xét nghiệm độc chất,Exclude
169,01.0377.1771,1.377,Định lượng methanol bằng máy sắc ký khí khối phổ,Xét nghiệm độc chất,Exclude
170,01.0380.1169,1.380,Sử dụng thuốc giải độc trong ngộ độc cấp (chưa kể tiền thuốc),Ung bướu,Exclude
171,01.0386.0097,1.386,Khai thông động mạch phổi bằng sử dụng thuốc tiêu sợi huyết trong điều trị tắc mạch phổi cấp,Các thủ thuật và dịch vụ Nội soi,Exclude
172,01.0040.0081,1.40,Chọc hút dịch màng ngoài tim dưới siêu âm,Các thủ thuật và dịch vụ Nội soi,Exclude
173,01.0041.0081,1.41,Chọc dò màng ngoài tim cấp cứu,Các thủ thuật và dịch vụ Nội soi,Exclude
174,01.0042.0099,1.42,Đặt dẫn lưu màng ngoài tim cấp cứu bằng catheter qua da,Các thủ thuật và dịch vụ Nội soi,Exclude
175,01.0048.0290,1.48,Tim phổi nhân tạo (ECMO) cấp cứu tại giường trong hỗ trợ suy hô hấp cấp ≤ 8 giờ,Hồi sức cấp cứu và Chống độc,Exclude
176,01.0048.0291,1.48,Tim phổi nhân tạo (ECMO) cấp cứu tại giường trong hỗ trợ suy hô hấp cấp ≤ 8 giờ,Hồi sức cấp cứu và Chống độc,Exclude
177,01.0048.0292,1.48,Tim phổi nhân tạo (ECMO) cấp cứu tại giường trong hỗ trợ suy hô hấp cấp ≤ 8 giờ,Hồi sức cấp cứu và Chống độc,Exclude
178,01.0048.0293,1.48,Tim phổi nhân tạo (ECMO) cấp cứu tại giường trong hỗ trợ suy hô hấp cấp ≤ 8 giờ,Hồi sức cấp cứu và Chống độc,Exclude
179,01.0004.0321,1.4,Ghi điện tim qua chuyển đạo thực quản,Nội khoa,Exclude
180,01.0049.0290,1.49,Tim phổi nhân tạo (ECMO) cấp cứu tại giường trong hỗ trợ suy tuần hoàn cấp ≤ 8 giờ,Hồi sức cấp cứu và Chống độc,Exclude
181,01.0049.0291,1.49,Tim phổi nhân tạo (ECMO) cấp cứu tại giường trong hỗ trợ suy tuần hoàn cấp ≤ 8 giờ,Hồi sức cấp cứu và Chống độc,Exclude
182,01.0049.0292,1.49,Tim phổi nhân tạo (ECMO) cấp cứu tại giường trong hỗ trợ suy tuần hoàn cấp ≤ 8 giờ,Hồi sức cấp cứu và Chống độc,Exclude
183,01.0049.0293,1.49,Tim phổi nhân tạo (ECMO) cấp cứu tại giường trong hỗ trợ suy tuần hoàn cấp ≤ 8 giờ,Hồi sức cấp cứu và Chống độc,Exclude
184,01.0053.0075,1.53,"Đặt canuyn mũi hầu, miệng hầu",Các thủ thuật và dịch vụ Nội soi,Exclude
185,01.0054.0114,1.54,Hút đờm qua ống nội khí quản/canuyn mở khí quản bằng ống thông một lần ở người bệnh không thở máy (một lần hút),Các thủ thuật và dịch vụ Nội soi,Exclude
186,01.0055.0114,1.55,Hút đờm qua ống nội khí quản/canuyn mở khí quản bằng ống thông một lần ở người bệnh có thở máy (một lần hút),Các thủ thuật và dịch vụ Nội soi,Exclude
187,01.0056.0300,1.56,Hút đờm qua ống nội khí quản/canuyn mở khí quản bằng ống thông kín (có thở máy) (một lần hút),Hồi sức cấp cứu và Chống độc,Exclude
188,01.0065.0071,1.65,Bóp bóng Ambu qua mặt nạ,Các thủ thuật và dịch vụ Nội soi,Exclude
189,01.0066.1888,1.66,Đặt ống nội khí quản,Các thủ thuật và dịch vụ Nội soi,Exclude
190,01.0067.1888,1.67,Đặt nội khí quản 2 nòng,Các thủ thuật và dịch vụ Nội soi,Exclude
191,01.0006.0215,1.6,Đặt catheter tĩnh mạch ngoại biên,Các thủ thuật và dịch vụ Nội soi,Exclude
192,01.0068.0298,1.68,Đặt nội khí quản cấp cứu bằng Combitube,Hồi sức cấp cứu và Chống độc,Exclude
193,01.0069.0298,1.69,Đặt mặt nạ thanh quản cấp cứu,Hồi sức cấp cứu và Chống độc,Exclude
194,01.0070.1888,1.70,Đặt ống nội khí quản có cửa hút trên bóng chèn (Hi-low EVAC),Các thủ thuật và dịch vụ Nội soi,Exclude
195,01.0071.0120,1.71,Mở khí quản cấp cứu,Các thủ thuật và dịch vụ Nội soi,Exclude
196,01.0072.0120,1.72,Mở khí quản qua màng nhẫn giáp,Các thủ thuật và dịch vụ Nội soi,Exclude
197,01.0073.0120,1.73,Mở khí quản thường quy,Các thủ thuật và dịch vụ Nội soi,Exclude
198,01.0074.0120,1.74,Mở khí quản qua da một thì cấp cứu ngạt thở,Các thủ thuật và dịch vụ Nội soi,Exclude
199,01.0076.0200,1.76,Chăm sóc lỗ mở khí quản (một lần),Các thủ thuật và dịch vụ Nội soi,Exclude
200,01.0077.1888,1.77,Thay ống nội khí quản,Các thủ thuật và dịch vụ Nội soi,Exclude
201,01.0007.0099,1.7,Đặt catheter tĩnh mạch trung tâm 01 nòng,Các thủ thuật và dịch vụ Nội soi,Exclude
202,01.0080.0206,1.80,Thay canuyn mở khí quản,Các thủ thuật và dịch vụ Nội soi,Exclude
203,01.0085.0277,1.85,Vận động trị liệu hô hấp,Y học dân tộc và Phục hồi chức năng,Exclude
204,01.0086.0898,1.86,Khí dung thuốc cấp cứu (một lần),Tai Mũi Họng,Exclude
205,01.0087.0898,1.87,Khí dung thuốc qua thở máy (một lần),Tai Mũi Họng,Exclude
206,01.0008.0100,1.8,Đặt catheter tĩnh mạch trung tâm nhiều nòng,Các thủ thuật và dịch vụ Nội soi,Exclude
207,01.0089.0206,1.89,Đặt canuyn mở khí quản 02 nòng,Các thủ thuật và dịch vụ Nội soi,Exclude
208,01.0090.0883,1.90,Đặt stent khí phế quản,Tai Mũi Họng,Exclude
209,01.0091.0071,1.91,Chọc hút dịch khí phế quản qua màng nhẫn giáp,Các thủ thuật và dịch vụ Nội soi,Exclude
210,01.0092.0001,1.92,Siêu âm màng phổi cấp cứu,Siêu âm,Exclude
211,01.0093.0079,1.93,Chọc hút dịch – khí màng phổi bằng kim hay catheter,Các thủ thuật và dịch vụ Nội soi,Exclude
212,01.0094.0111,1.94,Dẫn lưu khí màng phổi áp lực thấp ≤ 8 giờ,Các thủ thuật và dịch vụ Nội soi,Exclude
213,01.0095.0094,1.95,Mở màng phổi cấp cứu,Các thủ thuật và dịch vụ Nội soi,Exclude
214,01.0096.0094,1.96,Mở màng phổi tối thiểu bằng troca,Các thủ thuật và dịch vụ Nội soi,Exclude
215,01.0097.0111,1.97,Dẫn lưu màng phổi liên tục ≤ 8 giờ,Các thủ thuật và dịch vụ Nội soi,Exclude
216,02.0585.0312,2.585,Test lẩy da (Prick test) đặc hiệu với các dị nguyên hô hấp,Nội khoa,Exclude
217,02.0586.0312,2.586,Test lẩy da (Prick test) đặc hiệu với các dị nguyên thức ăn,Nội khoa,Exclude
218,02.0587.0312,2.587,Test lẩy da (Prick test) đặc hiệu với các dị nguyên sữa,Nội khoa,Exclude
219,02.0588.0313,2.588,Test lẩy da (Prick test) đặc hiệu với các loại thuốc (Đối với 6 loại thuốc),Nội khoa,Exclude
220,02.0589.0313,2.589,"Test lẩy da (Prick test) đặc hiệu với Vacxin, huyết thanh",Nội khoa,Exclude
221,02.0590.0315,2.590,Test nội bì nhanh đặc hiệu với thuốc,Nội khoa,Exclude
222,02.0591.0315,2.591,"Test nội bì nhanh đặc hiệu với Vacxin, huyết thanh",Nội khoa,Exclude
223,02.0592.0314,2.592,Test nội bì chậm đặc hiệu với thuốc,Nội khoa,Exclude
224,02.0593.0314,2.593,"Test nội bì chậm đặc hiệu với Vacxin, huyết thanh",Nội khoa,Exclude
225,02.0594.0307,2.594,Test áp bì (Patch test) đặc hiệu với thuốc (Đối với 6 loại thuốc),Nội khoa,Exclude
226,02.0595.0307,2.595,Test áp bì (Patch test) đặc hiệu với mỹ phẩm,Nội khoa,Exclude
227,02.0596.0305,2.596,Phản ứng phân hủy Mastocyte (Đối với 6 loại dị nguyên),Nội khoa,Exclude
228,02.0597.0306,2.597,Phản ứng tiêu bạch cầu đặc hiệu,Nội khoa,Exclude
229,02.0598.0303,2.598,Điều trị liệu pháp miễn dịch đặc hiệu đường dưới lưỡi với dị nguyên (Giai đoạn ban đầu - thời gian điều trị trung bình 15 ngày),Nội khoa,Exclude
230,02.0599.0304,2.599,Điều trị liệu pháp miễn dịch đặc hiệu đường dưới lưỡi với dị nguyên (Giai đoạn duy trì - Thời gian điều trị trung bình 3 tháng),Nội khoa,Exclude
231,02.0600.0301,2.600,Giảm mẫn cảm nhanh với thuốc 72 giờ,Nội khoa,Exclude
232,02.0601.0302,2.601,Giảm mẫn cảm với thuốc đường tĩnh mạch,Nội khoa,Exclude
233,02.0602.0302,2.602,Giảm mẫn cảm với thuốc đường uống,Nội khoa,Exclude
234,02.0603.0302,2.603,Giảm mẫn cảm với sữa,Nội khoa,Exclude
235,02.0604.0302,2.604,Giảm mẫn cảm với thức ăn,Nội khoa,Exclude
236,02.0605.0311,2.605,Test kích thích với thuốc đường tĩnh mạch,Nội khoa,Exclude
237,02.0606.0311,2.606,Test kích thích với thuốc đường uống,Nội khoa,Exclude
238,02.0607.0311,2.607,Test kích thích với sữa,Nội khoa,Exclude
239,02.0608.0311,2.608,Test kích thích với thức ăn,Nội khoa,Exclude
240,02.0609.0309,2.609,Test huyết thanh tự thân,Nội khoa,Exclude
241,02.0610.0308,2.610,Test hồi phục phế quản.,Nội khoa,Exclude
242,02.0611.0310,2.611,Test kích thích phế quản không đặc hiệu với Methacholine,Nội khoa,Exclude
243,02.0612.1794,2.612,Đo FeNO,Thăm dò chức năng,Exclude
244,02.0613.1796,2.613,"Đo phế dung kế - Spirometry (FVC, SVC, TLC)",Thăm dò chức năng,Exclude
245,02.0614.1796,2.614,Đo dung tích sống gắng sức - FVC,Thăm dò chức năng,Exclude
246,02.0616.1796,2.616,Đo thông khí tự nguyện tối đa - MVV,Thăm dò chức năng,Exclude
247,02.0617.1796,2.617,Đo áp suất tối đa hít vào/thở ra - MIP / MEP,Thăm dò chức năng,Exclude
248,02.0618.1795,2.618,Đo khuếch tán phổi - Diffusion Capacity,Thăm dò chức năng,Exclude
249,02.0619.1789,2.619,Đo các thể tích phổi - Lung Volumes,Thăm dò chức năng,Exclude
250,02.0620.1787,2.620,Đo biến đổi thể tích toàn thân - Body Plethysmography,Thăm dò chức năng,Exclude
251,02.0621.1531,2.621,Khí máu - điện giải trên máy I-STAT-1 - ABBOTT,Hóa sinh,Exclude
252,02.0622.1364,2.622,Tìm tế bào Hargraves,Huyết học,Exclude
253,02.0002.0071,2.2,Bơm rửa khoang màng phổi,Các thủ thuật và dịch vụ Nội soi,Exclude
254,02.0003.0073,2.3,Bơm streptokinase vào khoang màng phổi,Các thủ thuật và dịch vụ Nội soi,Exclude
255,02.0005.0081,2.5,Chọc dò trung thất dưới hướng dẫn của siêu âm,Các thủ thuật và dịch vụ Nội soi,Exclude
256,02.0006.0088,2.6,Chọc dò trung thất dưới hướng dẫn của chụp cắt lớp vi tính,Các thủ thuật và dịch vụ Nội soi,Exclude
257,02.0008.0078,2.8,Chọc tháo dịch màng phổi dưới hướng dẫn của siêu âm,Các thủ thuật và dịch vụ Nội soi,Exclude
258,02.0009.0077,2.9,Chọc dò dịch màng phổi,Các thủ thuật và dịch vụ Nội soi,Exclude
259,02.0011.0079,2.11,Chọc hút khí màng phổi,Các thủ thuật và dịch vụ Nội soi,Exclude
260,02.0012.0095,2.12,"Dẫn lưu màng phổi, ổ áp xe phổi dưới hướng dẫn của siêu âm",Các thủ thuật và dịch vụ Nội soi,Exclude
261,02.0013.0096,2.13,"Dẫn lưu màng phổi, ổ áp xe phổi dưới hướng dẫn của chụp cắt lớp vi tính",Các thủ thuật và dịch vụ Nội soi,Exclude
262,02.0015.0071,2.15,Đặt catheter qua màng nhẫn giáp lấy bệnh phẩm,Các thủ thuật và dịch vụ Nội soi,Exclude
263,02.0017.1888,2.17,Đặt nội khí quản 2 nòng,Các thủ thuật và dịch vụ Nội soi,Exclude
264,02.0018.1116,2.18,Điều trị bằng oxy cao áp,Bỏng,Exclude
265,02.0020.1816,2.20,Đo đa ký hô hấp,Thăm dò chức năng,Exclude
266,02.0023.1792,2.23,Đo đa ký giấc ngủ,Thăm dò chức năng,Exclude
267,02.0024.1791,2.24,Đo chức năng hô hấp,Thăm dò chức năng,Exclude
268,02.0025.0109,2.25,Gây dính màng phổi bằng thuốc/ hóa chất qua ống dẫn lưu màng phổi,Các thủ thuật và dịch vụ Nội soi,Exclude
269,02.0026.0111,2.26,Hút dẫn lưu khoang màng phổi bằng máy hút áp lực âm liên tục,Các thủ thuật và dịch vụ Nội soi,Exclude
270,02.0027.0129,2.27,Kỹ thuật đặt van một chiều nội phế quản,Các thủ thuật và dịch vụ Nội soi,Exclude
271,02.0032.0898,2.32,Khí dung thuốc giãn phế quản,Tai Mũi Họng,Exclude
272,02.0034.0061,2.34,"Nong khí quản, phế quản bằng nội soi ống cứng","Chụp cắt lớp vi tính, chụp mạch, cộng hưởng từ",Exclude
273,02.0036.0127,2.36,Nội soi phế quản dưới gây mê,Các thủ thuật và dịch vụ Nội soi,Exclude
274,02.0036.0128,2.36,Nội soi phế quản dưới gây mê,Các thủ thuật và dịch vụ Nội soi,Exclude
275,02.0036.0129,2.36,Nội soi phế quản dưới gây mê,Các thủ thuật và dịch vụ Nội soi,Exclude
276,02.0038.0125,2.38,"Nội soi màng phổi, sinh thiết màng phổi",Các thủ thuật và dịch vụ Nội soi,Exclude
277,02.0039.0124,2.39,"Nội soi màng phổi, gây dính bằng thuốc/ hóa chất",Các thủ thuật và dịch vụ Nội soi,Exclude
278,02.0040.0131,2.40,Nội soi phế quản sinh thiết xuyên vách phế quản,Các thủ thuật và dịch vụ Nội soi,Exclude
279,02.0041.0133,2.41,"Nội soi phế quản ống mềm: cắt đốt u, sẹo nội phế quản bằng điện đông cao tần",Các thủ thuật và dịch vụ Nội soi,Exclude
280,02.0042.0883,2.42,"Nội soi phế quản - đặt stent khí, phế quản",Tai Mũi Họng,Exclude
281,02.0042.0131,2.42,"Nội soi phế quản - đặt stent khí, phế quản",Các thủ thuật và dịch vụ Nội soi,Exclude
282,02.0043.0131,2.43,Nội soi phế quản ống mềm sinh thiết niêm mạc phế quản,Các thủ thuật và dịch vụ Nội soi,Exclude
283,02.0043.0127,2.43,Nội soi phế quản ống mềm sinh thiết niêm mạc phế quản,Các thủ thuật và dịch vụ Nội soi,Exclude
284,02.0044.0883,2.44,"Nội soi phế quản ống cứng cắt u trong lòng khí, phế quản bằng điện đông cao tần",Tai Mũi Họng,Exclude
285,02.0045.0130,2.45,Nội soi phế quản ống mềm,Các thủ thuật và dịch vụ Nội soi,Exclude
286,02.0045.0131,2.45,Nội soi phế quản ống mềm,Các thủ thuật và dịch vụ Nội soi,Exclude
287,02.0045.0132,2.45,Nội soi phế quản ống mềm,Các thủ thuật và dịch vụ Nội soi,Exclude
288,02.0045.0187,2.45,Nội soi phế quản ống mềm,Các thủ thuật và dịch vụ Nội soi,Exclude
289,02.0046.0132,2.46,Nội soi phế quản ống cứng,Các thủ thuật và dịch vụ Nội soi,Exclude
290,02.0046.0129,2.46,Nội soi phế quản ống cứng,Các thủ thuật và dịch vụ Nội soi,Exclude
291,02.0048.0131,2.48,Nội soi phế quản chải phế quản chẩn đoán,Các thủ thuật và dịch vụ Nội soi,Exclude
292,02.0048.0127,2.48,Nội soi phế quản chải phế quản chẩn đoán,Các thủ thuật và dịch vụ Nội soi,Exclude
293,02.0049.0130,2.49,Nội soi rửa phế quản phế nang chọn lọc,Các thủ thuật và dịch vụ Nội soi,Exclude
294,02.0049.0128,2.49,Nội soi rửa phế quản phế nang chọn lọc,Các thủ thuật và dịch vụ Nội soi,Exclude
295,02.0050.0132,2.50,"Nội soi phế quản lấy dị vật (ống cứng, ống mềm)",Các thủ thuật và dịch vụ Nội soi,Exclude
296,02.0050.0129,2.50,"Nội soi phế quản lấy dị vật (ống cứng, ống mềm)",Các thủ thuật và dịch vụ Nội soi,Exclude
297,02.0051.0118,2.51,Nội soi phế quản qua ống nội khí quản,Các thủ thuật và dịch vụ Nội soi,Exclude
298,02.0054.0118,2.54,Nội soi phế quản ống mềm ở người bệnh có thở máy,Các thủ thuật và dịch vụ Nội soi,Exclude
299,02.0058.0122,2.58,Nghiệm pháp hồi phục phế quản với thuốc giãn phế quản,Các thủ thuật và dịch vụ Nội soi,Exclude
300,02.0061.0164,2.61,"Rút ống dẫn lưu màng phổi, ống dẫn lưu ổ áp xe",Các thủ thuật và dịch vụ Nội soi,Exclude
301,02.0062.0161,2.62,Rửa phổi toàn bộ,Các thủ thuật và dịch vụ Nội soi,Exclude
302,02.0063.0001,2.63,Siêu âm màng phổi cấp cứu,Siêu âm,Exclude
303,02.0064.0175,2.64,Sinh thiết màng phổi mù,Các thủ thuật và dịch vụ Nội soi,Exclude
304,02.0065.0169,2.65,Sinh thiết u phổi dưới hướng dẫn của siêu âm,Các thủ thuật và dịch vụ Nội soi,Exclude
305,02.0066.0171,2.66,Sinh thiết u phổi dưới hướng dẫn của chụp cắt lớp vi tính,Các thủ thuật và dịch vụ Nội soi,Exclude
306,02.0067.0206,2.67,Thay canuyn mở khí quản,Các thủ thuật và dịch vụ Nội soi,Exclude
307,02.0068.0277,2.68,Vận động trị liệu hô hấp,Y học dân tộc và Phục hồi chức năng,Exclude
308,02.0069.0054,2.69,Bít lỗ thông liên nhĩ/liên thất/ống động mạch,"Chụp cắt lớp vi tính, chụp mạch, cộng hưởng từ",Exclude
309,02.0070.0054,2.70,Bít tiểu nhĩ trái bằng dụng cụ nhằm ngăn ngừa biến cố tắc mạch ở bệnh nhân rung nhĩ,"Chụp cắt lớp vi tính, chụp mạch, cộng hưởng từ",Exclude
310,02.0071.0391,2.71,Cấy máy tạo nhịp vĩnh viễn điều trị các rối loạn nhịp chậm,Ngoại khoa,Exclude
311,02.0072.0391,2.72,Cấy máy tạo nhịp vĩnh viễn điều trị tái đồng bộ tim (CRT),Ngoại khoa,Exclude
312,02.0073.0391,2.73,Cấy máy phá rung tự động (ICD),Ngoại khoa,Exclude
313,02.0074.0081,2.74,Chọc dò và dẫn lưu màng ngoài tim,Các thủ thuật và dịch vụ Nội soi,Exclude
314,02.0075.0081,2.75,Chọc dò màng ngoài tim,Các thủ thuật và dịch vụ Nội soi,Exclude
315,02.0076.0081,2.76,Dẫn lưu màng ngoài tim,Các thủ thuật và dịch vụ Nội soi,Exclude
316,02.0077.0391,2.77,Đặt máy tạo nhịp tạm thời với điện cực trong buồng tim,Ngoại khoa,Exclude
317,02.0078.0054,2.78,Đặt filter lọc máu tĩnh mạch chủ,"Chụp cắt lớp vi tính, chụp mạch, cộng hưởng từ",Exclude
318,02.0079.0054,2.79,Đặt dù lọc máu động mạch trong can thiệp nội mạch máu,"Chụp cắt lớp vi tính, chụp mạch, cộng hưởng từ",Exclude
319,02.0080.0054,2.80,Đặt stent ống động mạch,"Chụp cắt lớp vi tính, chụp mạch, cộng hưởng từ",Exclude
320,02.0081.0054,2.81,Đặt bóng đối xung động mạch chủ,"Chụp cắt lớp vi tính, chụp mạch, cộng hưởng từ",Exclude
321,02.0082.0055,2.82,Đặt stent phình động mạch chủ,"Chụp cắt lớp vi tính, chụp mạch, cộng hưởng từ",Exclude
322,02.0083.0055,2.83,Đặt stent hẹp động mạch chủ,"Chụp cắt lớp vi tính, chụp mạch, cộng hưởng từ",Exclude
323,02.0084.0054,2.84,Đặt coil bít ống động mạch,"Chụp cắt lớp vi tính, chụp mạch, cộng hưởng từ",Exclude
324,02.0085.1778,2.85,Điện tim thường,Thăm dò chức năng,Exclude
325,02.0086.0106,2.86,Điều trị rối loạn nhịp tim bằng sóng tần số radio,Các thủ thuật và dịch vụ Nội soi,Exclude
326,02.0087.0106,2.87,Điều trị rung nhĩ bằng năng lượng sóng tần số radio sử dụng hệ thống lập bản đồ ba chiều giải phẫu - điện học các buồng tim,Các thủ thuật và dịch vụ Nội soi,Exclude
327,02.0088.0107,2.88,Điều trị suy tĩnh mạch bằng Laser nội mạch,Các thủ thuật và dịch vụ Nội soi,Exclude
328,02.0089.0108,2.89,Điều trị suy tĩnh mạch bằng năng lượng sóng tần số radio,Các thủ thuật và dịch vụ Nội soi,Exclude
329,02.0090.0054,2.90,Điều trị bằng tế bào gốc ở bệnh nhân sau nhồi máu cơ tim cấp,"Chụp cắt lớp vi tính, chụp mạch, cộng hưởng từ",Exclude
330,02.0092.0054,2.92,"Đóng các lỗ rò động mạch, tĩnh mạch","Chụp cắt lớp vi tính, chụp mạch, cộng hưởng từ",Exclude
331,02.0093.0319,2.93,"Gây xơ tĩnh mạch điều trị suy, giãn tĩnh mạch mãn tính",Nội khoa,Exclude
332,02.0094.0321,2.94,Ghi điện tim qua chuyển đạo thực quản,Nội khoa,Exclude
333,02.0095.1798,2.95,Holter điện tâm đồ,Thăm dò chức năng,Exclude
334,02.0096.1798,2.96,Holter huyết áp,Thăm dò chức năng,Exclude
335,02.0098.0391,2.98,Kích thích tim vượt tần số điều trị loạn nhịp,Ngoại khoa,Exclude
336,02.0099.0054,2.99,Khoan các tổn thương vôi hóa ở động mạch,"Chụp cắt lớp vi tính, chụp mạch, cộng hưởng từ",Exclude
337,02.0100.0069,2.100,Lập trình máy tạo nhịp tim,Một số kỹ thuật chẩn đoán hình ảnh khác,Exclude
338,02.0101.0054,2.101,Nong và đặt stent động mạch vành,"Chụp cắt lớp vi tính, chụp mạch, cộng hưởng từ",Exclude
339,02.0102.0054,2.102,Nong và đặt stent các động mạch khác,"Chụp cắt lớp vi tính, chụp mạch, cộng hưởng từ",Exclude
340,02.0103.0054,2.103,Nong hẹp van 2 lá bằng bóng 1noue,"Chụp cắt lớp vi tính, chụp mạch, cộng hưởng từ",Exclude
341,02.0104.0054,2.104,Nong van động mạch chủ,"Chụp cắt lớp vi tính, chụp mạch, cộng hưởng từ",Exclude
342,02.0105.0054,2.105,Nong hẹp eo động mạch chủ,"Chụp cắt lớp vi tính, chụp mạch, cộng hưởng từ",Exclude
343,02.0106.0054,2.106,Nong van động mạch phổi,"Chụp cắt lớp vi tính, chụp mạch, cộng hưởng từ",Exclude
344,02.0107.0054,2.107,Nong màng ngoài tim bằng bóng trong điều trị tràn dịch màng ngoài tim mạn tính,"Chụp cắt lớp vi tính, chụp mạch, cộng hưởng từ",Exclude
345,02.0108.0055,2.108,Nong hẹp eo động mạch chủ + đặt stent,"Chụp cắt lớp vi tính, chụp mạch, cộng hưởng từ",Exclude
346,02.0109.1779,2.109,Nghiệm pháp gắng sức điện tâm đồ,Thăm dò chức năng,Exclude
347,02.0110.1798,2.110,Nghiệm pháp bàn nghiêng,Thăm dò chức năng,Exclude
348,02.0111.1798,2.111,Nghiệm pháp Atropin,Thăm dò chức năng,Exclude
349,02.0112.0004,2.112,Siêu âm Doppler mạch máu,Siêu âm,Exclude
350,02.0113.0004,2.113,Siêu âm Doppler tim,Siêu âm,Exclude
351,02.0114.0006,2.114,"Siêu âm tim gắng sức (thảm chạy, thuốc)",Siêu âm,Exclude
352,02.0115.0005,2.115,Siêu âm tim cản âm,Siêu âm,Exclude
353,02.0116.0007,2.116,Siêu âm tim 4D,Siêu âm,Exclude
354,02.0117.0008,2.117,Siêu âm tim qua thực quản,Siêu âm,Exclude
355,02.0118.0009,2.118,Siêu âm trong lòng mạch vành (iVUS),Siêu âm,Exclude
356,02.0119.0004,2.119,Siêu âm tim cấp cứu tại giường,Siêu âm,Exclude
357,02.0120.0192,2.120,Sốc điện điều trị rung nhĩ,,Exclude
358,02.0121.0320,2.121,Sốc điện điều trị các rối loạn nhịp nhanh,Nội khoa,Exclude
359,02.0122.0054,2.122,Thay van động mạch chủ qua da,"Chụp cắt lớp vi tính, chụp mạch, cộng hưởng từ",Exclude
360,02.0123.1816,2.123,Thăm dò điện sinh lý tim,Thăm dò chức năng,Exclude
361,02.0125.0053,2.125,Thông tim chẩn đoán (Dưới DSA),"Chụp cắt lớp vi tính, chụp mạch, cộng hưởng từ",Exclude
362,02.0126.0053,2.126,Thông tim và chụp buồng tim cản quang,"Chụp cắt lớp vi tính, chụp mạch, cộng hưởng từ",Exclude
363,02.0127.0054,2.127,Triệt đốt thần kinh giao cảm động mạch thận bằng năng lượng sóng tần số radio qua đường ống thông trong điều trị tăng huyết áp kháng trị,"Chụp cắt lớp vi tính, chụp mạch, cộng hưởng từ",Exclude
364,02.0129.0083,2.129,Chọc dò dịch não tuỷ,Các thủ thuật và dịch vụ Nội soi,Exclude
365,02.0132.0274,2.132,"Điều trị chứng vẹo cổ bằng tiêm Botulinum Toxin A (Dysport, Botox…)",Y học dân tộc và Phục hồi chức năng,Exclude
366,02.0133.0274,2.133,"Điều trị chứng co thắt nửa mặt bằng tiêm Botulinum Toxin A (Dysport, Botox,…)",Y học dân tộc và Phục hồi chức năng,Exclude
367,02.0139.0274,2.139,"Điều trị chứng giật cơ mi mắt bằng tiêm Botulinum Toxin A (Dysport, Botox,…)",Y học dân tộc và Phục hồi chức năng,Exclude
368,02.0142.1775,2.142,Đo tốc độ phản xạ Hoffmann và sóng F của thần kinh ngoại vi bằng điện cơ,Thăm dò chức năng,Exclude
369,02.0143.1775,2.143,Đo điện thế kích thích bằng điện cơ,Thăm dò chức năng,Exclude
370,02.0144.1775,2.144,Ghi điện cơ cấp cứu,Thăm dò chức năng,Exclude
371,02.0145.1777,2.145,Ghi điện não thường quy,Thăm dò chức năng,Exclude
372,02.0148.1775,2.148,Ghi điện cơ bằng điện cực kim,Thăm dò chức năng,Exclude
373,02.0150.0114,2.150,Hút đờm hầu họng,Các thủ thuật và dịch vụ Nội soi,Exclude
374,02.0153.0004,2.153,Siêu âm Doppler xuyên sọ,Siêu âm,Exclude
375,02.0154.0004,2.154,Siêu âm Doppler xuyên sọ cấp cứu tại giường,Siêu âm,Exclude
376,02.0156.0849,2.156,Soi đáy mắt cấp cứu tại giường,Mắt,Exclude
377,02.0159.1775,2.159,Test chẩn đoán nhược cơ bằng điện sinh lý,Thăm dò chức năng,Exclude
378,02.0160.1777,2.160,Test chẩn đoán chết não bằng điện não đồ,Thăm dò chức năng,Exclude
379,02.0163.0203,2.163,Thay băng các vết loét hoại tử rộng sau TBMMN,Các thủ thuật và dịch vụ Nội soi,Exclude
380,02.0166.0283,2.166,Xoa bóp phòng chống loét trong các bệnh thần kinh (một ngày),Y học dân tộc và Phục hồi chức năng,Exclude
381,02.0174.0121,2.174,Chọc hút dịch nang thận có tiêm cồn tuyệt đối dưới hướng dẫn của siêu âm,Các thủ thuật và dịch vụ Nội soi,Exclude
382,02.0175.0121,2.175,Chọc hút dịch quanh thận dưới hướng dẫn của siêu âm,Các thủ thuật và dịch vụ Nội soi,Exclude
383,02.0176.0121,2.176,Chọc hút dịch nang thận dưới hướng dẫn của siêu âm,Các thủ thuật và dịch vụ Nội soi,Exclude
384,02.0177.0086,2.177,Chọc hút nước tiểu trên xương mu,Các thủ thuật và dịch vụ Nội soi,Exclude
385,02.0178.0022,2.178,Chụp bàng quang chẩn đoán trào ngược bàng quang niệu quản,Chụp X-quang thường,Exclude
386,02.0180.0099,2.180,Dẫn lưu dịch quanh thận dưới siêu âm,Các thủ thuật và dịch vụ Nội soi,Exclude
387,02.0181.0165,2.181,Dẫn lưu nang thận dưới hướng dẫn siêu âm,Các thủ thuật và dịch vụ Nội soi,Exclude
388,02.0182.0165,2.182,Dẫn lưu bể thận qua da dưới hướng dẫn của siêu âm,Các thủ thuật và dịch vụ Nội soi,Exclude
389,02.0183.0100,2.183,Đặt catheter tĩnh mạch cảnh để lọc máu cấp cứu,Các thủ thuật và dịch vụ Nội soi,Exclude
390,02.0184.0102,2.184,"Đặt catheter hai nòng có cuff, tạo đường hầm để lọc máu",Các thủ thuật và dịch vụ Nội soi,Exclude
391,02.0185.0101,2.185,Đặt catheter hai nòng tĩnh mạch cảnh trong để lọc máu,Các thủ thuật và dịch vụ Nội soi,Exclude
392,02.0186.0101,2.186,Đặt catheter hai nòng tĩnh mạch dưới đòn để lọc máu,Các thủ thuật và dịch vụ Nội soi,Exclude
393,02.0188.0210,2.188,Đặt sonde bàng quang,Các thủ thuật và dịch vụ Nội soi,Exclude
394,02.0190.0104,2.190,Đặt ống thông niệu quản qua nội soi (sond JJ),Các thủ thuật và dịch vụ Nội soi,Exclude
395,02.0192.0430,2.192,Điều trị phì đại tuyến tiền liệt bằng kỹ thuật laser phóng bên,Ngoại khoa,Exclude
396,02.0200.1782,2.200,Đo áp lực thẩm thấu niệu,Thăm dò chức năng,Exclude
397,02.0201.0155,2.201,Kỹ thuật tạo đường hầm trên cầu nối (AVF) để sử dụng kim đầu tù trong lọc máu (Kỹ thuật Button hole),Các thủ thuật và dịch vụ Nội soi,Exclude
398,02.0202.0115,2.202,Lấy sỏi niệu quản qua nội soi,Các thủ thuật và dịch vụ Nội soi,Exclude
399,02.0203.0116,2.203,Lọc màng bụng cấp cứu liên tục 24h,Các thủ thuật và dịch vụ Nội soi,Exclude
400,02.0204.0116,2.204,Lọc màng bụng chu kỳ (CAPD),Các thủ thuật và dịch vụ Nội soi,Exclude
401,02.0205.0119,2.205,Lọc huyết tương (Plasmapheresis),Các thủ thuật và dịch vụ Nội soi,Exclude
402,02.0206.0117,2.206,Lọc màng bụng liên tục 24 h bằng máy,Các thủ thuật và dịch vụ Nội soi,Exclude
403,02.0207.0119,2.207,Lọc huyết tương sử dụng 2 quả lọc trong Lupus,Các thủ thuật và dịch vụ Nội soi,Exclude
404,02.0208.0119,2.208,Lọc huyết tương sử dụng 2 quả lọc (quả lọc kép),Các thủ thuật và dịch vụ Nội soi,Exclude
405,02.0209.0194,2.209,Lọc máu bằng kỹ thuật thẩm tách siêu lọc dịch bù trực tiếp từ dịch lọc (Hemodiafiltration Online: HDF-Online) (Hoặc: Thẩm tách siêu lọc máu (HDF-Online)),Các thủ thuật và dịch vụ Nội soi,Exclude
406,02.0211.0156,2.211,Nong niệu đạo và đặt sonde đái,Các thủ thuật và dịch vụ Nội soi,Exclude
407,02.0212.0150,2.212,Nội soi bàng quang chẩn đoán (Nội soi bàng quang không sinh thiết),Các thủ thuật và dịch vụ Nội soi,Exclude
408,02.0213.0148,2.213,Nội soi niệu quản chẩn đoán,Các thủ thuật và dịch vụ Nội soi,Exclude
409,02.0214.0072,2.214,Nội soi bơm rửa niệu quản sau tán sỏi ngoài cơ thể,Các thủ thuật và dịch vụ Nội soi,Exclude
410,02.0215.0149,2.215,Nội soi bàng quang để sinh thiết bàng quang đa điểm,Các thủ thuật và dịch vụ Nội soi,Exclude
411,02.0216.0152,2.216,Nội soi bàng quang gắp dị vật bàng quang,Các thủ thuật và dịch vụ Nội soi,Exclude
412,02.0217.0183,2.217,Nội soi đặt catherter bàng quang niệu quản để chụp UPR,Các thủ thuật và dịch vụ Nội soi,Exclude
413,02.0218.0152,2.218,"Nội soi bơm rửa bàng quang, lấy máu cục",Các thủ thuật và dịch vụ Nội soi,Exclude
414,02.0219.0150,2.219,"Nội soi bơm rửa bàng quang, bơm hoá chất",Các thủ thuật và dịch vụ Nội soi,Exclude
415,02.0220.0440,2.220,"Nội soi tán sỏi niệu quản (búa khí nén, siêu âm, laser).",Ngoại khoa,Exclude
416,02.0221.0150,2.221,Nội soi bàng quang,Các thủ thuật và dịch vụ Nội soi,Exclude
417,02.0222.0152,2.222,"Nội soi bàng quang, lấy dị vật, sỏi",Các thủ thuật và dịch vụ Nội soi,Exclude
418,02.0223.0155,2.223,Nối thông động- tĩnh mạch,Các thủ thuật và dịch vụ Nội soi,Exclude
419,02.0224.0153,2.224,Nối thông động- tĩnh mạch có dịch chuyển mạch,Các thủ thuật và dịch vụ Nội soi,Exclude
420,02.0225.0154,2.225,Nối thông động- tĩnh mạch sử dụng mạch nhân tạo,Các thủ thuật và dịch vụ Nội soi,Exclude
421,02.0226.2038,2.226,Phối hợp thận nhân tạo (HD) và hấp thụ máu (HP) bằng quả hấp phụ máu HA 130,Các thủ thuật và dịch vụ Nội soi,Exclude
422,02.0227.0164,2.227,Rút sonde dẫn lưu bể thận qua da,Các thủ thuật và dịch vụ Nội soi,Exclude
423,02.0228.0164,2.228,Rút sonde dẫn lưu tụ dịch- máu quanh thận,Các thủ thuật và dịch vụ Nội soi,Exclude
424,02.0229.0152,2.229,Rút sonde jj qua đường nội soi bàng quang,Các thủ thuật và dịch vụ Nội soi,Exclude
425,02.0230.0152,2.230,Rút sonde modelage qua đường nội soi bàng quang,Các thủ thuật và dịch vụ Nội soi,Exclude
426,02.0231.0164,2.231,Rút catheter đường hầm,Các thủ thuật và dịch vụ Nội soi,Exclude
427,02.0232.0158,2.232,Rửa bàng quang lấy máu cục,Các thủ thuật và dịch vụ Nội soi,Exclude
428,02.0233.0158,2.233,Rửa bàng quang,Các thủ thuật và dịch vụ Nội soi,Exclude
429,02.0234.0118,2.234,Siêu lọc máu chậm liên tục (SCUF),Các thủ thuật và dịch vụ Nội soi,Exclude
430,02.0235.0118,2.235,Siêu lọc máu liên tục cấp cứu (SCUF) cho người bệnh quá tải thể tích.,Các thủ thuật và dịch vụ Nội soi,Exclude
431,02.0236.0169,2.236,Sinh thiết thận dưới hướng dẫn của siêu âm,Các thủ thuật và dịch vụ Nội soi,Exclude
432,02.0237.0169,2.237,Sinh thiết thận ghép sau ghép thận dưới hướng dẫn của siêu âm,Các thủ thuật và dịch vụ Nội soi,Exclude
433,02.0238.0439,2.238,Tán sỏi ngoài cơ thể định vị bằng X quang hoặc siêu âm,Ngoại khoa,Exclude
434,02.0239.0119,2.239,Thay huyết tương trong lupus ban đỏ rải rác,Các thủ thuật và dịch vụ Nội soi,Exclude
435,02.0240.0208,2.240,Thay transfer set ở bệnh nhân lọc màng bụng liên tục ngoại trú,Các thủ thuật và dịch vụ Nội soi,Exclude
436,02.0242.0077,2.242,Chọc dò dịch ổ bụng xét nghiệm,Các thủ thuật và dịch vụ Nội soi,Exclude
437,02.0243.0078,2.243,Chọc tháo dịch ổ bụng điều trị,Các thủ thuật và dịch vụ Nội soi,Exclude
438,02.0243.0077,2.243,Chọc tháo dịch ổ bụng điều trị,Các thủ thuật và dịch vụ Nội soi,Exclude
439,02.0244.0103,2.244,Đặt ống thông dạ dày,Các thủ thuật và dịch vụ Nội soi,Exclude
440,02.0247.0211,2.247,Đặt ống thông hậu môn,Các thủ thuật và dịch vụ Nội soi,Exclude
441,02.0248.0499,2.248,"Đặt dẫn lưu đường mật, đặt stent đường mật qua da dưới hướng dẫn của siêu âm C- ARM",Ngoại khoa,Exclude
442,02.0252.0502,2.252,Mở thông dạ dày bằng nội soi,Ngoại khoa,Exclude
443,02.0253.0135,2.253,Nội soi thực quản - Dạ dày - Tá tràng cấp cứu,Các thủ thuật và dịch vụ Nội soi,Exclude
444,02.0255.0319,2.255,Nội soi thực quản - Dạ dày - Tá tràng qua đường mũi,Nội khoa,Exclude
445,02.0256.0139,2.256,Nội soi trực tràng ống mềm,Các thủ thuật và dịch vụ Nội soi,Exclude
446,02.0257.0139,2.257,Nội soi trực tràng ống mềm cấp cứu,Các thủ thuật và dịch vụ Nội soi,Exclude
447,02.0259.0137,2.259,Nội soi đại trực tràng toàn bộ ống mềm không sinh thiết,Các thủ thuật và dịch vụ Nội soi,Exclude
448,02.0261.0319,2.261,Nội soi đại trực tràng toàn bộ ống mềm có dùng thuốc gây mê,Nội khoa,Exclude
449,02.0262.0136,2.262,Nội soi đại trực tràng toàn bộ ống mềm có sinh thiết,Các thủ thuật và dịch vụ Nội soi,Exclude
450,02.0263.0141,2.263,Nội soi mật tụy ngược dòng can thiệp - Đặt stent đường mật - tụy,Các thủ thuật và dịch vụ Nội soi,Exclude
451,02.0264.0140,2.264,Nội soi can thiệp - tiêm xơ búi giãn tĩnh mạch thực quản,Các thủ thuật và dịch vụ Nội soi,Exclude
452,02.0265.0140,2.265,Nội soi can thiệp - thắt búi giãn tĩnh mạch thực quản bằng vòng cao su,Các thủ thuật và dịch vụ Nội soi,Exclude
453,02.0266.0157,2.266,Nội soi can thiệp - Nong thực quản bằng bóng,Các thủ thuật và dịch vụ Nội soi,Exclude
454,02.0267.0140,2.267,Nội soi can thiệp - cắt gắp bã thức ăn dạ dày,Các thủ thuật và dịch vụ Nội soi,Exclude
455,02.0269.0318,2.269,Nội soi can thiệp - đặt dẫn lưu nang giả tụy vào dạ dày,Nội khoa,Exclude
456,02.0271.0140,2.271,Nội soi can thiệp - tiêm cầm máu,Các thủ thuật và dịch vụ Nội soi,Exclude
457,02.0272.2044,2.272,Nội soi can thiệp - làm Clo test chẩn đoán nhiễm H.Pylori,Các thủ thuật và dịch vụ Nội soi,Exclude
458,02.0273.0191,2.273,Nội soi hậu môn ống cứng can thiệp - tiêm xơ búi trĩ,Các thủ thuật và dịch vụ Nội soi,Exclude
459,02.0274.0141,2.274,Nội soi mật tụy ngược dòng can thiệp - nong đường mật bằng bóng,Các thủ thuật và dịch vụ Nội soi,Exclude
460,02.0275.0141,2.275,"Nội soi mật tụy ngược dòng can thiệp - lấy sỏi đường, giun đường mật",Các thủ thuật và dịch vụ Nội soi,Exclude
461,02.0276.0140,2.276,Nội soi can thiệp - cầm máu ống tiêu hóa bằng laser argon,Các thủ thuật và dịch vụ Nội soi,Exclude
462,02.0277.0502,2.277,Nội soi can thiệp - mở thông dạ dày,Ngoại khoa,Exclude
463,02.0278.0318,2.278,Nội soi ruột non bóng kép (Double Baloon Endoscopy),Nội khoa,Exclude
464,02.0279.0318,2.279,Nội soi ruột non bóng đơn (Single Baloon Endoscopy),Nội khoa,Exclude
465,02.0281.0146,2.281,"Nội soi siêu âm can thiệp - chọc hút tế bào khối u gan, tụy, u ổ bụng bằng kim nhỏ",Các thủ thuật và dịch vụ Nội soi,Exclude
466,02.0282.0318,2.282,Nội soi can thiệp - đặt stent ống tiêu hóa,Nội khoa,Exclude
467,02.0283.0141,2.283,Nội soi mật tụy ngược dòng - (ERCP),Các thủ thuật và dịch vụ Nội soi,Exclude
468,02.0284.0141,2.284,Nội soi mật tụy ngược dòng can thiệp - cắt cơ oddi,Các thủ thuật và dịch vụ Nội soi,Exclude
469,02.0285.0140,2.285,Nội soi can thiệp - kẹp Clip cầm màu,Các thủ thuật và dịch vụ Nội soi,Exclude
470,02.0286.0497,2.286,Nội soi can thiệp - cắt hớt niêm mạc ống tiêu hóa điều trị ung thư sớm,Ngoại khoa,Exclude
471,02.0288.0142,2.288,Nội soi ổ bụng,Các thủ thuật và dịch vụ Nội soi,Exclude
472,02.0289.0143,2.289,Nội soi ổ bụng có sinh thiết,Các thủ thuật và dịch vụ Nội soi,Exclude
473,02.0290.0500,2.290,"Nội soi can thiệp - gắp giun, dị vật ống tiêu hóa",Ngoại khoa,Exclude
474,02.0291.0145,2.291,Nội soi siêu âm đường tiêu hóa trên,Các thủ thuật và dịch vụ Nội soi,Exclude
475,02.0292.0191,2.292,Nội soi hậu môn ống cứng can thiệp - thắt trĩ bằng vòng cao su,Các thủ thuật và dịch vụ Nội soi,Exclude
476,02.0293.0138,2.293,Nội soi trực tràng toàn bộ có sinh thiết,Các thủ thuật và dịch vụ Nội soi,Exclude
477,02.0294.0137,2.294,Nội soi đại trực tràng toàn bộ can thiệp cấp cứu,Các thủ thuật và dịch vụ Nội soi,Exclude
478,02.0295.0498,2.295,Nội soi can thiệp - cắt 1 polyp ống tiêu hóa < 1cm,Ngoại khoa,Exclude
479,02.0296.0500,2.296,Nội soi can thiệp - cắt polyp ống tiêu hóa > 1cm hoặc nhiều polyp,Ngoại khoa,Exclude
480,02.0297.0506,2.297,Nội soi hậu môn ống cứng,Ngoại khoa,Exclude
481,02.0298.0140,2.298,Nội soi can thiệp - tiêm Histoacryl búi giãn tĩnh mạch phình vị,Các thủ thuật và dịch vụ Nội soi,Exclude
482,02.0303.0145,2.303,Nội soi siêu âm trực tràng,Các thủ thuật và dịch vụ Nội soi,Exclude
483,02.0304.0134,2.304,Nội soi thực quản - dạ dày - tá tràng có sinh thiết,Các thủ thuật và dịch vụ Nội soi,Exclude
484,02.0305.0135,2.305,Nội soi thực quản - dạ dày - tá tràng không sinh thiết,Các thủ thuật và dịch vụ Nội soi,Exclude
485,02.0306.0137,2.306,Nội soi đại tràng sigma không sinh thiết,Các thủ thuật và dịch vụ Nội soi,Exclude
486,02.0307.0136,2.307,Nội soi đại tràng sigma ổ có sinh thiết,Các thủ thuật và dịch vụ Nội soi,Exclude
487,02.0308.0139,2.308,Nội soi trực tràng ống mềm không sinh thiết,Các thủ thuật và dịch vụ Nội soi,Exclude
488,02.0309.0138,2.309,Nội soi trực tràng ống mềm có sinh thiết,Các thủ thuật và dịch vụ Nội soi,Exclude
489,02.0310.0506,2.310,Nội soi trực tràng ống cứng không sinh thiết,Ngoại khoa,Exclude
490,02.0311.0139,2.311,Nội soi trực tràng ống cứng có sinh thiết,Các thủ thuật và dịch vụ Nội soi,Exclude
491,02.0312.0146,2.312,Nội soi siêu âm dẫn lưu nang tụy,Các thủ thuật và dịch vụ Nội soi,Exclude
492,02.0313.0159,2.313,Rửa dạ dày cấp cứu,Các thủ thuật và dịch vụ Nội soi,Exclude
493,02.0314.0001,2.314,Siêu âm ổ bụng,Siêu âm,Exclude
494,02.0315.0004,2.315,Siêu âm Doppler mạch máu khối u gan,Siêu âm,Exclude
495,02.0316.0004,2.316,Siêu âm Doppler mạch máu hệ tĩnh mạch cửa hoặc mạch máu ổ bụng,Siêu âm,Exclude
496,02.0317.0165,2.317,Siêu âm can thiệp - Đặt ống thông dẫn lưu ổ áp xe,Các thủ thuật và dịch vụ Nội soi,Exclude
497,02.0318.0166,2.318,Siêu âm can thiệp - chọc hút nang gan,Các thủ thuật và dịch vụ Nội soi,Exclude
498,02.0319.0166,2.319,"Siêu âm can thiệp - Chọc hút tế bào khối u gan, tụy, khối u ổ bụng bằng kim nhỏ",Các thủ thuật và dịch vụ Nội soi,Exclude
499,02.0320.0166,2.320,Siêu âm can thiệp - Chọc hút và tiêm thuốc điều trị nang gan,Các thủ thuật và dịch vụ Nội soi,Exclude
500,02.0321.0499,2.321,"Siêu âm can thiệp - Đặt dẫn lưu đường mật, đặt stent đường mật qua da",Ngoại khoa,Exclude
501,02.0322.0078,2.322,Siêu âm can thiệp - Chọc dịch ổ bụng xét nghiệm,Các thủ thuật và dịch vụ Nội soi,Exclude
502,02.0323.0319,2.323,Siêu âm can thiệp - Đặt ống thông đường mật qua da để chụp đường mật có phối hợp dưới C-ARM,Nội khoa,Exclude
503,02.0324.0166,2.324,Siêu âm can thiệp - tiêm cồn tuyệt đối điều trị ung thư gan,Các thủ thuật và dịch vụ Nội soi,Exclude
504,02.0325.0166,2.325,Siêu âm can thiệp - chọc hút mủ ổ áp xe gan,Các thủ thuật và dịch vụ Nội soi,Exclude
505,02.0326.0165,2.326,Siêu âm can thiệp - đặt ống thông dẫn lưu ổ áp xe gan,Các thủ thuật và dịch vụ Nội soi,Exclude
506,02.0329.0166,2.329,Siêu âm can thiệp - chọc hút nang giả tụy,Các thủ thuật và dịch vụ Nội soi,Exclude
507,02.0330.0166,2.330,Siêu âm can thiệp - đặt ống thông dẫn lưu nang giả tụy,Các thủ thuật và dịch vụ Nội soi,Exclude
508,02.0331.0063,2.331,Siêu âm can thiệp - điều trị sóng cao tần khối ung thư gan bằng kimm chùm Leveen,"Chụp cắt lớp vi tính, chụp mạch, cộng hưởng từ",Exclude
509,02.0332.0063,2.332,Siêu âm can thiệp - điều trị sóng cao tần khối ung thư gan bằng kim đơn cực,"Chụp cắt lớp vi tính, chụp mạch, cộng hưởng từ",Exclude
510,02.0333.0078,2.333,Siêu âm can thiệp - đặt ống thông dẫn lưu dịch màng bụng liên tục,Các thủ thuật và dịch vụ Nội soi,Exclude
511,02.0334.0166,2.334,Siêu âm can thiệp - chọc hút ổ áp xe trong ổ bụng,Các thủ thuật và dịch vụ Nội soi,Exclude
512,02.0336.1664,2.336,Test nhanh tìm hồng cầu ẩn trong phân,Vi sinh,Exclude
513,02.0338.0211,2.338,Thụt tháo chuẩn bị sạch đại tràng,Các thủ thuật và dịch vụ Nội soi,Exclude
514,02.0339.0211,2.339,Thụt tháo phân,Các thủ thuật và dịch vụ Nội soi,Exclude
515,02.0340.0086,2.340,Chọc hút tế bào cơ bằng kim nhỏ,Các thủ thuật và dịch vụ Nội soi,Exclude
516,02.0341.0086,2.341,Chọc hút tế bào xương bằng kim nhỏ,Các thủ thuật và dịch vụ Nội soi,Exclude
517,02.0342.0086,2.342,Chọc hút tế bào phần mềm bằng kim nhỏ,Các thủ thuật và dịch vụ Nội soi,Exclude
518,02.0343.0087,2.343,Chọc hút tế bào phần mềm dưới hướng dẫn của siêu âm,Các thủ thuật và dịch vụ Nội soi,Exclude
519,02.0344.0087,2.344,Chọc hút tế bào hạch dưới hướng dẫn của siêu âm,Các thủ thuật và dịch vụ Nội soi,Exclude
520,02.0345.0087,2.345,Chọc hút tế bào cơ dưới hướng dẫn của siêu âm,Các thủ thuật và dịch vụ Nội soi,Exclude
521,02.0346.0087,2.346,Chọc hút tế bào xương dưới hướng dẫn của siêu âm,Các thủ thuật và dịch vụ Nội soi,Exclude
522,02.0347.0087,2.347,Chọc hút tế bào khối u dưới hướng dẫn của siêu âm,Các thủ thuật và dịch vụ Nội soi,Exclude
523,02.0348.1289,2.348,Đo độ nhớt dịch khớp,Huyết học,Exclude
524,02.0349.0112,2.349,Hút dịch khớp gối,Các thủ thuật và dịch vụ Nội soi,Exclude
525,02.0350.0113,2.350,Hút dịch khớp gối dưới hướng dẫn của siêu âm,Các thủ thuật và dịch vụ Nội soi,Exclude
526,02.0351.0112,2.351,Hút dịch khớp háng,Các thủ thuật và dịch vụ Nội soi,Exclude
527,02.0352.0113,2.352,Hút dịch khớp háng dưới hướng dẫn của siêu âm,Các thủ thuật và dịch vụ Nội soi,Exclude
528,02.0353.0112,2.353,Hút dịch khớp khuỷu,Các thủ thuật và dịch vụ Nội soi,Exclude
529,02.0354.0113,2.354,Hút dịch khớp khuỷu dưới hướng dẫn của siêu âm,Các thủ thuật và dịch vụ Nội soi,Exclude
530,02.0355.0112,2.355,Hút dịch khớp cổ chân,Các thủ thuật và dịch vụ Nội soi,Exclude
531,02.0356.0113,2.356,Hút dịch khớp cổ chân dưới hướng dẫn của siêu âm,Các thủ thuật và dịch vụ Nội soi,Exclude
532,02.0357.0112,2.357,Hút dịch khớp cổ tay,Các thủ thuật và dịch vụ Nội soi,Exclude
533,02.0358.0113,2.358,Hút dịch khớp cổ tay dưới hướng dẫn của siêu âm,Các thủ thuật và dịch vụ Nội soi,Exclude
534,02.0359.0112,2.359,Hút dịch khớp vai,Các thủ thuật và dịch vụ Nội soi,Exclude
535,02.0360.0113,2.360,Hút dịch khớp vai dưới hướng dẫn của siêu âm,Các thủ thuật và dịch vụ Nội soi,Exclude
536,02.0361.0112,2.361,Hút nang bao hoạt dịch,Các thủ thuật và dịch vụ Nội soi,Exclude
537,02.0362.0113,2.362,Hút nang bao hoạt dịch dưới hướng dẫn của siêu âm,Các thủ thuật và dịch vụ Nội soi,Exclude
538,02.0363.0086,2.363,Hút ổ viêm/ áp xe phần mềm,Các thủ thuật và dịch vụ Nội soi,Exclude
539,02.0364.0087,2.364,Hút ổ viêm/ áp xe phần mềm dưới hướng dẫn của siêu âm,Các thủ thuật và dịch vụ Nội soi,Exclude
540,02.0365.0541,2.365,Nội soi khớp gối chẩn đoán (có sinh thiết),Ngoại khoa,Exclude
541,02.0366.0146,2.366,Nội soi khớp gối điều trị rửa khớp,Các thủ thuật và dịch vụ Nội soi,Exclude
542,02.0367.0146,2.367,Nội soi khớp gối điều trị bào khớp,Các thủ thuật và dịch vụ Nội soi,Exclude
543,02.0368.0146,2.368,Nội soi khớp gối điều trị nội soi kết hợp mở tối thiểu ổ khớp lấy dị vật,Các thủ thuật và dịch vụ Nội soi,Exclude
544,02.0369.0185,2.369,Nội soi khớp vai chẩn đoán (có sinh thiết),Các thủ thuật và dịch vụ Nội soi,Exclude
545,02.0370.0146,2.370,Nội soi khớp vai điều trị rửa khớp,Các thủ thuật và dịch vụ Nội soi,Exclude
546,02.0371.0146,2.371,Nội soi khớp vai điều trị bào khớp,Các thủ thuật và dịch vụ Nội soi,Exclude
547,02.0372.0146,2.372,Nội soi khớp vai điều trị lấy dị vật,Các thủ thuật và dịch vụ Nội soi,Exclude
548,02.0373.0001,2.373,Siêu âm khớp (một vị trí),Siêu âm,Exclude
549,02.0374.0001,2.374,Siêu âm phần mềm (một vị trí),Siêu âm,Exclude
550,02.0375.0168,2.375,Sinh thiết tuyến nứớc bọt,Các thủ thuật và dịch vụ Nội soi,Exclude
551,02.0376.0168,2.376,Sinh thiết phần mềm bằng súng Fast Gun dưới hướng dẫn của siêu âm,Các thủ thuật và dịch vụ Nội soi,Exclude
552,02.0377.0170,2.377,Sinh thiết phần mềm bằng kim bắn dưới hướng dẫn của siêu âm,Các thủ thuật và dịch vụ Nội soi,Exclude
553,02.0378.0174,2.378,Sinh thiết màng hoạt dịch dưới hướng dẫn của siêu âm,Các thủ thuật và dịch vụ Nội soi,Exclude
554,02.0379.0170,2.379,Sinh thiết xương dưới hướng dẫn của siêu âm,Các thủ thuật và dịch vụ Nội soi,Exclude
555,02.0380.0168,2.380,Sinh thiết da bằng kim chuyên dụng (biopsy punch),Các thủ thuật và dịch vụ Nội soi,Exclude
556,02.0381.0213,2.381,Tiêm khớp gối,Các thủ thuật và dịch vụ Nội soi,Exclude
557,02.0382.0213,2.382,Tiêm khớp háng,Các thủ thuật và dịch vụ Nội soi,Exclude
558,02.0383.0213,2.383,Tiêm khớp cổ chân,Các thủ thuật và dịch vụ Nội soi,Exclude
559,02.0384.0213,2.384,Tiêm khớp bàn ngón chân,Các thủ thuật và dịch vụ Nội soi,Exclude
560,02.0385.0213,2.385,Tiêm khớp cổ tay,Các thủ thuật và dịch vụ Nội soi,Exclude
561,02.0386.0213,2.386,Tiêm khớp bàn ngón tay,Các thủ thuật và dịch vụ Nội soi,Exclude
562,02.0387.0213,2.387,Tiêm khớp đốt ngón tay,Các thủ thuật và dịch vụ Nội soi,Exclude
563,02.0388.0213,2.388,Tiêm khớp khuỷu tay,Các thủ thuật và dịch vụ Nội soi,Exclude
564,02.0389.0213,2.389,Tiêm khớp vai,Các thủ thuật và dịch vụ Nội soi,Exclude
565,02.0390.0213,2.390,Tiêm khớp ức đòn,Các thủ thuật và dịch vụ Nội soi,Exclude
566,02.0391.0213,2.391,Tiêm khớp ức - sườn,Các thủ thuật và dịch vụ Nội soi,Exclude
567,02.0392.0213,2.392,Tiêm khớp đòn- cùng vai,Các thủ thuật và dịch vụ Nội soi,Exclude
568,02.0393.0213,2.393,Tiêm khớp thái dương hàm,Các thủ thuật và dịch vụ Nội soi,Exclude
569,02.0394.0320,2.394,Tiêm ngoài màng cứng,Nội khoa,Exclude
570,02.0395.0213,2.395,Tiêm khớp cùng chậu,Các thủ thuật và dịch vụ Nội soi,Exclude
571,02.0396.0213,2.396,Tiêm điểm bám gân mỏm trâm quay (mỏm trâm trụ),Các thủ thuật và dịch vụ Nội soi,Exclude
572,02.0397.0213,2.397,Tiêm điểm bám gân lồi cầu trong (lồi cầu ngoài) xương cánh tay,Các thủ thuật và dịch vụ Nội soi,Exclude
573,02.0398.0213,2.398,Tiêm điểm bám gân quanh khớp gối,Các thủ thuật và dịch vụ Nội soi,Exclude
574,02.0399.0213,2.399,Tiêm hội chứng DeQuervain,Các thủ thuật và dịch vụ Nội soi,Exclude
575,02.0400.0213,2.400,Tiêm hội chứng đường hầm cổ tay,Các thủ thuật và dịch vụ Nội soi,Exclude
576,02.0401.0213,2.401,Tiêm gân gấp ngón tay,Các thủ thuật và dịch vụ Nội soi,Exclude
577,02.0402.0213,2.402,Tiêm gân nhị đầu khớp vai,Các thủ thuật và dịch vụ Nội soi,Exclude
578,02.0403.0213,2.403,"Tiêm gân trên gai (dưới gai, gân bao xoay khớp vai)",Các thủ thuật và dịch vụ Nội soi,Exclude
579,02.0404.0213,2.404,Tiêm điểm bám gân mỏm cùng vai,Các thủ thuật và dịch vụ Nội soi,Exclude
580,02.0405.0213,2.405,Tiêm điểm bám gân mỏm trâm quay (trâm trụ),Các thủ thuật và dịch vụ Nội soi,Exclude
581,02.0406.0213,2.406,Tiêm gân gót,Các thủ thuật và dịch vụ Nội soi,Exclude
582,02.0407.0213,2.407,Tiêm cân gan chân,Các thủ thuật và dịch vụ Nội soi,Exclude
583,02.0408.0213,2.408,Tiêm cạnh cột sống cổ,Các thủ thuật và dịch vụ Nội soi,Exclude
584,02.0409.0213,2.409,Tiêm cạnh cột sống thắt lưng,Các thủ thuật và dịch vụ Nội soi,Exclude
585,02.0410.0213,2.410,Tiêm cạnh cột sống ngực,Các thủ thuật và dịch vụ Nội soi,Exclude
586,02.0411.0214,2.411,Tiêm khớp gối dưới hướng dẫn của siêu âm,Các thủ thuật và dịch vụ Nội soi,Exclude
587,02.0412.0214,2.412,Tiêm khớp háng dưới hướng dẫn của siêu âm,Các thủ thuật và dịch vụ Nội soi,Exclude
588,02.0413.0214,2.413,Tiêm khớp cổ chân dưới hướng dẫn của siêu âm,Các thủ thuật và dịch vụ Nội soi,Exclude
589,02.0414.0214,2.414,Tiêm khớp bàn ngón chân dưới hướng dẫn của siêu âm,Các thủ thuật và dịch vụ Nội soi,Exclude
590,02.0415.0214,2.415,Tiêm khớp cổ tay dưới hướng dẫn của siêu âm,Các thủ thuật và dịch vụ Nội soi,Exclude
591,02.0416.0214,2.416,Tiêm khớp bàn ngón tay dưới hướng dẫn của siêu âm,Các thủ thuật và dịch vụ Nội soi,Exclude
592,02.0417.0214,2.417,Tiêm khớp đốt ngón tay dưới hướng dẫn của siêu âm,Các thủ thuật và dịch vụ Nội soi,Exclude
593,02.0418.0214,2.418,Tiêm khớp khuỷu tay dưới hướng dẫn của siêu âm,Các thủ thuật và dịch vụ Nội soi,Exclude
594,02.0419.0214,2.419,Tiêm khớp vai dưới hướng dẫn của siêu âm,Các thủ thuật và dịch vụ Nội soi,Exclude
595,02.0420.0214,2.420,Tiêm khớp ức đòn dưới hướng dẫn của siêu âm,Các thủ thuật và dịch vụ Nội soi,Exclude
596,02.0421.0214,2.421,Tiêm khớp ức – sườn dưới hướng dẫn của siêu âm,Các thủ thuật và dịch vụ Nội soi,Exclude
597,02.0422.0214,2.422,Tiêm khớp đòn- cùng vai dưới hướng dẫn của siêu âm,Các thủ thuật và dịch vụ Nội soi,Exclude
598,02.0423.0214,2.423,Tiêm khớp thái dương hàm dưới hướng dẫn của siêu âm,Các thủ thuật và dịch vụ Nội soi,Exclude
599,02.0424.0214,2.424,Tiêm hội chứng DeQuervain dưới hướng dẫn của siêu âm,Các thủ thuật và dịch vụ Nội soi,Exclude
600,02.0425.0214,2.425,Tiêm hội chứng đường hầm cổ tay dưới hướng dẫn của siêu âm,Các thủ thuật và dịch vụ Nội soi,Exclude
601,02.0426.0214,2.426,Tiêm gân gấp ngón tay dưới hướng dẫn của siêu âm,Các thủ thuật và dịch vụ Nội soi,Exclude
602,02.0427.0214,2.427,Tiêm gân nhị đầu khớp vai dưới hướng dẫn của siêu âm,Các thủ thuật và dịch vụ Nội soi,Exclude
603,02.0428.0214,2.428,"Tiêm gân trên gai (dưới gai, gân bao xoay khớp vai) dưới hướng dẫn của siêu âm",Các thủ thuật và dịch vụ Nội soi,Exclude
604,02.0429.0214,2.429,Tiêm điểm bám gân mỏm cùng vai dưới hướng dẫn của siêu âm,Các thủ thuật và dịch vụ Nội soi,Exclude
605,02.0431.1289,2.431,Xét nghiệm Mucin test,Huyết học,Exclude
606,02.0432.0078,2.432,"Chọc hút mủ màng phổi, ổ áp xe phổi dưới hướng dẫn của siêu âm",Các thủ thuật và dịch vụ Nội soi,Exclude
607,02.0433.0088,2.433,"Chọc hút khí, mủ màng phổi, ổ áp xe phổi dưới hướng dẫn của chụp cắt lớp vi tính",Các thủ thuật và dịch vụ Nội soi,Exclude
608,02.0434.0171,2.434,Sinh thiết u trung thất dưới hướng dẫn của chụp cắt lớp vi tính,Các thủ thuật và dịch vụ Nội soi,Exclude
609,02.0435.0169,2.435,Sinh thiết u trung thất dưới hướng dẫn của siêu âm,Các thủ thuật và dịch vụ Nội soi,Exclude
610,02.0437.0053,2.437,Chụp động mạch vành,"Chụp cắt lớp vi tính, chụp mạch, cộng hưởng từ",Exclude
611,02.0438.0106,2.438,Điều trị rối loạn nhịp tim phức tạp bằng sóng có tần số Radio có sử dụng hệ thống lập bản đồ ba chiều giải phẫu – điện học các buồng tim,Các thủ thuật và dịch vụ Nội soi,Exclude
612,02.0439.0009,2.439,Đo phân suất dự trữ lưu lượng vành (FFR),Siêu âm,Exclude
613,02.0440.0054,2.440,Hút huyết khối trong động mạch vành,"Chụp cắt lớp vi tính, chụp mạch, cộng hưởng từ",Exclude
614,02.0441.0054,2.441,Sửa van hai lá qua đường ống thông (Mitraclip),"Chụp cắt lớp vi tính, chụp mạch, cộng hưởng từ",Exclude
615,02.0442.0055,2.442,Nong và đặt stent động mạch thận,"Chụp cắt lớp vi tính, chụp mạch, cộng hưởng từ",Exclude
616,02.0443.0008,2.443,Siêu âm tim qua thực quản cấp cứu tại giường,Siêu âm,Exclude
617,02.0444.0005,2.444,Siêu âm tim cản âm cấp cứu tại giường,Siêu âm,Exclude
618,02.0445.0004,2.445,Siêu âm mạch trong điều trị RF mạch máu,Siêu âm,Exclude
619,02.0446.0008,2.446,Siêu âm Doppler màu tim 3D/4D qua thực quản,Siêu âm,Exclude
620,02.0447.0004,2.447,Siêu âm Doppler màu tim qua thành ngực trong tim mạch can thiệp,Siêu âm,Exclude
621,02.0448.0008,2.448,Siêu âm Doppler màu tim qua thực quản trong tim mạch can thiệp,Siêu âm,Exclude
622,02.0449.0007,2.449,Siêu âm Doppler màu tim 3D/4D qua thành ngực trong tim mạch can thiệp,Siêu âm,Exclude
623,02.0450.0008,2.450,Siêu âm Doppler màu tim 3D/4D qua thực quản trong tim mạch can thiệp,Siêu âm,Exclude
624,02.0451.1798,2.451,Theo dõi điện tim bằng máy ghi biến cố (Event Recorder),Thăm dò chức năng,Exclude
625,02.0452.0391,2.452,Cấy máy tạo nhịp vĩnh viễn loại 1 buồng,Ngoại khoa,Exclude
626,02.0453.0391,2.453,Cấy máy tạo nhịp vĩnh viễn loại 2 buồng,Ngoại khoa,Exclude
627,02.0454.0391,2.454,Cấy máy tạo nhịp vĩnh viễn loại 3 buồng,Ngoại khoa,Exclude
628,02.0455.0391,2.455,Cấy máy phá rung tự động (ICD) loại 1 buồng,Ngoại khoa,Exclude
629,02.0456.0391,2.456,Cấy máy phá rung tự động (ICD) loại 2 buồng,Ngoại khoa,Exclude
630,02.0457.0006,2.457,Siêu âm Doppler màu tim gắng sức với Dobutamine,Siêu âm,Exclude
631,02.0458.0006,2.458,Siêu âm Dopple màu tim gắng sức với xe đạp lực kế,Siêu âm,Exclude
632,02.0459.0391,2.459,Tạo nhịp tim cấp cứu với điện cực trong buồng tim tại giường,Ngoại khoa,Exclude
633,02.0460.0391,2.460,Tạo nhịp tim cấp cứu với điện cực trong buồng tim dưới màn huỳnh quang,Ngoại khoa,Exclude
634,02.0461.0107,2.461,Điều trị rối loạn nhịp tim bằng sóng cao tần thông thường,Các thủ thuật và dịch vụ Nội soi,Exclude
635,02.0462.0106,2.462,Điều trị rung nhĩ bằng sóng cao tần,Các thủ thuật và dịch vụ Nội soi,Exclude
636,02.0463.0106,2.463,Điều trị rối loạn nhịp tim phức tạp bằng sóng cao tần,Các thủ thuật và dịch vụ Nội soi,Exclude
637,02.0464.0391,2.464,"Thay máy tạo nhịp tim, cập nhật máy tạo nhịp tim",Ngoại khoa,Exclude
638,02.0465.0054,2.465,Bít thông liên nhĩ bằng dụng cụ qua da,"Chụp cắt lớp vi tính, chụp mạch, cộng hưởng từ",Exclude
639,02.0466.0054,2.466,Bít thông liên thất bằng dụng cụ qua da,"Chụp cắt lớp vi tính, chụp mạch, cộng hưởng từ",Exclude
640,02.0467.0054,2.467,Bít ống động mạch bằng dụng cụ qua da,"Chụp cắt lớp vi tính, chụp mạch, cộng hưởng từ",Exclude
641,02.0468.0055,2.468,Đặt stent Graft điều trị bệnh lý động mạch chủ,"Chụp cắt lớp vi tính, chụp mạch, cộng hưởng từ",Exclude
642,02.0470.0274,2.470,Điều trị chứng co cứng gấp bàn chân (Plantar Flexion Spasm) sau tai biến mạch máu não bằng kỹ thuật tiêm Botulium Toxin A,Y học dân tộc và Phục hồi chức năng,Exclude
643,02.0471.0274,2.471,Điều trị chứng co cứng chi trên sau tai biến mạch máu não bằng kỹ thuật tiêm Botulinum Toxin A,Y học dân tộc và Phục hồi chức năng,Exclude
644,02.0472.0274,2.472,Điều trị co cứng bàn tay khi viết (writer’s cramp) type 1 bằng kỹ thuật tiêm Botulinum Toxin A,Y học dân tộc và Phục hồi chức năng,Exclude
645,02.0473.0274,2.473,Điều trị co cứng bàn tay khi viết (writer’s cramp) type 2 bằng kỹ thuật tiêm Botulium Toxin A,Y học dân tộc và Phục hồi chức năng,Exclude
646,02.0474.1775,2.474,"Ghi điện cơ điện thế kích thích thị giác, thính giác",Thăm dò chức năng,Exclude
647,02.0475.1775,2.475,Ghi điện cơ điện thế kích thích cảm giác thân thể,Thăm dò chức năng,Exclude
648,02.0476.1775,2.476,Ghi điện cơ đo tốc độ dẫn truyền vận động và cảm giác của dây thần kinh ngoại biên chi trên,Thăm dò chức năng,Exclude
649,02.0477.1775,2.477,Ghi điện cơ đo tốc độ dẫn truyền vận động và cảm giác của dây thần kinh ngoại biên chi dưới,Thăm dò chức năng,Exclude
650,02.0478.1775,2.478,Phản xạ nhắm mắt và đo tốc độ dẫn truyền vận động của dây thần kinh VII ngoại biên,Thăm dò chức năng,Exclude
651,02.0479.0264,2.479,Nghiệm pháp đánh giá rối loạn nuốt tại giường cho người bệnh tai biến mạch máu não,Y học dân tộc và Phục hồi chức năng,Exclude
652,02.0483.0164,2.483,Rút sonde dẫn lưu hố thận ghép qua da,Các thủ thuật và dịch vụ Nội soi,Exclude
653,02.0484.0104,2.484,Đặt ống thông niệu quản qua nội soi (sonde JJ) có tiền mê,Các thủ thuật và dịch vụ Nội soi,Exclude
654,02.0485.0147,2.485,Nội soi bàng quang chẩn đoán có gây mê (Nội soi bàng quang không sinh thiết),Các thủ thuật và dịch vụ Nội soi,Exclude
655,02.0486.0072,2.486,Nội soi bơm rửa niệu quản sau tán sỏi ngoài cơ thể có gây mê,Các thủ thuật và dịch vụ Nội soi,Exclude
656,02.0492.0147,2.492,Nội soi bàng quang có gây mê,Các thủ thuật và dịch vụ Nội soi,Exclude
657,02.0495.0196,2.495,"Thận nhân tạo chu kỳ (Quả lọc, dây máu 06 lần)",Các thủ thuật và dịch vụ Nội soi,Exclude
658,02.0496.0195,2.496,"Thận nhân tạo cấp cứu (Quả lọc, dây máu 01 lần)",Các thủ thuật và dịch vụ Nội soi,Exclude
659,02.0498.0101,2.498,Đặt catheter một nòng hoặc hai nòng tĩnh mạch đùi để lọc máu,Các thủ thuật và dịch vụ Nội soi,Exclude
660,02.0500.0140,2.500,Nội soi can thiệp - cắt tách dưới niêm mạc ống tiêu hóa điều trị ung thư sớm,Các thủ thuật và dịch vụ Nội soi,Exclude
661,02.0501.0141,2.501,Nội soi mật tụy ngược dòng - cắt papilla điều trị u bóng Vater,Các thủ thuật và dịch vụ Nội soi,Exclude
662,02.0504.0499,2.504,Siêu âm can thiệp - đặt dẫn lưu đường mật qua da,Ngoại khoa,Exclude
663,02.0505.0499,2.505,Siêu âm can thiệp – đặt stent đường mật qua da,Ngoại khoa,Exclude
664,02.0506.0499,2.506,Đặt dẫn lưu đường mật qua da dưới hướng dẫn của siêu âm C-ARM,Ngoại khoa,Exclude
665,02.0510.0213,2.510,Tiêm nội khớp: acid Hyaluronic,Các thủ thuật và dịch vụ Nội soi,Exclude
666,02.0511.1138,2.511,Điều trị thoái hóa khớp bằng huyết tương giàu tiểu cầu,Bỏng,Exclude
667,02.0512.1138,2.512,Điều trị thoái hóa khớp bằng tế bào gốc mô mỡ tự thân,Bỏng,Exclude
668,02.0513.1138,2.513,Tiêm huyết tương giàu tiểu cầu (PRP) tự thân điều trị một số bệnh lý phần mềm quanh khớp,Bỏng,Exclude
669,02.0514.0112,2.514,Lấy xét nghiệm tế bào học dịch khớp,Các thủ thuật và dịch vụ Nội soi,Exclude
670,02.0515.0112,2.515,Lấy dịch khớp xác định tinh thể urat,Các thủ thuật và dịch vụ Nội soi,Exclude
671,02.0516.0213,2.516,Tiêm Enbrel,Các thủ thuật và dịch vụ Nội soi,Exclude
672,02.0519.0173,2.519,Sinh thiết phần mềm bằng phương pháp sinh thiết mở,Các thủ thuật và dịch vụ Nội soi,Exclude
673,02.0520.1437,2.520,Định lượng kháng thể kháng nhân và kháng thể kháng chuỗi kép (ANA & DsDNA),Dị ứng miễn dịch,Exclude
674,02.0521.1442,2.521,Định lượng kháng thể kháng Phospholipid IgG/IgM,Dị ứng miễn dịch,Exclude
675,02.0522.1442,2.522,Định lượng kháng thể kháng Cardiolipin IgG/IgM,Dị ứng miễn dịch,Exclude
676,02.0523.1442,2.523,Định lượng kháng thể kháng Beta2- Glycoprotein IgG/IgM,Dị ứng miễn dịch,Exclude
677,02.0524.1450,2.524,Định lượng kháng thể kháng tương bào bạch cầu đa nhân trung tính (ANCA),Dị ứng miễn dịch,Exclude
678,02.0525.1451,2.525,Định lượng kháng thể kháng ty lạp thể (AMA-M2),Dị ứng miễn dịch,Exclude
679,02.0526.1451,2.526,Định lượng kháng thể kháng tương bào gan type1 (LC1),Dị ứng miễn dịch,Exclude
680,02.0527.1451,2.527,Định lượng kháng thể kháng tiểu vi thể gan thận type 1 (LKM1),Dị ứng miễn dịch,Exclude
681,02.0528.1451,2.528,Định lượng kháng thể kháng thụ thể GLYCOPROTEIN trên màng tế bào gan người châu Á (ASGPR),Dị ứng miễn dịch,Exclude
682,02.0529.1422,2.529,Định lượng ERYTHROPOIETIN (EPO),Dị ứng miễn dịch,Exclude
683,02.0530.1445,2.530,Định lượng kháng thể kháng Scl-70,Dị ứng miễn dịch,Exclude
684,02.0531.1436,2.531,Định lượng kháng thể kháng Jo - 1,Dị ứng miễn dịch,Exclude
685,02.0532.1434,2.532,Định lượng kháng thể kháng Histone,Dị ứng miễn dịch,Exclude
686,02.0533.1446,2.533,Định lượng kháng thể kháng Sm,Dị ứng miễn dịch,Exclude
687,02.0534.1447,2.534,Định lượng kháng thể kháng SS-A(Ro),Dị ứng miễn dịch,Exclude
688,02.0535.1447,2.535,Định lượng kháng thể kháng SS-B(La),Dị ứng miễn dịch,Exclude
689,02.0536.1447,2.536,Định lượng kháng thể kháng SSA-p200,Dị ứng miễn dịch,Exclude
690,02.0537.1443,2.537,Định lượng kháng thể kháng Prothrombin,Dị ứng miễn dịch,Exclude
691,02.0538.1444,2.538,Định lượng kháng thể kháng RNP-70,Dị ứng miễn dịch,Exclude
692,02.0539.1452,2.539,Định lượng MPO (pANCA),Dị ứng miễn dịch,Exclude
693,02.0540.1452,2.540,Định lượng PR3 (cANCA),Dị ứng miễn dịch,Exclude
694,02.0541.1435,2.541,Định lượng kháng thể kháng Insulin,Dị ứng miễn dịch,Exclude
695,02.0542.1431,2.542,Định lượng kháng thể kháng CCP,Dị ứng miễn dịch,Exclude
696,02.0543.1432,2.543,Định lượng kháng thể kháng Centromere,Dị ứng miễn dịch,Exclude
697,02.0544.1426,2.544,Định lượng kháng thể C₁INH,Dị ứng miễn dịch,Exclude
698,02.0545.1426,2.545,Định lượng kháng thể GBM ab,Dị ứng miễn dịch,Exclude
699,02.0546.1426,2.546,Định lượng Tryptase,Dị ứng miễn dịch,Exclude
700,02.0547.1449,2.547,Định lượng kháng thể kháng tinh trùng,Dị ứng miễn dịch,Exclude
701,02.0548.1448,2.548,Định lượng kháng thể kháng tiểu cầu,Dị ứng miễn dịch,Exclude
702,02.0549.1433,2.549,Định lượng kháng thể kháng ENA,Dị ứng miễn dịch,Exclude
703,02.0550.1423,2.550,Định lượng Histamine,Dị ứng miễn dịch,Exclude
704,02.0551.1429,2.551,Định lượng kháng thể kháng C1q,Dị ứng miễn dịch,Exclude
705,02.0552.1430,2.552,Định lượng kháng thể kháng C3a,Dị ứng miễn dịch,Exclude
706,02.0553.1430,2.553,Định lượng kháng thể kháng C3bi,Dị ứng miễn dịch,Exclude
707,02.0554.1430,2.554,Định lượng kháng thể kháng C3d,Dị ứng miễn dịch,Exclude
708,02.0555.1430,2.555,Định lượng kháng thể kháng C4a,Dị ứng miễn dịch,Exclude
709,02.0556.1428,2.556,Định lượng kháng thể kháng C5a,Dị ứng miễn dịch,Exclude
710,02.0569.1427,2.569,Định lượng kháng thể IgG1,Dị ứng miễn dịch,Exclude
711,02.0570.1427,2.570,Định lượng kháng thể IgG2,Dị ứng miễn dịch,Exclude
712,02.0571.1427,2.571,Định lượng kháng thể IgG3,Dị ứng miễn dịch,Exclude
713,02.0572.1427,2.572,Định lượng kháng thể IgG4,Dị ứng miễn dịch,Exclude
714,02.0573.1424,2.573,Định lượng IgE đặc hiệu với dị nguyên hô hấp (Đối với 1 dị nguyên),Dị ứng miễn dịch,Exclude
715,02.0574.1424,2.574,Định lượng IgE đặc hiệu với dị nguyên thức ăn (Đối với 1 dị nguyên),Dị ứng miễn dịch,Exclude
716,02.0575.1424,2.575,Định lượng IgE đặc hiệu chẩn đoán dị ứng thuốc (Đối với 1 loại thuốc),Dị ứng miễn dịch,Exclude
717,02.0576.1421,2.576,Định lượng ELISA chẩn đoán dị ứng thuốc (Đối với 1 loại thuốc),Dị ứng miễn dịch,Exclude
718,02.0577.1425,2.577,Định lượng Interleukin -1α human,Dị ứng miễn dịch,Exclude
719,02.0578.1425,2.578,Định lượng Interleukin -1β human,Dị ứng miễn dịch,Exclude
720,02.0579.1425,2.579,Định lượng Interleukin - 2 human,Dị ứng miễn dịch,Exclude
721,02.0580.1425,2.580,Định lượng Interleukin - 4 human,Dị ứng miễn dịch,Exclude
722,02.0581.1425,2.581,Định lượng Interleukin - 6 human,Dị ứng miễn dịch,Exclude
723,02.0582.1425,2.582,Định lượng Interleukin - 8 human,Dị ứng miễn dịch,Exclude
724,02.0583.1425,2.583,Định lượng Interleukin - 10 human,Dị ứng miễn dịch,Exclude
725,02.0584.1425,2.584,Định lượng Interleukin - 12p70 human,Dị ứng miễn dịch,Exclude
726,03.0001.0391,3.1,Kích thích vĩnh viễn bằng máy tạo nhịp trong cơ thể (hai ổ),Ngoại khoa,Exclude
727,03.0003.0292,3.3,Tuần hoàn ngoài cơ thể,Hồi sức cấp cứu và Chống độc,Exclude
728,03.0004.0290,3.4,Tim phổi nhân tạo (ECMO),Hồi sức cấp cứu và Chống độc,Exclude
729,03.0004.0292,3.4,Tim phổi nhân tạo (ECMO),Hồi sức cấp cứu và Chống độc,Exclude
730,03.0004.0293,3.4,Tim phổi nhân tạo (ECMO),Hồi sức cấp cứu và Chống độc,Exclude
731,03.0006.1774,3.6,Đo cung lượng tim bằng máy đo điện tử cao cấp (pha loãng nhiệt),Thăm dò chức năng,Exclude
732,03.0007.0391,3.7,"Đặt, theo dõi, xử trí máy tạo nhịp tim vĩnh viễn bằng điện cực trong tim (một ổ)",Ngoại khoa,Exclude
733,03.0008.0193,3.8,"Đặt, theo dõi, xử trí máy tạo nhịp tim tạm thời bằng điện cực sau phẫu thuật tim hở",Các thủ thuật và dịch vụ Nội soi,Exclude
734,03.0011.0196,3.11,Thận nhân tạo (ở người đã có mở thông động tĩnh mạch),Các thủ thuật và dịch vụ Nội soi,Exclude
735,03.0015.0008,3.15,Siêu âm tim qua thực quản cấp cứu,Siêu âm,Exclude
736,03.0017.1774,3.17,Đặt catheter động mạch phổi,Thăm dò chức năng,Exclude
737,03.0018.0081,3.18,Dẫn lưu dịch màng ngoài tim cấp cứu,Các thủ thuật và dịch vụ Nội soi,Exclude
738,03.0019.1798,3.19,Theo dõi điện tim cấp cứu tại giường liên tục 24 giờ,Thăm dò chức năng,Exclude
739,03.0022.0192,3.22,Kích thích tim với tần số cao,,Exclude
740,03.0023.0192,3.23,Kích thích tim tạm thời với điện cực ngoài lồng ngực,,Exclude
741,03.0024.0192,3.24,"Sốc điện phá rung nhĩ, cơn tim đập nhanh",,Exclude
742,03.0025.0192,3.25,Tạo nhịp tim cấp cứu với điện cực ngoài,,Exclude
743,03.0029.0192,3.29,Sốc điện ngoài lồng ngực cấp cứu,,Exclude
744,03.0033.0097,3.33,Đặt catheter động mạch,Các thủ thuật và dịch vụ Nội soi,Exclude
745,03.0035.0100,3.35,Đặt catheter tĩnh mạch trung tâm,Các thủ thuật và dịch vụ Nội soi,Exclude
746,03.0035.0099,3.35,Đặt catheter tĩnh mạch trung tâm,Các thủ thuật và dịch vụ Nội soi,Exclude
747,03.0038.0081,3.38,Chọc hút dịch màng ngoài tim dưới siêu âm,Các thủ thuật và dịch vụ Nội soi,Exclude
748,03.0039.0081,3.39,Chọc dò màng ngoài tim cấp cứu,Các thủ thuật và dịch vụ Nội soi,Exclude
749,03.0040.0081,3.40,"Dẫn lưu dịch, máu màng ngoài tim",Các thủ thuật và dịch vụ Nội soi,Exclude
750,03.0041.0004,3.41,Siêu âm tim cấp cứu tại giường,Siêu âm,Exclude
751,03.0043.0004,3.43,Siêu âm Doppler mạch máu cấp cứu,Siêu âm,Exclude
752,03.0044.1778,3.44,Ghi điện tim cấp cứu tại giường,Thăm dò chức năng,Exclude
753,03.0053.0128,3.53,Nội soi khí phế quản bằng ống soi mềm,Các thủ thuật và dịch vụ Nội soi,Exclude
754,03.0053.0127,3.53,Nội soi khí phế quản bằng ống soi mềm,Các thủ thuật và dịch vụ Nội soi,Exclude
755,03.0053.0131,3.53,Nội soi khí phế quản bằng ống soi mềm,Các thủ thuật và dịch vụ Nội soi,Exclude
756,03.0053.0130,3.53,Nội soi khí phế quản bằng ống soi mềm,Các thủ thuật và dịch vụ Nội soi,Exclude
757,03.0054.0297,3.54,Thở máy với tần số cao (HFO),Hồi sức cấp cứu và Chống độc,Exclude
758,03.0056.0128,3.56,Nội soi khí phế quản hút đờm,Các thủ thuật và dịch vụ Nội soi,Exclude
759,03.0056.0130,3.56,Nội soi khí phế quản hút đờm,Các thủ thuật và dịch vụ Nội soi,Exclude
760,03.0057.0128,3.57,Nội soi khí phế quản cấp cứu,Các thủ thuật và dịch vụ Nội soi,Exclude
761,03.0058.0209,3.58,Thở máy bằng xâm nhập,Các thủ thuật và dịch vụ Nội soi,Exclude
762,03.0059.1116,3.59,Điều trị bằng oxy cao áp,Bỏng,Exclude
763,03.0061.0297,3.61,"Chọc hút dịch, khí trung thất",Hồi sức cấp cứu và Chống độc,Exclude
764,03.0065.1888,3.65,Bơm rửa phế quản có bàn chải,Các thủ thuật và dịch vụ Nội soi,Exclude
765,03.0066.1888,3.66,Bơm rửa phế quản không bàn chải,Các thủ thuật và dịch vụ Nội soi,Exclude
766,03.0067.0186,3.67,Nội soi màng phổi để chẩn đoán,Các thủ thuật và dịch vụ Nội soi,Exclude
767,03.0069.0001,3.69,Siêu âm màng ngoài tim cấp cứu,Siêu âm,Exclude
768,03.0070.0001,3.70,Siêu âm màng phổi,Siêu âm,Exclude
769,03.0073.0129,3.73,Nội soi khí phế quản lấy dị vật,Các thủ thuật và dịch vụ Nội soi,Exclude
770,03.0073.0132,3.73,Nội soi khí phế quản lấy dị vật,Các thủ thuật và dịch vụ Nội soi,Exclude
771,03.0074.0125,3.74,Nội soi màng phổi sinh thiết,Các thủ thuật và dịch vụ Nội soi,Exclude
772,03.0076.0114,3.76,"Hút đờm khí phế quản ở người bệnh sau đặt nội khí quản, mở khí quản, thở máy.",Các thủ thuật và dịch vụ Nội soi,Exclude
773,03.0077.1888,3.77,Đặt ống nội khí quản,Các thủ thuật và dịch vụ Nội soi,Exclude
774,03.0078.0120,3.78,Mở khí quản,Các thủ thuật và dịch vụ Nội soi,Exclude
775,03.0079.0077,3.79,Chọc hút/dẫn lưu dịch màng phổi,Các thủ thuật và dịch vụ Nội soi,Exclude
776,03.0080.0079,3.80,Chọc hút/dẫn lưu khí màng phổi áp lực thấp,Các thủ thuật và dịch vụ Nội soi,Exclude
777,03.0081.0071,3.81,Bơm rửa màng phổi,Các thủ thuật và dịch vụ Nội soi,Exclude
778,03.0082.0209,3.82,"Thở máy không xâm nhập (thở CPAP, Thở BiPAP)",Các thủ thuật và dịch vụ Nội soi,Exclude
779,03.0083.0209,3.83,Hỗ trợ hô hấp xâm nhập qua nội khí quản,Các thủ thuật và dịch vụ Nội soi,Exclude
780,03.0084.0077,3.84,Chọc thăm dò màng phổi,Các thủ thuật và dịch vụ Nội soi,Exclude
781,03.0085.0094,3.85,Mở màng phổi tối thiểu,Các thủ thuật và dịch vụ Nội soi,Exclude
782,03.0088.1791,3.88,Thăm dò chức năng hô hấp,Thăm dò chức năng,Exclude
783,03.0089.0898,3.89,Khí dung thuốc cấp cứu,Tai Mũi Họng,Exclude
784,03.0090.0898,3.90,Khí dung thuốc thở máy,Tai Mũi Họng,Exclude
785,03.0091.0300,3.91,Hút đờm qua ống nội khí quản bằng catheter một lần,Hồi sức cấp cứu và Chống độc,Exclude
786,03.0092.0299,3.92,Hút đờm qua ống nội khí quản bằng catheter kín,Hồi sức cấp cứu và Chống độc,Exclude
787,03.0096.0120,3.96,Mở khí quản qua da cấp cứu,Các thủ thuật và dịch vụ Nội soi,Exclude
788,03.0098.0079,3.98,Chọc hút dịch khí phế quản qua màng nhẫn giáp,Các thủ thuật và dịch vụ Nội soi,Exclude
789,03.0099.1888,3.99,Đặt nội khí quản 2 nòng,Các thủ thuật và dịch vụ Nội soi,Exclude
790,03.0101.0206,3.101,Thay canuyn mở khí quản,Các thủ thuật và dịch vụ Nội soi,Exclude
791,03.0102.0200,3.102,Chăm sóc lỗ mở khí quản,Các thủ thuật và dịch vụ Nội soi,Exclude
792,03.0112.0508,3.112,Cố định lồng ngực do chấn thương gãy xương sườn,Ngoại khoa,Exclude
793,03.0113.0074,3.113,Cấp cứu ngừng tuần hoàn hô hấp,Các thủ thuật và dịch vụ Nội soi,Exclude
794,03.0114.0118,3.114,Lọc máu liên tục (CRRT),Các thủ thuật và dịch vụ Nội soi,Exclude
795,03.0115.0118,3.115,Lọc máu hấp thụ bằng than hoạt,Các thủ thuật và dịch vụ Nội soi,Exclude
796,03.0116.0119,3.116,Thay huyết tương,Các thủ thuật và dịch vụ Nội soi,Exclude
797,03.0117.0101,3.117,Đặt catheter lọc máu cấp cứu,Các thủ thuật và dịch vụ Nội soi,Exclude
798,03.0118.0117,3.118,Lọc màng bụng cấp cứu,Các thủ thuật và dịch vụ Nội soi,Exclude
799,03.0119.0116,3.119,Lọc màng bụng chu kỳ,Các thủ thuật và dịch vụ Nội soi,Exclude
800,03.0120.0119,3.120,Lọc và tách huyết tương chọn lọc,Các thủ thuật và dịch vụ Nội soi,Exclude
801,03.0121.0110,3.121,Siêu lọc máu tái hấp phụ phân tử (gan nhân tạo) (MARS),Các thủ thuật và dịch vụ Nội soi,Exclude
802,03.0124.0148,3.124,Dẫn lưu bể thận ngược dòng cấp cứu bằng nội soi,Các thủ thuật và dịch vụ Nội soi,Exclude
803,03.0125.0086,3.125,Chọc hút nước tiểu trên xương mu,Các thủ thuật và dịch vụ Nội soi,Exclude
804,03.0129.0121,3.129,Mở thông bàng quang trên xương mu,Các thủ thuật và dịch vụ Nội soi,Exclude
805,03.0130.0262,3.130,Vận động trị liệu bàng quang,Y học dân tộc và Phục hồi chức năng,Exclude
806,03.0131.0158,3.131,Rửa bàng quang lấy máu cục,Các thủ thuật và dịch vụ Nội soi,Exclude
807,03.0133.0210,3.133,Thông tiểu,Các thủ thuật và dịch vụ Nội soi,Exclude
808,03.0138.1777,3.138,Điện não đồ thường quy,Thăm dò chức năng,Exclude
809,03.0143.0004,3.143,Siêu âm Doppler xuyên sọ,Siêu âm,Exclude
810,03.0144.1775,3.144,Đo dẫn truyền thần kinh ngoại biên,Thăm dò chức năng,Exclude
811,03.0145.1775,3.145,Ghi điện cơ kim,Thăm dò chức năng,Exclude
812,03.0146.0083,3.146,Chọc dò tuỷ sống trẻ sơ sinh,Các thủ thuật và dịch vụ Nội soi,Exclude
813,03.0148.0083,3.148,Chọc dịch tuỷ sống,Các thủ thuật và dịch vụ Nội soi,Exclude
814,03.0152.0849,3.152,Soi đáy mắt cấp cứu,Mắt,Exclude
815,03.0153.0162,3.153,"Rửa toàn bộ hệ thống tiêu hoá (dạ dày, tiểu tràng, đại tràng)",Các thủ thuật và dịch vụ Nội soi,Exclude
816,03.0154.0502,3.154,Mở thông dạ dày bằng nội soi,Ngoại khoa,Exclude
817,03.0155.0140,3.155,Nội soi dạ dày cầm máu,Các thủ thuật và dịch vụ Nội soi,Exclude
818,03.0157.0140,3.157,Cầm máu thực quản qua nội soi,Các thủ thuật và dịch vụ Nội soi,Exclude
819,03.0158.0137,3.158,Soi đại tràng chẩn đoán bằng ống soi mềm,Các thủ thuật và dịch vụ Nội soi,Exclude
820,03.0159.0140,3.159,Soi dạ dày thực quản chẩn đoán và cầm máu,Các thủ thuật và dịch vụ Nội soi,Exclude
821,03.0160.0184,3.160,Soi đại tràng cầm máu,Các thủ thuật và dịch vụ Nội soi,Exclude
822,03.0161.0136,3.161,Soi đại tràng sinh thiết,Các thủ thuật và dịch vụ Nội soi,Exclude
823,03.0162.0139,3.162,Nội soi trực tràng cấp cứu,Các thủ thuật và dịch vụ Nội soi,Exclude
824,03.0164.0077,3.164,Dẫn lưu ổ bụng cấp cứu,Các thủ thuật và dịch vụ Nội soi,Exclude
825,03.0165.0077,3.165,Chọc dò ổ bụng cấp cứu,Các thủ thuật và dịch vụ Nội soi,Exclude
826,03.0167.0103,3.167,Đặt ống thông dạ dày,Các thủ thuật và dịch vụ Nội soi,Exclude
827,03.0168.0159,3.168,Rửa dạ dày cấp cứu,Các thủ thuật và dịch vụ Nội soi,Exclude
828,03.0169.0160,3.169,Rửa dạ dày loại bỏ chất độc bằng hệ thống kín,Các thủ thuật và dịch vụ Nội soi,Exclude
829,03.0178.0211,3.178,Đặt sonde hậu môn,Các thủ thuật và dịch vụ Nội soi,Exclude
830,03.0179.0211,3.179,Thụt tháo phân,Các thủ thuật và dịch vụ Nội soi,Exclude
831,03.0191.1510,3.191,Xét nghiệm đường máu mao mạch tại giường,Hóa sinh,Exclude
832,03.0216.1532,3.216,Đo lactat trong máu,Hóa sinh,Exclude
833,03.0218.1769,3.218,Phát hiện chất độc bằng sắc ký khí,Xét nghiệm độc chất,Exclude
834,03.0233.1814,3.233,Test Denver đánh giá phát triển tâm thần vận động,Thăm dò chức năng,Exclude
835,03.0234.1814,3.234,Test hành vi cảm xúc CBCL,Thăm dò chức năng,Exclude
836,03.0237.1809,3.237,Trắc nghiệm tâm lý Beck,Thăm dò chức năng,Exclude
837,03.0238.1809,3.238,Trắc nghiệm tâm lý Zung,Thăm dò chức năng,Exclude
838,03.0239.1808,3.239,Trắc nghiệm tâm lý Raven,Thăm dò chức năng,Exclude
839,03.0240.1814,3.240,Trắc nghiệm tâm lý Wais và Wics (thang Weschler),Thăm dò chức năng,Exclude
840,03.0256.1799,3.256,Đo lưu huyết não,Thăm dò chức năng,Exclude
841,03.0271.2045,3.271,Từ châm,Y học dân tộc và Phục hồi chức năng,Exclude
842,03.0272.0243,3.272,Laser châm,Y học dân tộc và Phục hồi chức năng,Exclude
843,03.0273.2045,3.273,Mai hoa châm,Y học dân tộc và Phục hồi chức năng,Exclude
844,03.0274.0238,3.274,Kéo nắn cột sống cổ,Y học dân tộc và Phục hồi chức năng,Exclude
845,03.0275.0238,3.275,Kéo nắn cột sống thắt lưng,Y học dân tộc và Phục hồi chức năng,Exclude
846,03.0276.0252,3.276,Sắc thuốc thang và đóng gói thuốc bằng máy,Y học dân tộc và Phục hồi chức năng,Exclude
847,03.0277.0247,3.277,"Nắn, bó gẫy xương cẳng tay bằng phương pháp YHCT",Y học dân tộc và Phục hồi chức năng,Exclude
848,03.0278.0248,3.278,"Nắn, bó gẫy xương cánh tay bằng phương pháp YHCT",Y học dân tộc và Phục hồi chức năng,Exclude
849,03.0279.0246,3.279,"Nắn, bó gẫy xương cẳng chân bằng phương pháp YHCT",Y học dân tộc và Phục hồi chức năng,Exclude
850,03.0280.0286,3.280,Xông thuốc bằng máy,Y học dân tộc và Phục hồi chức năng,Exclude
851,03.0281.0249,3.281,Ngâm thuốc YHCT toàn thân,Y học dân tộc và Phục hồi chức năng,Exclude
852,03.0282.0284,3.282,Xông hơi thuốc,Y học dân tộc và Phục hồi chức năng,Exclude
853,03.0283.0285,3.283,Xông khói thuốc,Y học dân tộc và Phục hồi chức năng,Exclude
854,03.0284.0252,3.284,Sắc thuốc thang,Y học dân tộc và Phục hồi chức năng,Exclude
855,03.0285.0249,3.285,Ngâm thuốc YHCT bộ phận,Y học dân tộc và Phục hồi chức năng,Exclude
856,03.0286.0229,3.286,Đặt thuốc YHCT,Y học dân tộc và Phục hồi chức năng,Exclude
857,03.0287.0222,3.287,Bó thuốc,Y học dân tộc và Phục hồi chức năng,Exclude
858,03.0288.0228,3.288,Chườm ngải,Y học dân tộc và Phục hồi chức năng,Exclude
859,03.0289.0224,3.289,Hào châm,Y học dân tộc và Phục hồi chức năng,Exclude
860,03.0290.0224,3.290,Nhĩ châm,Y học dân tộc và Phục hồi chức năng,Exclude
861,03.0291.0224,3.291,Ôn châm,Y học dân tộc và Phục hồi chức năng,Exclude
862,03.0294.2046,3.294,Điện mãng châm điều trị liệt sau giai đoạn cấp,Y học dân tộc và Phục hồi chức năng,Exclude
863,03.0294.0230,3.294,Điện mãng châm điều trị liệt sau giai đoạn cấp,Y học dân tộc và Phục hồi chức năng,Exclude
864,03.0295.2046,3.295,Điện mãng châm điều trị liệt chi trên,Y học dân tộc và Phục hồi chức năng,Exclude
865,03.0295.0230,3.295,Điện mãng châm điều trị liệt chi trên,Y học dân tộc và Phục hồi chức năng,Exclude
866,03.0296.2046,3.296,Điện mãng châm điều trị liệt chi dưới,Y học dân tộc và Phục hồi chức năng,Exclude
867,03.0296.0230,3.296,Điện mãng châm điều trị liệt chi dưới,Y học dân tộc và Phục hồi chức năng,Exclude
868,03.0297.2046,3.297,Điện mãng châm điều trị liệt nửa người,Y học dân tộc và Phục hồi chức năng,Exclude
869,03.0297.0230,3.297,Điện mãng châm điều trị liệt nửa người,Y học dân tộc và Phục hồi chức năng,Exclude
870,03.0298.2046,3.298,Điện mãng châm điều trị liệt do bệnh của cơ,Y học dân tộc và Phục hồi chức năng,Exclude
871,03.0298.0230,3.298,Điện mãng châm điều trị liệt do bệnh của cơ,Y học dân tộc và Phục hồi chức năng,Exclude
872,03.0299.2046,3.299,Điện mãng châm điều trị bệnh lý các dây thần kinh,Y học dân tộc và Phục hồi chức năng,Exclude
873,03.0299.0230,3.299,Điện mãng châm điều trị bệnh lý các dây thần kinh,Y học dân tộc và Phục hồi chức năng,Exclude
874,03.0300.2046,3.300,Điện mãng châm điều trị teo cơ,Y học dân tộc và Phục hồi chức năng,Exclude
875,03.0300.0230,3.300,Điện mãng châm điều trị teo cơ,Y học dân tộc và Phục hồi chức năng,Exclude
876,03.0301.2046,3.301,Điện mãng châm điều trị đau thần kinh toạ,Y học dân tộc và Phục hồi chức năng,Exclude
877,03.0301.0230,3.301,Điện mãng châm điều trị đau thần kinh toạ,Y học dân tộc và Phục hồi chức năng,Exclude
878,03.0302.2046,3.302,Điện mãng châm điều trị bại não,Y học dân tộc và Phục hồi chức năng,Exclude
879,03.0302.0230,3.302,Điện mãng châm điều trị bại não,Y học dân tộc và Phục hồi chức năng,Exclude
880,03.0303.2046,3.303,"Điện mãng châm điều trị chứng nói ngọng, nói lắp",Y học dân tộc và Phục hồi chức năng,Exclude
881,03.0303.0230,3.303,"Điện mãng châm điều trị chứng nói ngọng, nói lắp",Y học dân tộc và Phục hồi chức năng,Exclude
882,03.0304.2046,3.304,Điện mãng châm điều trị khàn tiếng,Y học dân tộc và Phục hồi chức năng,Exclude
883,03.0304.0230,3.304,Điện mãng châm điều trị khàn tiếng,Y học dân tộc và Phục hồi chức năng,Exclude
884,03.0305.2046,3.305,Điện mãng châm điều trị động kinh cục bộ,Y học dân tộc và Phục hồi chức năng,Exclude
885,03.0305.0230,3.305,Điện mãng châm điều trị động kinh cục bộ,Y học dân tộc và Phục hồi chức năng,Exclude
886,03.0306.2046,3.306,Điện mãng châm điều trị tâm căn suy nhược,Y học dân tộc và Phục hồi chức năng,Exclude
887,03.0306.0230,3.306,Điện mãng châm điều trị tâm căn suy nhược,Y học dân tộc và Phục hồi chức năng,Exclude
888,03.0307.2046,3.307,Điện mãng châm điều trị đau đầu,Y học dân tộc và Phục hồi chức năng,Exclude
889,03.0307.0230,3.307,Điện mãng châm điều trị đau đầu,Y học dân tộc và Phục hồi chức năng,Exclude
890,03.0308.2046,3.308,Điện mãng châm điều trị đau nửa đầu,Y học dân tộc và Phục hồi chức năng,Exclude
891,03.0308.0230,3.308,Điện mãng châm điều trị đau nửa đầu,Y học dân tộc và Phục hồi chức năng,Exclude
892,03.0309.2046,3.309,Điện mãng châm điều trị stress,Y học dân tộc và Phục hồi chức năng,Exclude
893,03.0309.0230,3.309,Điện mãng châm điều trị stress,Y học dân tộc và Phục hồi chức năng,Exclude
894,03.0310.2046,3.310,"Điện mãng châm điều trị tổn thương dây, rễ và đám rối thần kinh",Y học dân tộc và Phục hồi chức năng,Exclude
895,03.0310.0230,3.310,"Điện mãng châm điều trị tổn thương dây, rễ và đám rối thần kinh",Y học dân tộc và Phục hồi chức năng,Exclude
896,03.0311.2046,3.311,Điện mãng châm điều trị tổn thương dây thần kinh V,Y học dân tộc và Phục hồi chức năng,Exclude
897,03.0311.0230,3.311,Điện mãng châm điều trị tổn thương dây thần kinh V,Y học dân tộc và Phục hồi chức năng,Exclude
898,03.0312.2046,3.312,Điện mãng châm điều trị liệt VII ngoại biên,Y học dân tộc và Phục hồi chức năng,Exclude
899,03.0312.0230,3.312,Điện mãng châm điều trị liệt VII ngoại biên,Y học dân tộc và Phục hồi chức năng,Exclude
900,03.0313.2046,3.313,Điện mãng châm điều trị bệnh hố mắt,Y học dân tộc và Phục hồi chức năng,Exclude
901,03.0313.0230,3.313,Điện mãng châm điều trị bệnh hố mắt,Y học dân tộc và Phục hồi chức năng,Exclude
902,03.0314.2046,3.314,Điện mãng châm điều trị viêm kết mạc,Y học dân tộc và Phục hồi chức năng,Exclude
903,03.0314.0230,3.314,Điện mãng châm điều trị viêm kết mạc,Y học dân tộc và Phục hồi chức năng,Exclude
904,03.0315.2046,3.315,Điện mãng châm điều trị viêm thần kinh thị giác sau giai đoạn cấp,Y học dân tộc và Phục hồi chức năng,Exclude
905,03.0315.0230,3.315,Điện mãng châm điều trị viêm thần kinh thị giác sau giai đoạn cấp,Y học dân tộc và Phục hồi chức năng,Exclude
906,03.0316.2046,3.316,Điện mãng châm điều trị giảm thị lực do teo gai thị,Y học dân tộc và Phục hồi chức năng,Exclude
907,03.0316.0230,3.316,Điện mãng châm điều trị giảm thị lực do teo gai thị,Y học dân tộc và Phục hồi chức năng,Exclude
908,03.0317.2046,3.317,Điện mãng châm điều trị hội chứng tiền đình,Y học dân tộc và Phục hồi chức năng,Exclude
909,03.0317.0230,3.317,Điện mãng châm điều trị hội chứng tiền đình,Y học dân tộc và Phục hồi chức năng,Exclude
910,03.0318.2046,3.318,Điện mãng châm điều trị giảm thính lực,Y học dân tộc và Phục hồi chức năng,Exclude
911,03.0318.0230,3.318,Điện mãng châm điều trị giảm thính lực,Y học dân tộc và Phục hồi chức năng,Exclude
912,03.0319.2046,3.319,Điện mãng châm điều trị thất ngôn,Y học dân tộc và Phục hồi chức năng,Exclude
913,03.0319.0230,3.319,Điện mãng châm điều trị thất ngôn,Y học dân tộc và Phục hồi chức năng,Exclude
914,03.0320.2046,3.320,Điện mãng châm điều trị hen phế quản,Y học dân tộc và Phục hồi chức năng,Exclude
915,03.0320.0230,3.320,Điện mãng châm điều trị hen phế quản,Y học dân tộc và Phục hồi chức năng,Exclude
916,03.0321.2046,3.321,Điện mãng châm điều trị tăng huyết áp,Y học dân tộc và Phục hồi chức năng,Exclude
917,03.0321.0230,3.321,Điện mãng châm điều trị tăng huyết áp,Y học dân tộc và Phục hồi chức năng,Exclude
918,03.0322.2046,3.322,Điện mãng châm điều trị huyết áp thấp,Y học dân tộc và Phục hồi chức năng,Exclude
919,03.0322.0230,3.322,Điện mãng châm điều trị huyết áp thấp,Y học dân tộc và Phục hồi chức năng,Exclude
920,03.0323.2046,3.323,Điện mãng châm điều trị đau thần kinh liên sườn,Y học dân tộc và Phục hồi chức năng,Exclude
921,03.0323.0230,3.323,Điện mãng châm điều trị đau thần kinh liên sườn,Y học dân tộc và Phục hồi chức năng,Exclude
922,03.0324.2046,3.324,"Điện mãng châm điều trị đau ngực, sườn",Y học dân tộc và Phục hồi chức năng,Exclude
923,03.0324.0230,3.324,"Điện mãng châm điều trị đau ngực, sườn",Y học dân tộc và Phục hồi chức năng,Exclude
924,03.0325.2046,3.325,Điện mãng châm điều trị trĩ,Y học dân tộc và Phục hồi chức năng,Exclude
925,03.0325.0230,3.325,Điện mãng châm điều trị trĩ,Y học dân tộc và Phục hồi chức năng,Exclude
926,03.0326.2046,3.326,Điện mãng châm điều trị sa dạ dày,Y học dân tộc và Phục hồi chức năng,Exclude
927,03.0326.0230,3.326,Điện mãng châm điều trị sa dạ dày,Y học dân tộc và Phục hồi chức năng,Exclude
928,03.0327.2046,3.327,Điện mãng châm điều trị đau dạ dày,Y học dân tộc và Phục hồi chức năng,Exclude
929,03.0327.0230,3.327,Điện mãng châm điều trị đau dạ dày,Y học dân tộc và Phục hồi chức năng,Exclude
930,03.0328.2046,3.328,Điện mãng châm điều trị viêm da thần kinh,Y học dân tộc và Phục hồi chức năng,Exclude
931,03.0328.0230,3.328,Điện mãng châm điều trị viêm da thần kinh,Y học dân tộc và Phục hồi chức năng,Exclude
932,03.0329.2046,3.329,Điện mãng châm điều trị viêm khớp dạng thấp,Y học dân tộc và Phục hồi chức năng,Exclude
933,03.0329.0230,3.329,Điện mãng châm điều trị viêm khớp dạng thấp,Y học dân tộc và Phục hồi chức năng,Exclude
934,03.0330.2046,3.330,Điện mãng châm điều trị thoái hoá khớp,Y học dân tộc và Phục hồi chức năng,Exclude
935,03.0330.0230,3.330,Điện mãng châm điều trị thoái hoá khớp,Y học dân tộc và Phục hồi chức năng,Exclude
936,03.0331.2046,3.331,Điện mãng châm điều trị đau lưng,Y học dân tộc và Phục hồi chức năng,Exclude
937,03.0331.0230,3.331,Điện mãng châm điều trị đau lưng,Y học dân tộc và Phục hồi chức năng,Exclude
938,03.0332.2046,3.332,Điện mãng châm điều trị đau mỏi cơ,Y học dân tộc và Phục hồi chức năng,Exclude
939,03.0332.0230,3.332,Điện mãng châm điều trị đau mỏi cơ,Y học dân tộc và Phục hồi chức năng,Exclude
940,03.0333.2046,3.333,Điện mãng châm điều trị viêm quanh khớp vai,Y học dân tộc và Phục hồi chức năng,Exclude
941,03.0333.0230,3.333,Điện mãng châm điều trị viêm quanh khớp vai,Y học dân tộc và Phục hồi chức năng,Exclude
942,03.0334.2046,3.334,Điện mãng châm điều trị hội chứng vai gáy,Y học dân tộc và Phục hồi chức năng,Exclude
943,03.0334.0230,3.334,Điện mãng châm điều trị hội chứng vai gáy,Y học dân tộc và Phục hồi chức năng,Exclude
944,03.0335.2046,3.335,Điện mãng châm điều trị chứng tic,Y học dân tộc và Phục hồi chức năng,Exclude
945,03.0335.0230,3.335,Điện mãng châm điều trị chứng tic,Y học dân tộc và Phục hồi chức năng,Exclude
946,03.0336.2046,3.336,Điện mãng châm điều trị viêm co cứng cơ delta,Y học dân tộc và Phục hồi chức năng,Exclude
947,03.0336.0230,3.336,Điện mãng châm điều trị viêm co cứng cơ delta,Y học dân tộc và Phục hồi chức năng,Exclude
948,03.0337.2046,3.337,Điện mãng châm điều trị cơn đau quặn thận,Y học dân tộc và Phục hồi chức năng,Exclude
949,03.0337.0230,3.337,Điện mãng châm điều trị cơn đau quặn thận,Y học dân tộc và Phục hồi chức năng,Exclude
950,03.0339.2046,3.339,"Điện mãng châm điều trị rối loạn đại, tiểu tiện",Y học dân tộc và Phục hồi chức năng,Exclude
951,03.0339.0230,3.339,"Điện mãng châm điều trị rối loạn đại, tiểu tiện",Y học dân tộc và Phục hồi chức năng,Exclude
952,03.0340.2046,3.340,Điện mãng châm điều trị chứng táo bón,Y học dân tộc và Phục hồi chức năng,Exclude
953,03.0340.0230,3.340,Điện mãng châm điều trị chứng táo bón,Y học dân tộc và Phục hồi chức năng,Exclude
954,03.0341.2046,3.341,Điện mãng châm điều trị rối loạn tiêu hoá,Y học dân tộc và Phục hồi chức năng,Exclude
955,03.0341.0230,3.341,Điện mãng châm điều trị rối loạn tiêu hoá,Y học dân tộc và Phục hồi chức năng,Exclude
956,03.0342.2046,3.342,Điện mãng châm điều trị đái dầm,Y học dân tộc và Phục hồi chức năng,Exclude
957,03.0342.0230,3.342,Điện mãng châm điều trị đái dầm,Y học dân tộc và Phục hồi chức năng,Exclude
958,03.0343.2046,3.343,Điện mãng châm điều trị bí đái,Y học dân tộc và Phục hồi chức năng,Exclude
959,03.0343.0230,3.343,Điện mãng châm điều trị bí đái,Y học dân tộc và Phục hồi chức năng,Exclude
960,03.0344.2046,3.344,Điện mãng châm điều trị rối loạn thần kinh thực vật,Y học dân tộc và Phục hồi chức năng,Exclude
961,03.0344.0230,3.344,Điện mãng châm điều trị rối loạn thần kinh thực vật,Y học dân tộc và Phục hồi chức năng,Exclude
962,03.0346.2046,3.346,Điện mãng châm điều trị rối loạn thần kinh chức năng sau chấn thương sọ não,Y học dân tộc và Phục hồi chức năng,Exclude
963,03.0346.0230,3.346,Điện mãng châm điều trị rối loạn thần kinh chức năng sau chấn thương sọ não,Y học dân tộc và Phục hồi chức năng,Exclude
964,03.0347.2046,3.347,Điện mãng châm điều trị liệt tứ chi do chấn thương cột sống,Y học dân tộc và Phục hồi chức năng,Exclude
965,03.0347.0230,3.347,Điện mãng châm điều trị liệt tứ chi do chấn thương cột sống,Y học dân tộc và Phục hồi chức năng,Exclude
966,03.0348.2046,3.348,Điện mãng châm điều trị giảm đau sau phẫu thuật,Y học dân tộc và Phục hồi chức năng,Exclude
967,03.0348.0230,3.348,Điện mãng châm điều trị giảm đau sau phẫu thuật,Y học dân tộc và Phục hồi chức năng,Exclude
968,03.0349.2046,3.349,Điện mãng châm điều trị giảm đau do ung thư,Y học dân tộc và Phục hồi chức năng,Exclude
969,03.0349.0230,3.349,Điện mãng châm điều trị giảm đau do ung thư,Y học dân tộc và Phục hồi chức năng,Exclude
970,03.0350.2046,3.350,Điện mãng châm điều trị đau răng,Y học dân tộc và Phục hồi chức năng,Exclude
971,03.0350.0230,3.350,Điện mãng châm điều trị đau răng,Y học dân tộc và Phục hồi chức năng,Exclude
972,03.0351.0230,3.351,Điện nhĩ châm điều trị liệt chi trên,Y học dân tộc và Phục hồi chức năng,Exclude
973,03.0352.0230,3.352,Điện nhĩ châm điều trị liệt chi dưới,Y học dân tộc và Phục hồi chức năng,Exclude
974,03.0353.0230,3.353,Điện nhĩ châm điều trị đau thần kinh tọa,Y học dân tộc và Phục hồi chức năng,Exclude
975,03.0354.0230,3.354,Điện nhĩ châm điều trị liệt nửa người,Y học dân tộc và Phục hồi chức năng,Exclude
976,03.0355.0230,3.355,Điện nhĩ châm điều trị bại não,Y học dân tộc và Phục hồi chức năng,Exclude
977,03.0356.0230,3.356,Điện nhĩ châm điều trị liệt do bệnh của cơ,Y học dân tộc và Phục hồi chức năng,Exclude
978,03.0357.0230,3.357,Điện nhĩ châm điều trị bệnh tự kỷ,Y học dân tộc và Phục hồi chức năng,Exclude
979,03.0358.0230,3.358,Điện nhĩ châm điều trị chứng ù tai,Y học dân tộc và Phục hồi chức năng,Exclude
980,03.0359.0230,3.359,Điện nhĩ châm điều trị giảm khứu giác,Y học dân tộc và Phục hồi chức năng,Exclude
981,03.0360.0230,3.360,"Điện nhĩ châm điều trị chứng nói ngọng, nói lắp",Y học dân tộc và Phục hồi chức năng,Exclude
982,03.0361.0230,3.361,Điện nhĩ châm điều trị khàn tiếng,Y học dân tộc và Phục hồi chức năng,Exclude
983,03.0364.0230,3.364,Điện nhĩ châm điều trị hội chứng ngoại tháp,Y học dân tộc và Phục hồi chức năng,Exclude
984,03.0365.0230,3.365,Điện nhĩ châm điều trị động kinh,Y học dân tộc và Phục hồi chức năng,Exclude
985,03.0366.0230,3.366,"Điện nhĩ châm điều trị đau đầu, đau nửa đầu",Y học dân tộc và Phục hồi chức năng,Exclude
986,03.0367.0230,3.367,Điện nhĩ châm điều trị mất ngủ,Y học dân tộc và Phục hồi chức năng,Exclude
987,03.0368.0230,3.368,Điện nhĩ châm điều trị thiếu máu não mạn tính,Y học dân tộc và Phục hồi chức năng,Exclude
988,03.0369.0230,3.369,"Điện nhĩ châm điều trị tổn thương rễ, đám rối và dây thần kinh",Y học dân tộc và Phục hồi chức năng,Exclude
989,03.0370.0230,3.370,Điện nhĩ châm điều trị tổn thương dây thần kinh V,Y học dân tộc và Phục hồi chức năng,Exclude
990,03.0371.0230,3.371,Điện nhĩ châm điều trị liệt dây thần kinh VII ngoại biên,Y học dân tộc và Phục hồi chức năng,Exclude
991,03.0372.0230,3.372,Điện nhĩ châm điều trị chắp lẹo,Y học dân tộc và Phục hồi chức năng,Exclude
992,03.0373.0230,3.373,Điện nhĩ châm điều trị sụp mi,Y học dân tộc và Phục hồi chức năng,Exclude
993,03.0374.0230,3.374,Điện nhĩ châm điều trị bệnh hố mắt,Y học dân tộc và Phục hồi chức năng,Exclude
994,03.0375.0230,3.375,Điện nhĩ châm điều trị viêm kết mạc,Y học dân tộc và Phục hồi chức năng,Exclude
995,03.0376.0230,3.376,Điện nhĩ châm điều trị viêm thần kinh thị giác sau giai đoạn cấp,Y học dân tộc và Phục hồi chức năng,Exclude
996,03.0377.0230,3.377,Điện nhĩ châm điều trị lác,Y học dân tộc và Phục hồi chức năng,Exclude
997,03.0378.0230,3.378,Điện nhĩ châm điều trị giảm thị lực,Y học dân tộc và Phục hồi chức năng,Exclude
998,03.0380.0230,3.380,Điện nhĩ châm điều trị giảm thính lực,Y học dân tộc và Phục hồi chức năng,Exclude
999,03.0381.0230,3.381,Điện nhĩ châm điều trị thất ngôn,Y học dân tộc và Phục hồi chức năng,Exclude
1000,03.0382.0230,3.382,Điện nhĩ châm điều trị viêm xoang,Y học dân tộc và Phục hồi chức năng,Exclude
1001,03.0383.0230,3.383,Điện nhĩ châm điều trị viêm mũi dị ứng,Y học dân tộc và Phục hồi chức năng,Exclude
1002,03.0384.0230,3.384,Điện nhĩ châm điều trị hen phế quản,Y học dân tộc và Phục hồi chức năng,Exclude
1003,03.0385.0230,3.385,Điện nhĩ châm điều trị tăng huyết áp,Y học dân tộc và Phục hồi chức năng,Exclude
1004,03.0386.0230,3.386,Điện nhĩ châm điều trị huyết áp thấp,Y học dân tộc và Phục hồi chức năng,Exclude
1005,03.0387.0230,3.387,Điện nhĩ châm điều trị đau thần kinh liên sườn,Y học dân tộc và Phục hồi chức năng,Exclude
1006,03.0388.0230,3.388,"Điện nhĩ châm điều trị đau ngực, sườn",Y học dân tộc và Phục hồi chức năng,Exclude
1007,03.0389.0230,3.389,Điện nhĩ châm điều trị trĩ,Y học dân tộc và Phục hồi chức năng,Exclude
1008,03.0390.0230,3.390,Điện nhĩ châm điều trị sa dạ dày,Y học dân tộc và Phục hồi chức năng,Exclude
1009,03.0391.0230,3.391,Điện nhĩ châm điều trị đau dạ dày,Y học dân tộc và Phục hồi chức năng,Exclude
1010,03.0392.0230,3.392,"Điện nhĩ châm điều trị nôn, nấc",Y học dân tộc và Phục hồi chức năng,Exclude
1011,03.0393.0230,3.393,Điện nhĩ châm điều trị đau lưng,Y học dân tộc và Phục hồi chức năng,Exclude
1012,03.0394.0230,3.394,Điện nhĩ châm điều trị đau mỏi cơ,Y học dân tộc và Phục hồi chức năng,Exclude
1013,03.0395.0230,3.395,Điện nhĩ châm điều trị hội chứng vai gáy,Y học dân tộc và Phục hồi chức năng,Exclude
1014,03.0396.0230,3.396,Điện nhĩ châm điều trị đái dầm,Y học dân tộc và Phục hồi chức năng,Exclude
1015,03.0397.0230,3.397,Điện nhĩ châm điều trị bí đái,Y học dân tộc và Phục hồi chức năng,Exclude
1016,03.0398.0230,3.398,Điện nhĩ châm điều trị rối loạn thần kinh thực vật,Y học dân tộc và Phục hồi chức năng,Exclude
1017,03.0399.0230,3.399,Điện nhĩ châm điều trị béo phì,Y học dân tộc và Phục hồi chức năng,Exclude
1018,03.0400.0230,3.400,Điện nhĩ châm điều trị bướu cổ đơn thuần,Y học dân tộc và Phục hồi chức năng,Exclude
1019,03.0401.0230,3.401,Điện nhĩ châm điều trị giảm đau sau phẫu thuật,Y học dân tộc và Phục hồi chức năng,Exclude
1020,03.0402.0230,3.402,Điện nhĩ châm điều trị giảm đau ung thư,Y học dân tộc và Phục hồi chức năng,Exclude
1021,03.0403.0230,3.403,Điện nhĩ châm điều trị đau răng,Y học dân tộc và Phục hồi chức năng,Exclude
1022,03.0404.0227,3.404,Cấy chỉ điều trị di chứng bại liệt,Y học dân tộc và Phục hồi chức năng,Exclude
1023,03.0405.0227,3.405,Cấy chỉ điều trị liệt chi trên,Y học dân tộc và Phục hồi chức năng,Exclude
1024,03.0406.0227,3.406,Cấy chỉ điều trị liệt chi dưới,Y học dân tộc và Phục hồi chức năng,Exclude
1025,03.0407.0227,3.407,Cấy chỉ điều trị liệt nửa người,Y học dân tộc và Phục hồi chức năng,Exclude
1026,03.0408.0227,3.408,Cấy chỉ điều trị liệt do bệnh của cơ,Y học dân tộc và Phục hồi chức năng,Exclude
1027,03.0409.0227,3.409,Cấy chỉ châm điều trị liệt các dây thần kinh,Y học dân tộc và Phục hồi chức năng,Exclude
1028,03.0410.0227,3.410,Cấy chỉ điều trị teo cơ,Y học dân tộc và Phục hồi chức năng,Exclude
1029,03.0411.0227,3.411,Cấy chỉ điều trị đau thần kinh toạ,Y học dân tộc và Phục hồi chức năng,Exclude
1030,03.0412.0227,3.412,Cấy chỉ điều trị bại não,Y học dân tộc và Phục hồi chức năng,Exclude
1031,03.0413.0227,3.413,Cấy chỉ điều trị bệnh tự kỷ,Y học dân tộc và Phục hồi chức năng,Exclude
1032,03.0414.0227,3.414,Cấy chỉ điều trị chứng ù tai,Y học dân tộc và Phục hồi chức năng,Exclude
1033,03.0415.0227,3.415,Cấy chỉ điều trị giảm khứu giác,Y học dân tộc và Phục hồi chức năng,Exclude
1034,03.0416.0227,3.416,"Cấy chỉ điều trị chứng nói ngọng, nói lắp",Y học dân tộc và Phục hồi chức năng,Exclude
1035,03.0417.0227,3.417,Cấy chỉ điều trị khàn tiếng,Y học dân tộc và Phục hồi chức năng,Exclude
1036,03.0420.0227,3.420,Cấy chỉ điều trị bệnh tâm căn suy nhược,Y học dân tộc và Phục hồi chức năng,Exclude
1037,03.0421.0227,3.421,Cấy chỉ điều trị hội chứng ngoại tháp,Y học dân tộc và Phục hồi chức năng,Exclude
1038,03.0422.0227,3.422,Cấy chỉ điều trị động kinh,Y học dân tộc và Phục hồi chức năng,Exclude
1039,03.0423.0227,3.423,"Cấy chỉ điều trị đau đầu, đau nửa đầu",Y học dân tộc và Phục hồi chức năng,Exclude
1040,03.0424.0227,3.424,Cấy chỉ điều trị mất ngủ,Y học dân tộc và Phục hồi chức năng,Exclude
1041,03.0425.0227,3.425,Cấy chỉ điều trị thiếu máu não mạn tính,Y học dân tộc và Phục hồi chức năng,Exclude
1042,03.0426.0227,3.426,"Cấy chỉ điều trị tổn thương dây, rễ và đám rối thần kinh",Y học dân tộc và Phục hồi chức năng,Exclude
1043,03.0427.0227,3.427,Cấy chỉ điều trị tổn thương dây thần kinh V,Y học dân tộc và Phục hồi chức năng,Exclude
1044,03.0428.0227,3.428,Cấy chỉ điều trị liệt dây thần kinh VII ngoại biên,Y học dân tộc và Phục hồi chức năng,Exclude
1045,03.0429.0227,3.429,Cấy chỉ điều trị giảm thị lực do teo gai thị,Y học dân tộc và Phục hồi chức năng,Exclude
1046,03.0430.0227,3.430,Cấy chỉ điều trị rối loạn tiền đình,Y học dân tộc và Phục hồi chức năng,Exclude
1047,03.0431.0227,3.431,Cấy chỉ điều trị giảm thính lực,Y học dân tộc và Phục hồi chức năng,Exclude
1048,03.0432.0227,3.432,Cấy chỉ điều trị thất ngôn,Y học dân tộc và Phục hồi chức năng,Exclude
1049,03.0433.0227,3.433,Cấy chỉ điều trị viêm xoang,Y học dân tộc và Phục hồi chức năng,Exclude
1050,03.0434.0227,3.434,Cấy chỉ điều trị viêm mũi dị ứng,Y học dân tộc và Phục hồi chức năng,Exclude
1051,03.0435.0227,3.435,Cấy chỉ điều trị hen phế quản,Y học dân tộc và Phục hồi chức năng,Exclude
1052,03.0436.0227,3.436,Cấy chỉ điều trị huyết áp thấp,Y học dân tộc và Phục hồi chức năng,Exclude
1053,03.0437.0227,3.437,Cấy chỉ điều trị đau thần kinh liên sườn,Y học dân tộc và Phục hồi chức năng,Exclude
1054,03.0438.0227,3.438,"Cấy chỉ điều trị đau ngực, sườn",Y học dân tộc và Phục hồi chức năng,Exclude
1055,03.0439.0227,3.439,Cấy chỉ điều trị trĩ,Y học dân tộc và Phục hồi chức năng,Exclude
1056,03.0440.0227,3.440,Cấy chỉ điều trị sa dạ dày,Y học dân tộc và Phục hồi chức năng,Exclude
1057,03.0441.0227,3.441,Cấy chỉ điều trị đau dạ dày,Y học dân tộc và Phục hồi chức năng,Exclude
1058,03.0442.0227,3.442,"Cấy chỉ điều trị nôn, nấc",Y học dân tộc và Phục hồi chức năng,Exclude
1059,03.0443.0227,3.443,Cấy chỉ điều trị dị ứng,Y học dân tộc và Phục hồi chức năng,Exclude
1060,03.0444.0227,3.444,Cấy chỉ điều trị viêm khớp dạng thấp,Y học dân tộc và Phục hồi chức năng,Exclude
1061,03.0445.0227,3.445,Cấy chỉ điều trị thoái hoá khớp,Y học dân tộc và Phục hồi chức năng,Exclude
1062,03.0446.0227,3.446,Cấy chỉ điều trị đau lưng,Y học dân tộc và Phục hồi chức năng,Exclude
1063,03.0447.0227,3.447,Cấy chỉ điều trị đau mỏi cơ,Y học dân tộc và Phục hồi chức năng,Exclude
1064,03.0448.0227,3.448,Cấy chỉ điều trị viêm quanh khớp vai,Y học dân tộc và Phục hồi chức năng,Exclude
1065,03.0449.0227,3.449,Cấy chỉ điều trị hội chứng vai gáy,Y học dân tộc và Phục hồi chức năng,Exclude
1066,03.0450.0227,3.450,Cấy chỉ điều trị viêm co cứng cơ delta,Y học dân tộc và Phục hồi chức năng,Exclude
1067,03.0451.0227,3.451,"Cấy chỉ điều trị đại, tiểu tiện không tự chủ",Y học dân tộc và Phục hồi chức năng,Exclude
1068,03.0452.0227,3.452,Cấy chỉ điều trị táo bón,Y học dân tộc và Phục hồi chức năng,Exclude
1069,03.0453.0227,3.453,Cấy chỉ điều trị đái dầm,Y học dân tộc và Phục hồi chức năng,Exclude
1070,03.0454.0227,3.454,Cấy chỉ điều trị bí đái,Y học dân tộc và Phục hồi chức năng,Exclude
1071,03.0455.0227,3.455,Cấy chỉ điều trị rối loạn thần kinh thực vật,Y học dân tộc và Phục hồi chức năng,Exclude
1072,03.0456.0227,3.456,Cấy chỉ điều trị bướu cổ đơn thuần,Y học dân tộc và Phục hồi chức năng,Exclude
1073,03.0457.0227,3.457,Cấy chỉ điều trị rối loạn chức năng do chấn thương sọ não,Y học dân tộc và Phục hồi chức năng,Exclude
1074,03.0458.0227,3.458,Cấy chỉ điều trị liệt tứ chi do chấn thương cột sống,Y học dân tộc và Phục hồi chức năng,Exclude
1075,03.0459.0227,3.459,Cấy chỉ điều trị giảm đau sau phẫu thuật,Y học dân tộc và Phục hồi chức năng,Exclude
1076,03.0460.0227,3.460,Cấy chỉ điều trị giảm đau do ung thư,Y học dân tộc và Phục hồi chức năng,Exclude
1077,03.0461.0230,3.461,Điện châm điều trị di chứng bại liệt,Y học dân tộc và Phục hồi chức năng,Exclude
1078,03.0462.0230,3.462,Điện châm điều trị liệt chi trên,Y học dân tộc và Phục hồi chức năng,Exclude
1079,03.0463.0230,3.463,Điện châm điều trị liệt chi dưới,Y học dân tộc và Phục hồi chức năng,Exclude
1080,03.0464.0230,3.464,Điện châm điều trị liệt nửa người,Y học dân tộc và Phục hồi chức năng,Exclude
1081,03.0465.0230,3.465,Điện châm điều trị liệt do bệnh của cơ,Y học dân tộc và Phục hồi chức năng,Exclude
1082,03.0466.0230,3.466,Điện châm điều trị teo cơ,Y học dân tộc và Phục hồi chức năng,Exclude
1083,03.0467.0230,3.467,Điện châm điều trị đau thần kinh toạ,Y học dân tộc và Phục hồi chức năng,Exclude
1084,03.0468.0230,3.468,Điện châm điều trị bại não,Y học dân tộc và Phục hồi chức năng,Exclude
1085,03.0469.0230,3.469,Điện châm điều trị bệnh tự kỷ,Y học dân tộc và Phục hồi chức năng,Exclude
1086,03.0470.0230,3.470,Điện châm điều trị chứng ù tai,Y học dân tộc và Phục hồi chức năng,Exclude
1087,03.0471.0230,3.471,Điện châm điều trị giảm khứu giác,Y học dân tộc và Phục hồi chức năng,Exclude
1088,03.0472.0230,3.472,"Điện châm điều trị chứng nói ngọng, nói lắp",Y học dân tộc và Phục hồi chức năng,Exclude
1089,03.0473.0230,3.473,Điện châm điều trị khàn tiếng,Y học dân tộc và Phục hồi chức năng,Exclude
1090,03.0476.0230,3.476,Điện châm điều trị hội chứng ngoại tháp,Y học dân tộc và Phục hồi chức năng,Exclude
1091,03.0477.0230,3.477,Điện châm điều trị động kinh cục bộ,Y học dân tộc và Phục hồi chức năng,Exclude
1092,03.0478.0230,3.478,"Điện châm điều trị đau đầu, đau nửa đầu",Y học dân tộc và Phục hồi chức năng,Exclude
1093,03.0479.0230,3.479,Điện châm điều trị mất ngủ,Y học dân tộc và Phục hồi chức năng,Exclude
1094,03.0480.0230,3.480,Điện châm điều trị stress,Y học dân tộc và Phục hồi chức năng,Exclude
1095,03.0481.0230,3.481,Điện châm điều trị thiếu máu não mạn tính,Y học dân tộc và Phục hồi chức năng,Exclude
1096,03.0482.0230,3.482,"Điện châm điều trị tổn thương gây liệt rễ, đám rối và dây thần kinh",Y học dân tộc và Phục hồi chức năng,Exclude
1097,03.0483.0230,3.483,Điện châm điều trị tổn thương dây thần kinh V,Y học dân tộc và Phục hồi chức năng,Exclude
1098,03.0484.0230,3.484,Điện châm điều trị liệt dây thần kinh VII ngoại biên,Y học dân tộc và Phục hồi chức năng,Exclude
1099,03.0485.0230,3.485,Điện châm điều trị chắp lẹo,Y học dân tộc và Phục hồi chức năng,Exclude
1100,03.0486.0230,3.486,Điện châm điều trị sụp mi,Y học dân tộc và Phục hồi chức năng,Exclude
1101,03.0487.0230,3.487,Điện châm điều trị bệnh hố mắt,Y học dân tộc và Phục hồi chức năng,Exclude
1102,03.0488.0230,3.488,Điện châm điều trị viêm kết mạc,Y học dân tộc và Phục hồi chức năng,Exclude
1103,03.0489.0230,3.489,Điện châm điều trị viêm thần kinh thị giác sau giai đoạn cấp,Y học dân tộc và Phục hồi chức năng,Exclude
1104,03.0490.0230,3.490,Điện châm điều trị lác,Y học dân tộc và Phục hồi chức năng,Exclude
1105,03.0491.0230,3.491,Điện châm điều trị giảm thị lực,Y học dân tộc và Phục hồi chức năng,Exclude
1106,03.0492.0230,3.492,Điện châm điều trị hội chứng tiền đình,Y học dân tộc và Phục hồi chức năng,Exclude
1107,03.0493.0230,3.493,Điện châm điều trị giảm thính lực,Y học dân tộc và Phục hồi chức năng,Exclude
1108,03.0494.0230,3.494,Điện châm điều trị thất ngôn,Y học dân tộc và Phục hồi chức năng,Exclude
1109,03.0495.0230,3.495,Điện châm điều trị rối loạn cảm giác đầu chi,Y học dân tộc và Phục hồi chức năng,Exclude
1110,03.0496.0230,3.496,Điện châm điều trị viêm co cứng cơ delta,Y học dân tộc và Phục hồi chức năng,Exclude
1111,03.0497.0230,3.497,Điện châm điều trị nôn nấc,Y học dân tộc và Phục hồi chức năng,Exclude
1112,03.0498.0230,3.498,Điện châm điều trị cơn đau quặn thận,Y học dân tộc và Phục hồi chức năng,Exclude
1113,03.0499.0230,3.499,Điện châm điều trị viêm bàng quang cấp,Y học dân tộc và Phục hồi chức năng,Exclude
1114,03.0500.0230,3.500,Điện châm điều trị viêm phần phụ,Y học dân tộc và Phục hồi chức năng,Exclude
1115,03.0501.0230,3.501,"Điện châm điều rối loạn trị đại, tiểu tiện",Y học dân tộc và Phục hồi chức năng,Exclude
1116,03.0502.0230,3.502,Điện châm điều trị táo bón,Y học dân tộc và Phục hồi chức năng,Exclude
1117,03.0503.0230,3.503,Điện châm điều trị rối loạn tiêu hoá,Y học dân tộc và Phục hồi chức năng,Exclude
1118,03.0504.0230,3.504,Điện châm điều trị rối loạn cảm giác,Y học dân tộc và Phục hồi chức năng,Exclude
1119,03.0505.0230,3.505,Điện châm điều trị đái dầm,Y học dân tộc và Phục hồi chức năng,Exclude
1120,03.0506.0230,3.506,Điện châm điều trị bí đái,Y học dân tộc và Phục hồi chức năng,Exclude
1121,03.0507.0230,3.507,Điện châm điều trị rối loạn thần kinh thực vật,Y học dân tộc và Phục hồi chức năng,Exclude
1122,03.0508.0230,3.508,Điện châm điều trị cảm cúm,Y học dân tộc và Phục hồi chức năng,Exclude
1123,03.0509.0230,3.509,Điện châm điều trị viêm Amidan cấp,Y học dân tộc và Phục hồi chức năng,Exclude
1124,03.0511.0230,3.511,Điện châm điều trị bướu cổ đơn thuần,Y học dân tộc và Phục hồi chức năng,Exclude
1125,03.0512.0230,3.512,Điện châm điều trị rối loạn chức năng do chấn thương sọ não,Y học dân tộc và Phục hồi chức năng,Exclude
1126,03.0513.0230,3.513,Điện châm điều trị liệt tứ chi do chấn thương cột sống,Y học dân tộc và Phục hồi chức năng,Exclude
1127,03.0514.0230,3.514,Điện châm điều trị giảm đau sau phẫu thuật,Y học dân tộc và Phục hồi chức năng,Exclude
1128,03.0515.0230,3.515,Điện châm điều trị giảm đau do ung thư,Y học dân tộc và Phục hồi chức năng,Exclude
1129,03.0516.0230,3.516,Điện châm điều trị đau răng,Y học dân tộc và Phục hồi chức năng,Exclude
1130,03.0517.0230,3.517,Điện châm điều trị giảm đau do Zona,Y học dân tộc và Phục hồi chức năng,Exclude
1131,03.0518.0230,3.518,Điện châm điều trị viêm mũi xoang,Y học dân tộc và Phục hồi chức năng,Exclude
1132,03.0519.0230,3.519,Điện châm điều trị hen phế quản,Y học dân tộc và Phục hồi chức năng,Exclude
1133,03.0520.0230,3.520,Điện châm điều trị tăng huyết áp,Y học dân tộc và Phục hồi chức năng,Exclude
1134,03.0521.0230,3.521,Điện châm điều trị huyết áp thấp,Y học dân tộc và Phục hồi chức năng,Exclude
1135,03.0522.0230,3.522,Điện châm điều trị đau dây thần kinh liên sườn,Y học dân tộc và Phục hồi chức năng,Exclude
1136,03.0523.0230,3.523,Điện châm điều trị đau ngực sườn,Y học dân tộc và Phục hồi chức năng,Exclude
1137,03.0524.0230,3.524,Điện châm điều trị viêm đa dây thần kinh,Y học dân tộc và Phục hồi chức năng,Exclude
1138,03.0525.0230,3.525,Điện châm điều trị viêm khớp dạng thấp,Y học dân tộc và Phục hồi chức năng,Exclude
1139,03.0526.0230,3.526,Điện châm điều trị thoái hoá khớp,Y học dân tộc và Phục hồi chức năng,Exclude
1140,03.0527.0230,3.527,Điện châm điều trị đau lưng,Y học dân tộc và Phục hồi chức năng,Exclude
1141,03.0528.0230,3.528,Điện châm điều trị đau mỏi cơ,Y học dân tộc và Phục hồi chức năng,Exclude
1142,03.0529.0230,3.529,Điện châm điều trị viêm quanh khớp vai,Y học dân tộc và Phục hồi chức năng,Exclude
1143,03.0530.0230,3.530,Điện châm điều trị hội chứng vai gáy,Y học dân tộc và Phục hồi chức năng,Exclude
1144,03.0531.0230,3.531,Điện châm điều trị chứng tic,Y học dân tộc và Phục hồi chức năng,Exclude
1145,03.0532.0271,3.532,Thuỷ châm điều trị liệt,Y học dân tộc và Phục hồi chức năng,Exclude
1146,03.0533.0271,3.533,Thuỷ châm điều trị liệt chi trên,Y học dân tộc và Phục hồi chức năng,Exclude
1147,03.0534.0271,3.534,Thuỷ châm điều trị liệt chi dưới,Y học dân tộc và Phục hồi chức năng,Exclude
1148,03.0535.0271,3.535,Thuỷ châm điều trị liệt nửa người,Y học dân tộc và Phục hồi chức năng,Exclude
1149,03.0536.0271,3.536,Thuỷ châm điều trị liệt do bệnh của cơ,Y học dân tộc và Phục hồi chức năng,Exclude
1150,03.0537.0271,3.537,Thuỷ châm điều trị teo cơ,Y học dân tộc và Phục hồi chức năng,Exclude
1151,03.0538.0271,3.538,Thuỷ châm điều trị đau thần kinh toạ,Y học dân tộc và Phục hồi chức năng,Exclude
1152,03.0539.0271,3.539,Thuỷ châm điều trị bại não,Y học dân tộc và Phục hồi chức năng,Exclude
1153,03.0540.0271,3.540,Thuỷ châm điều trị bệnh tự kỷ,Y học dân tộc và Phục hồi chức năng,Exclude
1154,03.0541.0271,3.541,Thuỷ châm điều trị chứng ù tai,Y học dân tộc và Phục hồi chức năng,Exclude
1155,03.0542.0271,3.542,Thuỷ châm điều trị giảm khứu giác,Y học dân tộc và Phục hồi chức năng,Exclude
1156,03.0543.0271,3.543,Thuỷ châm điều trị rối loạn vận ngôn,Y học dân tộc và Phục hồi chức năng,Exclude
1157,03.0544.0271,3.544,Thuỷ châm điều trị khàn tiếng,Y học dân tộc và Phục hồi chức năng,Exclude
1158,03.0547.0271,3.547,Thuỷ châm điều trị hội chứng ngoại tháp,Y học dân tộc và Phục hồi chức năng,Exclude
1159,03.0548.0271,3.548,Thuỷ châm điều trị động kinh,Y học dân tộc và Phục hồi chức năng,Exclude
1160,03.0549.0271,3.549,"Thuỷ châm điều trị đau đầu, đau nửa đầu",Y học dân tộc và Phục hồi chức năng,Exclude
1161,03.0550.0271,3.550,Thuỷ châm điều trị mất ngủ,Y học dân tộc và Phục hồi chức năng,Exclude
1162,03.0551.0271,3.551,Thuỷ châm điều trị stress,Y học dân tộc và Phục hồi chức năng,Exclude
1163,03.0552.0271,3.552,Thuỷ châm điều trị thiếu máu não mạn tính,Y học dân tộc và Phục hồi chức năng,Exclude
1164,03.0553.0271,3.553,"Thuỷ châm điều trị tổn thương rễ, đám rối và dây thần kinh",Y học dân tộc và Phục hồi chức năng,Exclude
1165,03.0554.0271,3.554,Thuỷ châm điều trị tổn thương dây thần kinh V,Y học dân tộc và Phục hồi chức năng,Exclude
1166,03.0555.0271,3.555,Thuỷ châm điều trị liệt dây thần kinh số VII ngoại biên,Y học dân tộc và Phục hồi chức năng,Exclude
1167,03.0556.0271,3.556,Thuỷ châm điều trị sụp mi,Y học dân tộc và Phục hồi chức năng,Exclude
1168,03.0557.0271,3.557,Thuỷ châm điều trị bệnh hố mắt,Y học dân tộc và Phục hồi chức năng,Exclude
1169,03.0558.0271,3.558,Thuỷ châm điều trị viêm thần kinh thị giác sau giai đoạn cấp,Y học dân tộc và Phục hồi chức năng,Exclude
1170,03.0559.0271,3.559,Thuỷ châm điều trị lác,Y học dân tộc và Phục hồi chức năng,Exclude
1171,03.0560.0271,3.560,Thuỷ châm điều trị giảm thị lực,Y học dân tộc và Phục hồi chức năng,Exclude
1172,03.0561.0271,3.561,Thuỷ châm điều trị hội chứng tiền đình,Y học dân tộc và Phục hồi chức năng,Exclude
1173,03.0562.0271,3.562,Thuỷ châm điều trị giảm thính lực,Y học dân tộc và Phục hồi chức năng,Exclude
1174,03.0563.0271,3.563,Thuỷ châm điều trị thất ngôn,Y học dân tộc và Phục hồi chức năng,Exclude
1175,03.0564.0271,3.564,Thuỷ châm điều trị viêm xoang,Y học dân tộc và Phục hồi chức năng,Exclude
1176,03.0565.0271,3.565,Thuỷ châm điều trị viêm mũi dị ứng,Y học dân tộc và Phục hồi chức năng,Exclude
1177,03.0566.0271,3.566,Thuỷ châm điều trị hen phế quản,Y học dân tộc và Phục hồi chức năng,Exclude
1178,03.0567.0271,3.567,Thuỷ châm điều trị tăng huyết áp,Y học dân tộc và Phục hồi chức năng,Exclude
1179,03.0568.0271,3.568,Thuỷ châm điều trị huyết áp thấp,Y học dân tộc và Phục hồi chức năng,Exclude
1180,03.0569.0271,3.569,Thuỷ châm điều trị đau vùng ngực,Y học dân tộc và Phục hồi chức năng,Exclude
1181,03.0570.0271,3.570,Thuỷ châm điều trị đau thần kinh liên sườn,Y học dân tộc và Phục hồi chức năng,Exclude
1182,03.0571.0271,3.571,"Thuỷ châm điều trị đau ngực, sườn",Y học dân tộc và Phục hồi chức năng,Exclude
1183,03.0572.0271,3.572,Thuỷ châm điều trị trĩ,Y học dân tộc và Phục hồi chức năng,Exclude
1184,03.0573.0271,3.573,Thuỷ châm điều trị sa dạ dày,Y học dân tộc và Phục hồi chức năng,Exclude
1185,03.0574.0271,3.574,Thuỷ châm điều trị đau dạ dày,Y học dân tộc và Phục hồi chức năng,Exclude
1186,03.0575.0271,3.575,"Thuỷ châm điều trị nôn, nấc",Y học dân tộc và Phục hồi chức năng,Exclude
1187,03.0576.0271,3.576,Thuỷ châm điều trị bệnh vẩy nến,Y học dân tộc và Phục hồi chức năng,Exclude
1188,03.0577.0271,3.577,Thuỷ châm điều trị dị ứng,Y học dân tộc và Phục hồi chức năng,Exclude
1189,03.0578.0271,3.578,Thuỷ châm điều trị viêm khớp dạng thấp,Y học dân tộc và Phục hồi chức năng,Exclude
1190,03.0579.0271,3.579,Thuỷ châm điều trị thoái hoá khớp,Y học dân tộc và Phục hồi chức năng,Exclude
1191,03.0580.0271,3.580,Thuỷ châm điều trị đau lưng,Y học dân tộc và Phục hồi chức năng,Exclude
1192,03.0581.0271,3.581,Thuỷ châm điều trị đau mỏi cơ,Y học dân tộc và Phục hồi chức năng,Exclude
1193,03.0582.0271,3.582,Thuỷ châm điều trị viêm quanh khớp vai,Y học dân tộc và Phục hồi chức năng,Exclude
1194,03.0583.0271,3.583,Thuỷ châm điều trị hội chứng vai gáy,Y học dân tộc và Phục hồi chức năng,Exclude
1195,03.0584.0271,3.584,Thuỷ châm điều trị chứng tic,Y học dân tộc và Phục hồi chức năng,Exclude
1196,03.0585.0271,3.585,Thuỷ châm điều trị rối loạn cảm giác đầu chi,Y học dân tộc và Phục hồi chức năng,Exclude
1197,03.0586.0271,3.586,Thuỷ châm điều trị viêm co cứng cơ delta,Y học dân tộc và Phục hồi chức năng,Exclude
1198,03.0587.0271,3.587,Thuỷ châm điều trị cơn đau quặn thận,Y học dân tộc và Phục hồi chức năng,Exclude
1199,03.0588.0271,3.588,"Thuỷ châm điều trị rối loạn đại, tiểu tiện",Y học dân tộc và Phục hồi chức năng,Exclude
1200,03.0589.0271,3.589,Thuỷ châm điều trị táo bón,Y học dân tộc và Phục hồi chức năng,Exclude
1201,03.0590.0271,3.590,Thuỷ châm điều trị rối loạn tiêu hoá,Y học dân tộc và Phục hồi chức năng,Exclude
1202,03.0591.0271,3.591,Thuỷ châm điều trị rối loạn cảm giác,Y học dân tộc và Phục hồi chức năng,Exclude
1203,03.0592.0271,3.592,Thuỷ châm điều trị đái dầm,Y học dân tộc và Phục hồi chức năng,Exclude
1204,03.0593.0271,3.593,Thuỷ châm điều trị bí đái,Y học dân tộc và Phục hồi chức năng,Exclude
1205,03.0594.0271,3.594,Thuỷ châm điều trị rối loạn thần kinh thực vật,Y học dân tộc và Phục hồi chức năng,Exclude
1206,03.0596.0271,3.596,Thuỷ châm điều trị bướu cổ đơn thuần,Y học dân tộc và Phục hồi chức năng,Exclude
1207,03.0597.0271,3.597,Thuỷ châm điều trị rối loạn chức năng do chấn thương sọ não,Y học dân tộc và Phục hồi chức năng,Exclude
1208,03.0598.0271,3.598,Thuỷ châm điều trị liệt tứ chi do chấn thương cột sống,Y học dân tộc và Phục hồi chức năng,Exclude
1209,03.0599.0271,3.599,Thuỷ châm điều trị giảm đau sau phẫu thuật,Y học dân tộc và Phục hồi chức năng,Exclude
1210,03.0600.0271,3.600,Thuỷ châm điều trị giảm đau do ung thư,Y học dân tộc và Phục hồi chức năng,Exclude
1211,03.0601.0271,3.601,Thuỷ châm điều trị đau răng,Y học dân tộc và Phục hồi chức năng,Exclude
1212,03.0602.0271,3.602,Thuỷ châm điều trị hội chứng tiền đình,Y học dân tộc và Phục hồi chức năng,Exclude
1213,03.0603.0280,3.603,Xoa bóp bấm huyệt điều trị liệt,Y học dân tộc và Phục hồi chức năng,Exclude
1214,03.0604.0280,3.604,Xoa bóp bấm huyệt điều trị liệt chi trên,Y học dân tộc và Phục hồi chức năng,Exclude
1215,03.0605.0280,3.605,Xoa bóp bấm huyệt điều trị liệt chi dưới,Y học dân tộc và Phục hồi chức năng,Exclude
1216,03.0606.0280,3.606,Xoa bóp bấm huyệt điều trị liệt nửa người,Y học dân tộc và Phục hồi chức năng,Exclude
1217,03.0607.0280,3.607,Xoa bóp bấm huyệt điều trị đau thần kinh toạ,Y học dân tộc và Phục hồi chức năng,Exclude
1218,03.0608.0280,3.608,Xoa bóp bấm huyệt điều trị liệt do viêm não,Y học dân tộc và Phục hồi chức năng,Exclude
1219,03.0609.0280,3.609,Xoa bóp bấm huyệt điều trị bại não trẻ em,Y học dân tộc và Phục hồi chức năng,Exclude
1220,03.0610.0280,3.610,Xoa bóp bấm huyệt điều trị cứng khớp chi trên,Y học dân tộc và Phục hồi chức năng,Exclude
1221,03.0611.0280,3.611,Xoa bóp bấm huyệt điều trị cứng khớp chi dưới,Y học dân tộc và Phục hồi chức năng,Exclude
1222,03.0612.0280,3.612,Xoa bóp bấm huyệt điều trị choáng ngất,Y học dân tộc và Phục hồi chức năng,Exclude
1223,03.0613.0280,3.613,Xoa búp bấm huyệt điều trị bệnh tự kỷ,Y học dân tộc và Phục hồi chức năng,Exclude
1224,03.0614.0280,3.614,Xoa bóp bấm huyệt điều trị chứng ù tai,Y học dân tộc và Phục hồi chức năng,Exclude
1225,03.0615.0280,3.615,Xoa bóp bấm huyệt điều trị giảm khứu giác,Y học dân tộc và Phục hồi chức năng,Exclude
1226,03.0616.0280,3.616,Xoa bóp bấm huyệt điều trị liệt do bệnh của cơ,Y học dân tộc và Phục hồi chức năng,Exclude
1227,03.0617.0280,3.617,Xoa bóp bấm huyệt điều trị liệt các dây thần kinh,Y học dân tộc và Phục hồi chức năng,Exclude
1228,03.0618.0280,3.618,Xoa bóp bấm huyệt điều trị teo cơ,Y học dân tộc và Phục hồi chức năng,Exclude
1229,03.0621.0280,3.621,Xoa bóp bấm huyệt điều trị tâm căn suy nhược,Y học dân tộc và Phục hồi chức năng,Exclude
1230,03.0622.0280,3.622,Xoa búp bấm huyệt điều trị hội chứng ngoại tháp,Y học dân tộc và Phục hồi chức năng,Exclude
1231,03.0623.0280,3.623,Xoa bóp bấm huyệt điều trị động kinh,Y học dân tộc và Phục hồi chức năng,Exclude
1232,03.0624.0280,3.624,"Xoa bóp bấm huyệt điều trị đau đầu, đau nửa đầu",Y học dân tộc và Phục hồi chức năng,Exclude
1233,03.0625.0280,3.625,Xoa bóp bấm huyệt điều trị mất ngủ,Y học dân tộc và Phục hồi chức năng,Exclude
1234,03.0626.0280,3.626,Xoa bóp bấm huyệt điều trị stress,Y học dân tộc và Phục hồi chức năng,Exclude
1235,03.0627.0280,3.627,Xoa bóp bấm huyệt điều trị thiếu máu não mạn tính,Y học dân tộc và Phục hồi chức năng,Exclude
1236,03.0628.0280,3.628,"Xoa bóp bấm huyệt điều trị tổn thương rễ, đám rối và dây thần kinh",Y học dân tộc và Phục hồi chức năng,Exclude
1237,03.0629.0280,3.629,Xoa bóp bấm huyệt điều trị tổn thương dây thần kinh V,Y học dân tộc và Phục hồi chức năng,Exclude
1238,03.0630.0280,3.630,Xoa bóp bấm huyệt điều trị liệt dây thần kinh số VII ngoại biên,Y học dân tộc và Phục hồi chức năng,Exclude
1239,03.0631.0280,3.631,Xoa bóp bấm huyệt điều trị sụp mi,Y học dân tộc và Phục hồi chức năng,Exclude
1240,03.0632.0280,3.632,Xoa bóp bấm huyệt điều trị viêm thần kinh thị giác sau giai đoạn cấp,Y học dân tộc và Phục hồi chức năng,Exclude
1241,03.0633.0280,3.633,Xoa bóp bấm huyệt điều trị lác,Y học dân tộc và Phục hồi chức năng,Exclude
1242,03.0634.0280,3.634,Xoa bóp bấm huyệt điều trị giảm thị lực do teo gai thị,Y học dân tộc và Phục hồi chức năng,Exclude
1243,03.0635.0280,3.635,Xoa bóp bấm huyệt điều trị hội chứng tiền đình,Y học dân tộc và Phục hồi chức năng,Exclude
1244,03.0636.0280,3.636,Xoa bóp bấm huyệt điều trị giảm thính lực,Y học dân tộc và Phục hồi chức năng,Exclude
1245,03.0637.0280,3.637,Xoa bóp bấm huyệt điều trị viêm mũi xoang,Y học dân tộc và Phục hồi chức năng,Exclude
1246,03.0638.0280,3.638,Xoa bóp bấm huyệt điều trị hen phế quản,Y học dân tộc và Phục hồi chức năng,Exclude
1247,03.0639.0280,3.639,Xoa bóp bấm huyệt điều trị tăng huyết áp,Y học dân tộc và Phục hồi chức năng,Exclude
1248,03.0640.0280,3.640,Xoa búp bấm huyệt điều trị huyết áp thấp,Y học dân tộc và Phục hồi chức năng,Exclude
1249,03.0641.0280,3.641,Xoa bóp bấm huyệt điều trị đau vùng ngực,Y học dân tộc và Phục hồi chức năng,Exclude
1250,03.0642.0280,3.642,Xoa bóp bấm huyệt điều trị đau thần kinh liên sườn,Y học dân tộc và Phục hồi chức năng,Exclude
1251,03.0643.0280,3.643,"Xoa bóp bấm huyệt điều trị đau ngực, sườn",Y học dân tộc và Phục hồi chức năng,Exclude
1252,03.0644.0280,3.644,Xoa bóp bấm huyệt điều trị đau dạ dày,Y học dân tộc và Phục hồi chức năng,Exclude
1253,03.0645.0280,3.645,"Xoa bóp bấm huyệt điều trị nôn, nấc",Y học dân tộc và Phục hồi chức năng,Exclude
1254,03.0646.0280,3.646,Xoa bóp bấm huyệt điều trị viêm khớp dạng thấp,Y học dân tộc và Phục hồi chức năng,Exclude
1255,03.0647.0280,3.647,Xoa bóp bấm huyệt điều trị thoái hoá khớp,Y học dân tộc và Phục hồi chức năng,Exclude
1256,03.0648.0280,3.648,Xoa bóp bấm huyệt điều trị đau lưng,Y học dân tộc và Phục hồi chức năng,Exclude
1257,03.0649.0280,3.649,Xoa bóp bấm huyệt điều trị đau mỏi cơ,Y học dân tộc và Phục hồi chức năng,Exclude
1258,03.0650.0280,3.650,Xoa búp bấm huyệt điều trị viêm quanh khớp vai,Y học dân tộc và Phục hồi chức năng,Exclude
1259,03.0651.0280,3.651,Xoa bóp bấm huyệt điều trị hội chứng vai gáy,Y học dân tộc và Phục hồi chức năng,Exclude
1260,03.0652.0280,3.652,Xoa bóp bấm huyệt điều trị chứng tic,Y học dân tộc và Phục hồi chức năng,Exclude
1261,03.0653.0280,3.653,"Xoa bóp bấm huyệt điều trị nôn, nấc",Y học dân tộc và Phục hồi chức năng,Exclude
1262,03.0654.0280,3.654,Xoa bóp bấm huyệt điều trị rối loạn cảm giác đầu chi,Y học dân tộc và Phục hồi chức năng,Exclude
1263,03.0655.0280,3.655,Xoa bóp bấm huyệt điều trị viêm co cứng cơ delta,Y học dân tộc và Phục hồi chức năng,Exclude
1264,03.0656.0280,3.656,"Xoa bóp bấm huyệt điều trị rối loạn đại, tiểu tiện",Y học dân tộc và Phục hồi chức năng,Exclude
1265,03.0657.0280,3.657,Xoa bóp bấm huyệt điều trị táo bón,Y học dân tộc và Phục hồi chức năng,Exclude
1266,03.0658.0280,3.658,Xoa bóp bấm huyệt điều trị rối loạn tiêu hoá,Y học dân tộc và Phục hồi chức năng,Exclude
1267,03.0659.0280,3.659,Xoa bóp bấm huyệt điều trị rối loạn cảm giác,Y học dân tộc và Phục hồi chức năng,Exclude
1268,03.0660.0280,3.660,Xoa bóp bấm huyệt điều trị bí đái,Y học dân tộc và Phục hồi chức năng,Exclude
1269,03.0661.0280,3.661,Xoa bóp bấm huyệt điều trị rối loạn thần kinh thực vật,Y học dân tộc và Phục hồi chức năng,Exclude
1270,03.0663.0280,3.663,Xoa bóp bấm huyệt điều trị rối loạn chức năng do chấn thương sọ não,Y học dân tộc và Phục hồi chức năng,Exclude
1271,03.0664.0280,3.664,Xoa bóp bấm huyệt điều trị liệt tứ chi do chấn thương cột sống,Y học dân tộc và Phục hồi chức năng,Exclude
1272,03.0665.0280,3.665,Xoa bóp bấm huyệt điều trị giảm đau sau phẫu thuật,Y học dân tộc và Phục hồi chức năng,Exclude
1273,03.0666.0280,3.666,Xoa bóp bấm huyệt điều trị giảm đau do ung thư,Y học dân tộc và Phục hồi chức năng,Exclude
1274,03.0667.0280,3.667,Xoa bóp bấm huyệt điều trị đau răng,Y học dân tộc và Phục hồi chức năng,Exclude
1275,03.0668.0280,3.668,Xoa bóp bấm huyệt điều trị đái dầm,Y học dân tộc và Phục hồi chức năng,Exclude
1276,03.0669.0280,3.669,Xoa bóp bấm huyệt điều trị sa trực tràng,Y học dân tộc và Phục hồi chức năng,Exclude
1277,03.0670.0280,3.670,Xoa bóp bấm huyệt điều trị hysteria,Y học dân tộc và Phục hồi chức năng,Exclude
1278,03.0671.0228,3.671,Cứu điều trị đau lưng thể hàn,Y học dân tộc và Phục hồi chức năng,Exclude
1279,03.0672.0228,3.672,Cứu điều trị đau thần kinh toạ thể hàn,Y học dân tộc và Phục hồi chức năng,Exclude
1280,03.0673.0228,3.673,Cứu điều trị đau bụng ỉa chảy thể hàn,Y học dân tộc và Phục hồi chức năng,Exclude
1281,03.0674.0228,3.674,Cứu điều trị liệt thần kinh VII ngoại biên thể hàn,Y học dân tộc và Phục hồi chức năng,Exclude
1282,03.0675.0228,3.675,Cứu điều trị đau vai gáy cấp thể hàn,Y học dân tộc và Phục hồi chức năng,Exclude
1283,03.0676.0228,3.676,Cứu điều trị ngoại cảm phong hàn,Y học dân tộc và Phục hồi chức năng,Exclude
1284,03.0677.0228,3.677,Cứu điều trị liệt thể hàn,Y học dân tộc và Phục hồi chức năng,Exclude
1285,03.0678.0228,3.678,Cứu điều trị liệt chi trên thể hàn,Y học dân tộc và Phục hồi chức năng,Exclude
1286,03.0679.0228,3.679,Cứu điều trị liệt chi dưới thể hàn,Y học dân tộc và Phục hồi chức năng,Exclude
1287,03.0680.0228,3.680,Cứu điều trị liệt nửa người thể hàn,Y học dân tộc và Phục hồi chức năng,Exclude
1288,03.0681.0228,3.681,Cứu điều trị liệt do bệnh của cơ thể hàn,Y học dân tộc và Phục hồi chức năng,Exclude
1289,03.0682.0228,3.682,Cứu điều trị bại não thể hàn,Y học dân tộc và Phục hồi chức năng,Exclude
1290,03.0683.0228,3.683,Cứu điều trị bệnh tự kỷ thể hàn,Y học dân tộc và Phục hồi chức năng,Exclude
1291,03.0684.0228,3.684,Cứu điều trị ù tai thể hàn,Y học dân tộc và Phục hồi chức năng,Exclude
1292,03.0685.0228,3.685,Cứu điều trị giảm khứu giác thể hàn,Y học dân tộc và Phục hồi chức năng,Exclude
1293,03.0686.0228,3.686,Cứu điều trị khàn tiếng thể hàn,Y học dân tộc và Phục hồi chức năng,Exclude
1294,03.0688.0228,3.688,"Cứu điều trị đau đầu, đau nửa đầu thể hàn",Y học dân tộc và Phục hồi chức năng,Exclude
1295,03.0689.0228,3.689,Cứu điều trị rối loạn cảm giác đầu chi thể hàn,Y học dân tộc và Phục hồi chức năng,Exclude
1296,03.0690.0228,3.690,Cứu điều trị nôn nấc thể hàn,Y học dân tộc và Phục hồi chức năng,Exclude
1297,03.0691.0228,3.691,Cứu điều trị rối loạn đại tiểu tiện thể hàn,Y học dân tộc và Phục hồi chức năng,Exclude
1298,03.0692.0228,3.692,Cứu điều trị rối loạn tiêu hoá thể hàn,Y học dân tộc và Phục hồi chức năng,Exclude
1299,03.0693.0228,3.693,Cứu điều trị đái dầm thể hàn,Y học dân tộc và Phục hồi chức năng,Exclude
1300,03.0694.0228,3.694,Cứu điều trị bí đái thể hàn,Y học dân tộc và Phục hồi chức năng,Exclude
1301,03.0695.0228,3.695,Cứu điều trị rối loạn thần kinh thực vật thể hàn,Y học dân tộc và Phục hồi chức năng,Exclude
1302,03.0696.0228,3.696,Cứu điều trị cảm cúm thể hàn,Y học dân tộc và Phục hồi chức năng,Exclude
1303,03.0701.0245,3.701,Laser nội mạch,Y học dân tộc và Phục hồi chức năng,Exclude
1304,03.0705.0254,3.705,Điều trị bằng sóng ngắn và sóng cực ngắn,Y học dân tộc và Phục hồi chức năng,Exclude
1305,03.0708.0253,3.708,Siêu âm điều trị,Y học dân tộc và Phục hồi chức năng,Exclude
1306,03.0715.0226,3.715,Chẩn đóan điện thần kinh cơ,Y học dân tộc và Phục hồi chức năng,Exclude
1307,03.0716.1783,3.716,Đo áp lực bàng quang người bệnh tổn thương tuỷ sống bằng cột thước nước,Thăm dò chức năng,Exclude
1308,03.0743.0281,3.743,Xoa bóp bằng máy,Y học dân tộc và Phục hồi chức năng,Exclude
1309,03.0749.0265,3.749,Sửa lỗi phát âm,Y học dân tộc và Phục hồi chức năng,Exclude
1310,03.0767.0272,3.767,Thuỷ trị liệu,Y học dân tộc và Phục hồi chức năng,Exclude
1311,03.0768.0272,3.768,Thuỷ trị liệu có thuốc,Y học dân tộc và Phục hồi chức năng,Exclude
1312,03.0772.0231,3.772,Điều trị bằng điện phân thuốc,Y học dân tộc và Phục hồi chức năng,Exclude
1313,03.0773.0234,3.773,Điều trị bằng các dòng điện xung,Y học dân tộc và Phục hồi chức năng,Exclude
1314,03.0774.0237,3.774,Điều trị bằng tia hồng ngoại,Y học dân tộc và Phục hồi chức năng,Exclude
1315,03.0776.0275,3.776,Điều trị bằng tia tử ngoại tại chỗ,Y học dân tộc và Phục hồi chức năng,Exclude
1316,03.0777.0275,3.777,Điều trị bằng tia tử ngoại toàn thân,Y học dân tộc và Phục hồi chức năng,Exclude
1317,03.0782.0242,3.782,Thông tiểu ngắt quãng trong PHCN tổn thương tuỷ sống,Y học dân tộc và Phục hồi chức năng,Exclude
1318,03.0807.0282,3.807,Xoa bóp cục bộ bằng tay (60 phút),Y học dân tộc và Phục hồi chức năng,Exclude
1319,03.0808.0283,3.808,Xoa bóp toàn thân bằng tay (60 phút),Y học dân tộc và Phục hồi chức năng,Exclude
1320,03.0892.0266,3.892,Tập vận động đoạn chi 30 phút,Y học dân tộc và Phục hồi chức năng,Exclude
1321,03.0894.0267,3.894,Tập vận động toàn thân 30 phút,Y học dân tộc và Phục hồi chức năng,Exclude
1322,03.0901.0261,3.901,Tập luyện với ghế tập cơ 4 đầu đùi,Y học dân tộc và Phục hồi chức năng,Exclude
1323,03.0902.0269,3.902,Tập với hệ thống ròng rọc,Y học dân tộc và Phục hồi chức năng,Exclude
1324,03.0903.0270,3.903,Tập với xe đạp tập,Y học dân tộc và Phục hồi chức năng,Exclude
1325,03.0907.0239,3.907,"Điều trị rối loạn đại tiện, tiểu tiện bằng phản hồi sinh học",Y học dân tộc và Phục hồi chức năng,Exclude
1326,03.0989.0374,3.989,Nội soi mở thông não thất bể đáy,Ngoại khoa,Exclude
1327,03.0990.0374,3.990,Nội soi mở thông vào não thất,Ngoại khoa,Exclude
1328,03.0992.0868,3.992,Nội soi cầm máu mũi không sử dụng Meroxeo (i bên),Tai Mũi Họng,Exclude
1329,03.0993.0869,3.993,Nội soi cầm máu mũi có sử dụng Meroxeo (i bên),Tai Mũi Họng,Exclude
1330,03.0995.1005,3.995,Nội soi thanh quản treo cắt hạt xơ,Tai Mũi Họng,Exclude
1331,03.0997.0932,3.997,"Nội soi mũi, họng có sinh thiết",Tai Mũi Họng,Exclude
1332,03.0997.0931,3.997,"Nội soi mũi, họng có sinh thiết",Tai Mũi Họng,Exclude
1333,03.0998.0990,3.998,Nội soi thanh quản ống mềm không sinh thiết,Tai Mũi Họng,Exclude
1334,03.1000.0922,3.1000,Nội soi mũi họng cắt đốt bằng điện cao tần,Tai Mũi Họng,Exclude
1335,03.1000.0923,3.1000,Nội soi mũi họng cắt đốt bằng điện cao tần,Tai Mũi Họng,Exclude
1336,03.1001.2048,3.1001,Nội soi tai,Tai Mũi Họng,Exclude
1337,03.1002.2048,3.1002,Nội soi mũi,Tai Mũi Họng,Exclude
1338,03.1003.2048,3.1003,Nội soi họng,Tai Mũi Họng,Exclude
1339,03.1004.0133,3.1004,Nội soi phế quản ống mềm cắt đốt trong lòng phế quản bằng điện đông cao tần,Các thủ thuật và dịch vụ Nội soi,Exclude
1340,03.1005.0883,3.1005,Nội soi phế quản ống mềm đặt stent khí quản,Tai Mũi Họng,Exclude
1341,03.1007.0131,3.1007,Nội soi phế quản ống mềm sinh thiết niêm mạc phế quản,Các thủ thuật và dịch vụ Nội soi,Exclude
1342,03.1007.0127,3.1007,Nội soi phế quản ống mềm sinh thiết niêm mạc phế quản,Các thủ thuật và dịch vụ Nội soi,Exclude
1343,03.1012.0127,3.1012,Nội soi phế quản sinh thiết xuyên vách phế quản,Các thủ thuật và dịch vụ Nội soi,Exclude
1344,03.1012.0131,3.1012,Nội soi phế quản sinh thiết xuyên vách phế quản,Các thủ thuật và dịch vụ Nội soi,Exclude
1345,03.1014.0130,3.1014,Nội soi phế quản ống mềm,Các thủ thuật và dịch vụ Nội soi,Exclude
1346,03.1014.0129,3.1014,Nội soi phế quản ống mềm,Các thủ thuật và dịch vụ Nội soi,Exclude
1347,03.1014.0131,3.1014,Nội soi phế quản ống mềm,Các thủ thuật và dịch vụ Nội soi,Exclude
1348,03.1014.0128,3.1014,Nội soi phế quản ống mềm,Các thủ thuật và dịch vụ Nội soi,Exclude
1349,03.1016.0883,3.1016,Nội soi đặt Stent khí – Phế quản,Tai Mũi Họng,Exclude
1350,03.1018.0128,3.1018,Nội soi phế quản chải phế quản chẩn đoán,Các thủ thuật và dịch vụ Nội soi,Exclude
1351,03.1019.0128,3.1019,Nội soi rửa phế quản phế nang chọn lọc,Các thủ thuật và dịch vụ Nội soi,Exclude
1352,03.1021.0129,3.1021,"Nội soi phế quản lấy dị vật (ống cứng, ống mềm)",Các thủ thuật và dịch vụ Nội soi,Exclude
1353,03.1022.0128,3.1022,Nội soi phế quản qua ống nội khí quản,Các thủ thuật và dịch vụ Nội soi,Exclude
1354,03.1026.0123,3.1026,Nội soi lồng ngực để chẩn đoán và điều trị,Các thủ thuật và dịch vụ Nội soi,Exclude
1355,03.1032.0503,3.1032,"Nội soi nong đường mật, Oddi",Ngoại khoa,Exclude
1356,03.1034.0157,3.1034,"Nội soi ong hẹp thực quản, tâm vị",Các thủ thuật và dịch vụ Nội soi,Exclude
1357,03.1035.0496,3.1035,Nội soi đặt dẫn lưu đường mật qua nội soi tá tràng,Ngoại khoa,Exclude
1358,03.1040.0497,3.1040,Nội soi cắt dưới niêm mạc điều trị ung thư sớm dạ dày,Ngoại khoa,Exclude
1359,03.1041.0502,3.1041,Nội soi mở thông dạ dày,Ngoại khoa,Exclude
1360,03.1045.0145,3.1045,Nội soi siêu âm đường tiêu hóa trên kết hợp với chọc hút tế bào,Các thủ thuật và dịch vụ Nội soi,Exclude
1361,03.1046.0141,3.1046,Nội soi mật tuỵ ngược dòng để chẩn đoán bệnh lý đường mật tuỵ,Các thủ thuật và dịch vụ Nội soi,Exclude
1362,03.1047.0496,3.1047,Nội soi mật tuỵ ngược dòng để cắt cơ vòng Oddi dẫn lưu mật hoặc lấy sỏi đường mật tuỵ,Ngoại khoa,Exclude
1363,03.1048.0141,3.1048,Nội soi mật tuỵ ngược dòng để đặt Stent đường mật tuỵ,Các thủ thuật và dịch vụ Nội soi,Exclude
1364,03.1049.0140,3.1049,Nội soi cầm máu bằng clip trong chảy máu đường tiêu hóa,Các thủ thuật và dịch vụ Nội soi,Exclude
1365,03.1052.0142,3.1052,"Nội soi ổ bụng để thăm dò, chẩn đoán",Các thủ thuật và dịch vụ Nội soi,Exclude
1366,03.1055.0143,3.1055,Nội soi ổ bụng- sinh thiết,Các thủ thuật và dịch vụ Nội soi,Exclude
1367,03.1056.0140,3.1056,Nội soi dạ dày thực quản cấp cứu chảy máu tiêu hoá cao để chẩn đoán và điều trị,Các thủ thuật và dịch vụ Nội soi,Exclude
1368,03.1057.0140,3.1057,"Nội soi thực quản-dạ dày, tiêm cầm máu",Các thủ thuật và dịch vụ Nội soi,Exclude
1369,03.1059.0500,3.1059,"Nội soi thực quản-dạ dày, lấy dị vật",Ngoại khoa,Exclude
1370,03.1060.0145,3.1060,"Siêu âm nội soi dạ dày, thực quản",Các thủ thuật và dịch vụ Nội soi,Exclude
1371,03.1061.0135,3.1061,"Nội soi thực quản, dạ dày, tá tràng có thể kết hợp sinh thiết",Các thủ thuật và dịch vụ Nội soi,Exclude
1372,03.1061.0134,3.1061,"Nội soi thực quản, dạ dày, tá tràng có thể kết hợp sinh thiết",Các thủ thuật và dịch vụ Nội soi,Exclude
1373,03.1062.0137,3.1062,Nội soi đại tràng sigma,Các thủ thuật và dịch vụ Nội soi,Exclude
1374,03.1063.0500,3.1063,Nội soi đại tràng-lấy dị vật,Ngoại khoa,Exclude
1375,03.1064.0184,3.1064,Nội soi đại tràng tiêm cầm máu,Các thủ thuật và dịch vụ Nội soi,Exclude
1376,03.1065.0191,3.1065,Nội soi trực tràng-hậu môn thắt trĩ,Các thủ thuật và dịch vụ Nội soi,Exclude
1377,03.1066.0136,3.1066,"Nội soi đại, trực tràng có thể sinh thiết",Các thủ thuật và dịch vụ Nội soi,Exclude
1378,03.1067.0498,3.1067,"Nội soi cắt polip ông tiêu hoá (thực quản, dạ dày, tá tràng, đại trực tràng)",Ngoại khoa,Exclude
1379,03.1069.0141,3.1069,Nội soi đường mật qua tá tràng,Các thủ thuật và dịch vụ Nội soi,Exclude
1380,03.1070.0140,3.1070,Nội soi chích (tiêm) keo điều trị giãn tĩnh mạch phình vị,Các thủ thuật và dịch vụ Nội soi,Exclude
1381,03.1071.0139,3.1071,Soi trực tràng,Các thủ thuật và dịch vụ Nội soi,Exclude
1382,03.1073.0145,3.1073,Nội soi siêu âm trực tràng,Các thủ thuật và dịch vụ Nội soi,Exclude
1383,03.1074.0104,3.1074,Nội soi đặt ống thông niệu quản (sonde JJ),Các thủ thuật và dịch vụ Nội soi,Exclude
1384,03.1076.0440,3.1076,"Nội soi tán sỏi niệu quản (búa khí nén, siêu âm, laser).",Ngoại khoa,Exclude
1385,03.1077.0115,3.1077,Nội soi lấy sỏi niệu quản,Các thủ thuật và dịch vụ Nội soi,Exclude
1386,03.1078.0148,3.1078,Nội soi bàng quang,Các thủ thuật và dịch vụ Nội soi,Exclude
1387,03.1079.0152,3.1079,"Nội soi bàng quang, lấy dị vật, sỏi",Các thủ thuật và dịch vụ Nội soi,Exclude
1388,03.1080.0151,3.1080,"Nội soi bàng quang tìm xem đái dưỡng chấp, đặt catheter lên thận bơm thuốc để tránh phẫu thuật",Các thủ thuật và dịch vụ Nội soi,Exclude
1389,03.1081.0072,3.1081,"Nội soi bàng quang, đưa catheter lên niệu quản bơm rửa niệu quản sau tán sỏi ngoài cơ thể khi sỏi tắc ở niệu quản",Các thủ thuật và dịch vụ Nội soi,Exclude
1390,03.1082.0152,3.1082,"Nội soi bàng quang, bơm rửa lấy máu cục tránh phẫu thuật",Các thủ thuật và dịch vụ Nội soi,Exclude
1391,03.1085.0148,3.1085,Nội soi niệu quản chẩn đoán,Các thủ thuật và dịch vụ Nội soi,Exclude
1392,03.1087.0149,3.1087,Nội soi bàng quang sinh thiết,Các thủ thuật và dịch vụ Nội soi,Exclude
1393,03.1090.1830,3.1090,SPECT não với ⁹⁹ᵐTc Pertechnetate,Thăm dò bằng đồng vị phóng xạ,Exclude
1394,03.1091.1830,3.1091,SPECT não với ⁹⁹ᵐTc – ECD,Thăm dò bằng đồng vị phóng xạ,Exclude
1395,03.1092.1830,3.1092,SPECT não với ⁹⁹ᵐTc – DTPA,Thăm dò bằng đồng vị phóng xạ,Exclude
1396,03.1093.1830,3.1093,SPECT não với ⁹⁹ᵐTc – HMPAO,Thăm dò bằng đồng vị phóng xạ,Exclude
1397,03.1094.1832,3.1094,SPECT tưới máu cơ tim gắng sức với ⁹⁹ᵐTc – MiBi,Thăm dò bằng đồng vị phóng xạ,Exclude
1398,03.1095.1832,3.1095,SPECT tưới máu cơ tim không gắng sức với ⁹⁹ᵐTc – MiBi,Thăm dò bằng đồng vị phóng xạ,Exclude
1399,03.1096.1832,3.1096,SPECT tưới máu cơ tim gắng sức với ²⁰¹Tl,Thăm dò bằng đồng vị phóng xạ,Exclude
1400,03.1097.1832,3.1097,SPECT tưới máu cơ tim không gắng sức với ²⁰¹Tl,Thăm dò bằng đồng vị phóng xạ,Exclude
1401,03.1110.1831,3.1110,SPECT phóng xạ miễn dịch,Thăm dò bằng đồng vị phóng xạ,Exclude
1402,03.1111.1833,3.1111,SPECT tuyến cận giáp với đồng vị phóng xạ kép,Thăm dò bằng đồng vị phóng xạ,Exclude
1403,03.1117.1829,3.1117,SPECT/CT,Thăm dò bằng đồng vị phóng xạ,Exclude
1404,03.1119.0050,3.1119,PET/CT,"Chụp cắt lớp vi tính, chụp mạch, cộng hưởng từ",Exclude
1405,03.1120.1852,3.1120,Xạ hình phóng xạ miễn dịch,Thăm dò bằng đồng vị phóng xạ,Exclude
1406,03.1121.1851,3.1121,Xạ hình não với ⁹⁹ᵐTc Pertechnetate,Thăm dò bằng đồng vị phóng xạ,Exclude
1407,03.1122.1851,3.1122,Xạ hình não với ⁹⁹ᵐTc – ECD,Thăm dò bằng đồng vị phóng xạ,Exclude
1408,03.1123.1851,3.1123,Xạ hình não với ⁹⁹ᵐTc – DTPA,Thăm dò bằng đồng vị phóng xạ,Exclude
1409,03.1124.1851,3.1124,Xạ hình não với ⁹⁹ᵐTc – HMPAO,Thăm dò bằng đồng vị phóng xạ,Exclude
1410,03.1125.1850,3.1125,Xạ hình lưu thông dịch não tuỷ với ⁹⁹ᵐTc – DTPA,Thăm dò bằng đồng vị phóng xạ,Exclude
1411,03.1126.1850,3.1126,Xạ hình lưu thông dịch não tuỷ với ¹¹¹In – DTPA,Thăm dò bằng đồng vị phóng xạ,Exclude
1412,03.1127.1850,3.1127,Xạ hình lưu thông dịch não tuỷ với I¹³¹-RiSA,Thăm dò bằng đồng vị phóng xạ,Exclude
1413,03.1128.1845,3.1128,Xạ hình tưới máu cơ tim gắng sức với ⁹⁹ᵐTc – MiBi,Thăm dò bằng đồng vị phóng xạ,Exclude
1414,03.1129.1845,3.1129,Xạ hình tưới máu cơ tim không gắng sức với ⁹⁹ᵐTc – MiBi,Thăm dò bằng đồng vị phóng xạ,Exclude
1415,03.1130.1845,3.1130,Xạ hình tưới máu cơ tim gắng sức với ²⁰¹Tl,Thăm dò bằng đồng vị phóng xạ,Exclude
1416,03.1131.1845,3.1131,Xạ hình tưới máu cơ tim không gắng sức với ²⁰¹Tl,Thăm dò bằng đồng vị phóng xạ,Exclude
1417,03.1132.1845,3.1132,Xạ hình chức năng tim với ⁹⁹ᵐTc đánh dấu,Thăm dò bằng đồng vị phóng xạ,Exclude
1418,03.1133.1839,3.1133,Xạ hình chẩn đoán nhồi máu cơ tim với,Thăm dò bằng đồng vị phóng xạ,Exclude
1419,03.1134.1838,3.1134,Xạ hình chẩn đoán khối u với ⁹⁹ᵐTc – MiBi,Thăm dò bằng đồng vị phóng xạ,Exclude
1420,03.1135.1838,3.1135,Xạ hình chẩn đoán khối u với ⁶⁷Ga,Thăm dò bằng đồng vị phóng xạ,Exclude
1421,03.1136.1838,3.1136,Xạ hình chẩn đoán khối u với ²⁰¹Tl,Thăm dò bằng đồng vị phóng xạ,Exclude
1422,03.1137.1838,3.1137,Xạ hình chẩn đoán khối u với ¹¹¹In – Pentetreotide,Thăm dò bằng đồng vị phóng xạ,Exclude
1423,03.1138.1847,3.1138,Xạ hình gan với ⁹⁹ᵐTc Sulfur Colloid,Thăm dò bằng đồng vị phóng xạ,Exclude
1424,03.1139.1846,3.1139,Xạ hình gan – mật với ⁹⁹ᵐTc – HiDA,Thăm dò bằng đồng vị phóng xạ,Exclude
1425,03.1140.1846,3.1140,Xạ hình gan – mật với I¹³¹ – Rose Bengan,Thăm dò bằng đồng vị phóng xạ,Exclude
1426,03.1141.1841,3.1141,Xạ hình chẩn đoán u máu trong gan với hồng cầu đánh dấu ⁹⁹ᵐTc,Thăm dò bằng đồng vị phóng xạ,Exclude
1427,03.1142.1847,3.1142,Xạ hình chức năng gan – mật sau ghép gan với ⁹⁹ᵐTc – 1DA,Thăm dò bằng đồng vị phóng xạ,Exclude
1428,03.1143.1834,3.1143,Thận đồ đồng vị với I¹³¹ – Hippuran,Thăm dò bằng đồng vị phóng xạ,Exclude
1429,03.1144.1843,3.1144,Xạ hình chức năng thận với I¹³¹ – Hippuran,Thăm dò bằng đồng vị phóng xạ,Exclude
1430,03.1145.1853,3.1145,Xạ hình thận với ⁹⁹ᵐTc – DMSA,Thăm dò bằng đồng vị phóng xạ,Exclude
1431,03.1146.1843,3.1146,Xạ hình chức năng thận với ⁹⁹ᵐTc –DTPA,Thăm dò bằng đồng vị phóng xạ,Exclude
1432,03.1147.1843,3.1147,Xạ hình chức năng thận với ⁹⁹ᵐTc – MAG3,Thăm dò bằng đồng vị phóng xạ,Exclude
1433,03.1148.1843,3.1148,Xạ hình chức năng thận – tiết niệu sau ghép thận bằng,Thăm dò bằng đồng vị phóng xạ,Exclude
1434,03.1149.1866,3.1149,Xạ hình xương với ⁹⁹ᵐTc – MDP,Thăm dò bằng đồng vị phóng xạ,Exclude
1435,03.1150.1867,3.1150,Xạ hình xương 3 pha,Thăm dò bằng đồng vị phóng xạ,Exclude
1436,03.1151.1860,3.1151,Xạ hình tuỷ xương với ⁹⁹ᵐTc - Sulfur Colloid hoặc BMHP,Thăm dò bằng đồng vị phóng xạ,Exclude
1437,03.1152.1856,3.1152,Xạ hình toàn thân với I¹³¹,Thăm dò bằng đồng vị phóng xạ,Exclude
1438,03.1153.1828,3.1153,Độ tập trung I¹³¹ tuyến giáp,Thăm dò bằng đồng vị phóng xạ,Exclude
1439,03.1154.1862,3.1154,Xạ hình tuyến giáp với I¹³¹,Thăm dò bằng đồng vị phóng xạ,Exclude
1440,03.1155.1862,3.1155,Xạ hình tuyến giáp sau phẫu thuật với I¹³¹,Thăm dò bằng đồng vị phóng xạ,Exclude
1441,03.1156.1861,3.1156,Xạ hình tuyến cận giáp với ⁹⁹ᵐTc – V – DMSA,Thăm dò bằng đồng vị phóng xạ,Exclude
1442,03.1157.1862,3.1157,Xạ hình tuyến giáp với ⁹⁹ᵐTc Pertechnetate,Thăm dò bằng đồng vị phóng xạ,Exclude
1443,03.1158.1861,3.1158,Xạ hình tuyến cận giáp với đồng vị phóng xạ kép,Thăm dò bằng đồng vị phóng xạ,Exclude
1444,03.1159.1863,3.1159,Xạ hình tuyến nước bọt với ⁹⁹ᵐTc Pertechnetate,Thăm dò bằng đồng vị phóng xạ,Exclude
1445,03.1161.1865,3.1161,Xạ hình tuyến vú,Thăm dò bằng đồng vị phóng xạ,Exclude
1446,03.1162.1849,3.1162,Xạ hình lách với Methionin – ⁹⁹ᵐTc,Thăm dò bằng đồng vị phóng xạ,Exclude
1447,03.1163.1849,3.1163,Xạ hình lách với hồng cầu đánh dấu ⁵¹Cr,Thăm dò bằng đồng vị phóng xạ,Exclude
1448,03.1164.1849,3.1164,Xạ hình lách với ⁹⁹ᵐTc Sulfur Colloid,Thăm dò bằng đồng vị phóng xạ,Exclude
1449,03.1165.1857,3.1165,Xạ hình tưới máu phổi,Thăm dò bằng đồng vị phóng xạ,Exclude
1450,03.1166.1854,3.1166,Xạ hình thông khí phổi,Thăm dò bằng đồng vị phóng xạ,Exclude
1451,03.1167.1864,3.1167,Xạ hình tuyến thượng thận với I¹³¹-MIBG,Thăm dò bằng đồng vị phóng xạ,Exclude
1452,03.1168.1864,3.1168,Xạ hình tuyến thượng thận với I¹²³-MIBG,Thăm dò bằng đồng vị phóng xạ,Exclude
1453,03.1169.1864,3.1169,Xạ hình tuyến thượng thận với I¹³¹ - Cholesterol.,Thăm dò bằng đồng vị phóng xạ,Exclude
1454,03.1170.1838,3.1170,Xạ hình chẩn đoán u nguyên bào thần kinh với I¹³¹-MIBG,Thăm dò bằng đồng vị phóng xạ,Exclude
1455,03.1171.1838,3.1171,Xạ hình chẩn đoán u nguyên bào thần kinh với I¹²³-MIBG,Thăm dò bằng đồng vị phóng xạ,Exclude
1456,03.1172.1858,3.1172,Xạ hình tinh hoàn với ⁹⁹ᵐTc Pertechnetate,Thăm dò bằng đồng vị phóng xạ,Exclude
1457,03.1173.1835,3.1173,Xạ hình bạch mạch với ⁹⁹ᵐTc –HMPAO hoặc ⁹⁹ᵐTc –Sulfur Colloid,Thăm dò bằng đồng vị phóng xạ,Exclude
1458,03.1174.1848,3.1174,Xạ hình hạch Lympho,Thăm dò bằng đồng vị phóng xạ,Exclude
1459,03.1175.1855,3.1175,Xạ hình tĩnh mạch với ⁹⁹ᵐTc – MAA,Thăm dò bằng đồng vị phóng xạ,Exclude
1460,03.1176.1855,3.1176,Xạ hình tĩnh mạch với ⁹⁹ᵐTc – DTPA,Thăm dò bằng đồng vị phóng xạ,Exclude
1461,03.1177.1869,3.1177,Xác định thể tích hồng cầu với hồng cầu đánh dấu ⁵¹Cr,Thăm dò bằng đồng vị phóng xạ,Exclude
1462,03.1178.1868,3.1178,Xác định đời sống hồng cầu và nơi phân huỷ hồng cầu với hồng cầu đánh dấu ⁵¹Cr,Thăm dò bằng đồng vị phóng xạ,Exclude
1463,03.1179.1837,3.1179,Xạ hình chẩn đoán chức năng thực quản và trào ngược dạ dày – thực quản với ⁹⁹ᵐTc – Sulfur Colloid,Thăm dò bằng đồng vị phóng xạ,Exclude
1464,03.1180.1836,3.1180,Xạ hình chẩn đoán chức năng co bóp dạ dày với ⁹⁹ᵐTc - Sulfur Colloid,Thăm dò bằng đồng vị phóng xạ,Exclude
1465,03.1181.1842,3.1181,Xạ hình chẩn đoán xuất huyết đường tiêu hoá với hồng cầu đánh dấu ⁹⁹ᵐTc,Thăm dò bằng đồng vị phóng xạ,Exclude
1466,03.1182.1840,3.1182,Xạ hình chẩn đoán túi thừa Meckel với ⁹⁹ᵐTc Pertechnetate,Thăm dò bằng đồng vị phóng xạ,Exclude
1467,03.1184.1824,3.1184,Định lượng CA 19 – 9 bằng kỹ thuật miễn dịch phóng xạ,Thăm dò bằng đồng vị phóng xạ,Exclude
1468,03.1185.1824,3.1185,Định lượng CA⁵⁰ bằng kỹ thuật miễn dịch phóng xạ,Thăm dò bằng đồng vị phóng xạ,Exclude
1469,03.1186.1824,3.1186,Định lượng CA¹²⁵ bằng kỹ thuật miễn dịch phóng xạ,Thăm dò bằng đồng vị phóng xạ,Exclude
1470,03.1187.1824,3.1187,Định lượng CA 15 – 3 bằng kỹ thuật miễn dịch phóng xạ,Thăm dò bằng đồng vị phóng xạ,Exclude
1471,03.1188.1824,3.1188,Định lượng CA 72 – 4 bằng kỹ thuật miễn dịch phóng xạ,Thăm dò bằng đồng vị phóng xạ,Exclude
1472,03.1189.1827,3.1189,Định lượng GH bằng kỹ thuật miễn dịch phóng xạ.,Thăm dò bằng đồng vị phóng xạ,Exclude
1473,03.1190.1826,3.1190,Định lượng kháng thể kháng Insulin bằng kỹ thuật miễn dịch phóng xạ.,Thăm dò bằng đồng vị phóng xạ,Exclude
1474,03.1191.1825,3.1191,Định lượng Insulin bằng kỹ thuật miễn dịch phóng xạ,Thăm dò bằng đồng vị phóng xạ,Exclude
1475,03.1192.1824,3.1192,Định lượng Tg bằng kỹ thuật miễn dịch phóng xạ,Thăm dò bằng đồng vị phóng xạ,Exclude
1476,03.1193.1827,3.1193,Định lượng kháng thể kháng Tg (AntiTg) bằng kỹ thuật miễn dịch phóng xạ,Thăm dò bằng đồng vị phóng xạ,Exclude
1477,03.1194.1826,3.1194,Định lượng Micro Albumin niệu bằng kỹ thuật miễn dịch phóng xạ,Thăm dò bằng đồng vị phóng xạ,Exclude
1478,03.1195.1825,3.1195,Định lượng LH bằng kỹ thuật miễn dịch phóng xạ,Thăm dò bằng đồng vị phóng xạ,Exclude
1479,03.1196.1825,3.1196,Định lượng FSH bằng kỹ thuật miễn dịch phóng xạ,Thăm dò bằng đồng vị phóng xạ,Exclude
1480,03.1197.1825,3.1197,Định lượng HCG bằng kỹ thuật miễn dịch phóng xạ,Thăm dò bằng đồng vị phóng xạ,Exclude
1481,03.1198.1826,3.1198,Định lượng T3 bằng kỹ thuật miễn dịch phóng xạ,Thăm dò bằng đồng vị phóng xạ,Exclude
1482,03.1199.1826,3.1199,Định lượng FT3 bằng kỹ thuật miễn dịch phóng xạ,Thăm dò bằng đồng vị phóng xạ,Exclude
1483,03.1200.1826,3.1200,Định lượng T4 bằng kỹ thuật miễn dịch phóng xạ,Thăm dò bằng đồng vị phóng xạ,Exclude
1484,03.1201.1826,3.1201,Định lượng FT4 bằng kỹ thuật miễn dịch phóng xạ,Thăm dò bằng đồng vị phóng xạ,Exclude
1485,03.1202.1826,3.1202,Định lượng TSH bằng kỹ thuật miễn dịch phóng xạ,Thăm dò bằng đồng vị phóng xạ,Exclude
1486,03.1203.1827,3.1203,Định lượng TRAb bằng kỹ thuật miễn dịch phóng xạ,Thăm dò bằng đồng vị phóng xạ,Exclude
1487,03.1204.1825,3.1204,Định lượng Testosterone bằng kỹ thuật miễn dịch phóng xạ,Thăm dò bằng đồng vị phóng xạ,Exclude
1488,03.1205.1825,3.1205,Định lượng Prolactin bằng kỹ thuật miễn dịch phóng xạ,Thăm dò bằng đồng vị phóng xạ,Exclude
1489,03.1206.1825,3.1206,Định lượng Progesterone bằng kỹ thuật miễn dịch phóng xạ,Thăm dò bằng đồng vị phóng xạ,Exclude
1490,03.1207.1825,3.1207,Định lượng Estradiol bằng kỹ thuật miễn dịch phóng xạ,Thăm dò bằng đồng vị phóng xạ,Exclude
1491,03.1208.1826,3.1208,Định lượng Calcitonin bằng kỹ thuật miễn dịch phóng xạ,Thăm dò bằng đồng vị phóng xạ,Exclude
1492,03.1209.1825,3.1209,Định lượng CEA bằng kỹ thuật miễn dịch phóng xạ,Thăm dò bằng đồng vị phóng xạ,Exclude
1493,03.1210.1825,3.1210,Định lượng AFP bằng kỹ thuật miễn dịch phóng xạ,Thăm dò bằng đồng vị phóng xạ,Exclude
1494,03.1211.1825,3.1211,Định lượng PSA bằng kỹ thuật miễn dịch phóng xạ,Thăm dò bằng đồng vị phóng xạ,Exclude
1495,03.1212.1824,3.1212,Định lượng PTH bằng kỹ thuật miễn dịch phóng xạ,Thăm dò bằng đồng vị phóng xạ,Exclude
1496,03.1213.1827,3.1213,Định lượng ACTH bằng kỹ thuật miễn dịch phóng xạ,Thăm dò bằng đồng vị phóng xạ,Exclude
1497,03.1214.1825,3.1214,Định lượng Cortisol bằng kỹ thuật miễn dịch phóng xạ,Thăm dò bằng đồng vị phóng xạ,Exclude
1498,03.1215.1871,3.1215,Điều trị ung thư tuyến giáp bằng I¹³¹,Điều trị bằng chất phóng xạ,Exclude
1499,03.1216.1870,3.1216,Điều trị Basedow bằng I¹³¹,Điều trị bằng chất phóng xạ,Exclude
1500,03.1217.1870,3.1217,Điều trị bướu tuyến giáp đơn thuần bằng I¹³¹,Điều trị bằng chất phóng xạ,Exclude
1501,03.1218.1870,3.1218,Điều trị bướu nhân độc tuyến giáp bằng I¹³¹,Điều trị bằng chất phóng xạ,Exclude
1502,03.1219.1875,3.1219,Điều trị tràn dịch màng phổi do ung thư bằng keo ⁹⁰Y,Điều trị bằng chất phóng xạ,Exclude
1503,03.1220.1875,3.1220,Điều trị tràn dịch màng phổi do ung thư bằng keo phóng xạ,Điều trị bằng chất phóng xạ,Exclude
1504,03.1221.1875,3.1221,Điều trị tràn dịch màng bụng do ung thư bằng keo ⁹⁰Y,Điều trị bằng chất phóng xạ,Exclude
1505,03.1222.1875,3.1222,Điều trị tràn dịch màng bụng do ung thư bằng keo phóng xạ,Điều trị bằng chất phóng xạ,Exclude
1506,03.1223.1879,3.1223,Điều trị ung thư gan nguyên phát bằng ¹⁸⁸Re,Điều trị bằng chất phóng xạ,Exclude
1507,03.1224.1877,3.1224,Điều trị ung thư gan bằng keo Silicon – ³²P,Điều trị bằng chất phóng xạ,Exclude
1508,03.1225.1878,3.1225,Điều trị ung thư gan nguyên phát bằng I¹³¹ – Lipiodol,Điều trị bằng chất phóng xạ,Exclude
1509,03.1227.1880,3.1227,Điều trị ung thư gan bằng hạt phóng xạ ¹²⁵I,Điều trị bằng chất phóng xạ,Exclude
1510,03.1228.1885,3.1228,Điều trị ung thư gan bằng keo phóng xạ,Điều trị bằng chất phóng xạ,Exclude
1511,03.1229.1881,3.1229,Điều trị ung thư vú bằng hạt phóng xạ ¹²⁵I,Điều trị bằng chất phóng xạ,Exclude
1512,03.1230.1880,3.1230,Điều trị ung thư tiền liệt tuyến bằng hạt phóng xạ ¹²⁵I,Điều trị bằng chất phóng xạ,Exclude
1513,03.1231.1882,3.1231,Điều trị viêm bao hoạt dịch bằng keo phóng xạ,Điều trị bằng chất phóng xạ,Exclude
1514,03.1232.1882,3.1232,Điều trị viêm bao hoạt dịch bằng keo ⁹⁰Y,Điều trị bằng chất phóng xạ,Exclude
1515,03.1233.1874,3.1233,Điều trị sẹo lồi bằng tấm áp ³²P,Điều trị bằng chất phóng xạ,Exclude
1516,03.1234.1874,3.1234,Điều trị eczema bằng tấm áp ³²P,Điều trị bằng chất phóng xạ,Exclude
1517,03.1235.1874,3.1235,Điều trị u máu nông bằng tấm áp ³²P,Điều trị bằng chất phóng xạ,Exclude
1518,03.1236.1872,3.1236,Điều trị bệnh đa hồng cầu nguyên phát bằng ³²P,Điều trị bằng chất phóng xạ,Exclude
1519,03.1237.1872,3.1237,Điều trị bệnh Leucose kinh bằng P-32,Điều trị bằng chất phóng xạ,Exclude
1520,03.1238.1873,3.1238,Điều trị giảm đau do ung thư di căn xương bằng ¹⁵³Sm,Điều trị bằng chất phóng xạ,Exclude
1521,03.1239.1872,3.1239,Điều trị giảm đau do ung thư di căn xương bằng ³²P,Điều trị bằng chất phóng xạ,Exclude
1522,03.1240.1872,3.1240,Điều trị giảm đau do ung thư di căn xương bằng thuốc phóng xạ,Điều trị bằng chất phóng xạ,Exclude
1523,03.1241.1876,3.1241,Điều trị u nguyên bào thần kinh bằng I¹³¹-MIBG,Điều trị bằng chất phóng xạ,Exclude
1524,03.1242.1876,3.1242,Điều trị u tuyến thượng thận bằng I¹³¹-MIBG,Điều trị bằng chất phóng xạ,Exclude
1525,03.1243.1876,3.1243,Điều trị u nguyên bào thần kinh bằng I¹²³-MIBG,Điều trị bằng chất phóng xạ,Exclude
1526,03.1244.1876,3.1244,Điều trị u tuyến thượng thận bằng I¹²³-MIBG,Điều trị bằng chất phóng xạ,Exclude
1527,03.1245.1823,3.1245,Điều trị bằng kỹ thuật miễn dịch phóng xạ,Thăm dò bằng đồng vị phóng xạ,Exclude
1528,03.1523.0858,3.1523,"Vá vỡ xương hốc mắt (thành dưới, thành trong ± dùng sụn sườn)",Mắt,Exclude
1529,03.1524.0760,3.1524,Phẫu thuật ghép giác mạc lần hai trở lên,Mắt,Exclude
1530,03.1525.0806,3.1525,"Phẫu thuật mổ bong võng mạc trên mắt độc nhất, gần mù",Mắt,Exclude
1531,03.1526.0815,3.1526,"Phẫu thuật lấy thể thủy tinh (trong bao, ngoài bao, Phaco) đặt 1OL trên mắt độc nhất, gần mù",Mắt,Exclude
1532,03.1527.0815,3.1527,Phẫu thuật tán nhuyễn thể thủy tinh bằng siêu âm (Phaco) ± 1OL,Mắt,Exclude
1533,03.1529.0806,3.1529,Phẫu thuật bong võng mạc tái phát,Mắt,Exclude
1534,03.1531.0806,3.1531,"Phẫu thuật glôcôm ác tính trên mắt độc nhất, gần mù",Mắt,Exclude
1535,03.1532.0814,3.1532,Phẫu thuật bệnh võng mạc trẻ đẻ non,Mắt,Exclude
1536,03.1533.0853,3.1533,Tháo dầu Silicon nội nhãn,Mắt,Exclude
1537,03.1535.0733,3.1535,Cắt dịch kính + laser nội nhãn,Mắt,Exclude
1538,03.1536.0806,3.1536,"Cắt dịch kính, bóc màng trước võng mạc",Mắt,Exclude
1539,03.1537.0806,3.1537,"Cắt dịch kính, khí nội nhãn điều trị lỗ hoàng điểm",Mắt,Exclude
1540,03.1538.0733,3.1538,Cắt dịch kính + laser nội nhãn + lấy dị vật nội nhãn,Mắt,Exclude
1541,03.1539.0733,3.1539,Lấy ấu trùng sán trong buồng dịch kính,Mắt,Exclude
1542,03.1540.0806,3.1540,Cắt dịch kính điều trị viêm mủ nội nhãn,Mắt,Exclude
1543,03.1541.0806,3.1541,Cắt dịch kính điều trị tổ chức hóa dịch kính,Mắt,Exclude
1544,03.1542.0806,3.1542,Cắt dịch kính điều trị tồn lưu dịch kính nguyên thủy,Mắt,Exclude
1545,03.1543.0806,3.1543,"Phẫu thuật bong võng mạc, cắt dịch kính ± laser nội nhãn ± dầu/khí nội nhãn",Mắt,Exclude
1546,03.1544.0803,3.1544,Phẫu thuật bong võng mạc theo phương pháp kinh điển,Mắt,Exclude
1547,03.1545.0831,3.1545,Tháo đai độn củng mạc,Mắt,Exclude
1548,03.1546.0735,3.1546,Điều trị glôcôm bằng laser mống mắt chu biên,Mắt,Exclude
1549,03.1549.0840,3.1549,Điều trị glôcôm bằng quang đông thể mi,Mắt,Exclude
1550,03.1550.0749,3.1550,Điều trị một số bệnh võng mạc bằng laser,Mắt,Exclude
1551,03.1552.0787,3.1552,Mở bao sau đục bằng laser,Mắt,Exclude
1552,03.1553.0748,3.1553,Laser hồng ngoại điều trị tật khúc xạ,Mắt,Exclude
1553,03.1559.0815,3.1559,"Lấy thể tinh sa, lệch bằng phương pháp Phaco, phối hợp cắt dịch kính ± 1OL",Mắt,Exclude
1554,03.1560.0812,3.1560,"Lấy thể thủy tinh sa, lệch trong bao phối hợp cắt dịch kính ± cố định 1OL",Mắt,Exclude
1555,03.1562.0821,3.1562,Phẫu thuật lấy thể thủy tinh ngoài bao ± 1OL,Mắt,Exclude
1556,03.1563.0812,3.1563,Phẫu thuật đặt thể thủy tinh nhân tạo (iOL) thì 2 (không cắt dịch kính),Mắt,Exclude
1557,03.1564.0733,3.1564,"Phẫu thuật chỉnh, xoay, lấy 1OL ± cắt DK",Mắt,Exclude
1558,03.1565.0812,3.1565,Đặt 1OL trên mắt cận thị (Phakic),Mắt,Exclude
1559,03.1567.0807,3.1567,"Cắt màng xuất tiết diện đồng tử, cắt màng đồng tử",Mắt,Exclude
1560,03.1568.0804,3.1568,Mở bao sau bằng phẫu thuật,Mắt,Exclude
1561,03.1569.0760,3.1569,Ghép giác mạc xuyên,Mắt,Exclude
1562,03.1570.0760,3.1570,Ghép giác mạc lớp,Mắt,Exclude
1563,03.1571.0760,3.1571,Ghép giác mạc có vành củng mạc,Mắt,Exclude
1564,03.1574.0802,3.1574,Nối thông lệ mũi ± đặt ống Silicon ± áp MMC,Mắt,Exclude
1565,03.1575.0802,3.1575,Nối thông lệ mũi nội soi,Mắt,Exclude
1566,03.1578.0763,3.1578,Gọt giác mạc đơn thuần,Mắt,Exclude
1567,03.1579.0761,3.1579,"Ghép màng ối, kết mạc điều trị loét, thủng giác mạc",Mắt,Exclude
1568,03.1580.0850,3.1580,"Tách dính mi cầu, ghép kết mạc rìa hoặc màng ối",Mắt,Exclude
1569,03.1581.0781,3.1581,Lấy dị vật hốc mắt,Mắt,Exclude
1570,03.1582.0781,3.1582,Lấy dị vật trong củng mạc,Mắt,Exclude
1571,03.1583.0783,3.1583,Lấy dị vật tiền phòng,Mắt,Exclude
1572,03.1586.0828,3.1586,"Vá da, niêm mạc tạo cùng đồ ± tách dính mi cầu",Mắt,Exclude
1573,03.1587.0828,3.1587,Cố định màng xương tạo cùng đồ,Mắt,Exclude
1574,03.1588.0828,3.1588,Cố định bao Tenon tạo cùng đồ dưới,Mắt,Exclude
1575,03.1589.0827,3.1589,Tái tạo lệ quản kết hợp khâu mi,Mắt,Exclude
1576,03.1590.0837,3.1590,Nạo vét tổ chức hốc mắt,Mắt,Exclude
1577,03.1591.0739,3.1591,Chích mủ mắt,Mắt,Exclude
1578,03.1595.0800,3.1595,Nâng sàn hốc mắt,Mắt,Exclude
1579,03.1596.0828,3.1596,Tạo hình hốc mắt trong tật không nhãn cầu để lắp mắt giả,Mắt,Exclude
1580,03.1597.0828,3.1597,Tái tạo cùng đồ,Mắt,Exclude
1581,03.1600.0827,3.1600,Tạo hình đường lệ ± điểm lệ,Mắt,Exclude
1582,03.1601.0820,3.1601,"Phẫu thuật lác phức tạp (di thực cơ, phẫu thuật cơ chéo, Faden…)",Mắt,Exclude
1583,03.1602.0818,3.1602,Phẫu thuật lác thông thường,Mắt,Exclude
1584,03.1602.0819,3.1602,Phẫu thuật lác thông thường,Mắt,Exclude
1585,03.1608.0826,3.1608,Phẫu thuật rút ngắn cơ nâng mi trên điều trị sụp mi,Mắt,Exclude
1586,03.1609.0826,3.1609,Phẫu thuật gấp cân cơ nâng mi trên điều trị sụp mi,Mắt,Exclude
1587,03.1610.0826,3.1610,"Phẫu thuật treo mi - cơ trán (bằng Silicon, cân cơ đùi…) điều trị sụp mi",Mắt,Exclude
1588,03.1615.0575,3.1615,Ghép da hay vạt da điều trị hở mi do sẹo,Ngoại khoa,Exclude
1589,03.1621.0817,3.1621,Phẫu thuật mở rộng khe mi,Mắt,Exclude
1590,03.1622.0817,3.1622,Phẫu thuật hẹp khe mi,Mắt,Exclude
1591,03.1623.0816,3.1623,Phẫu thuật Epicanthus,Mắt,Exclude
1592,03.1627.0816,3.1627,Điều trị di lệch góc mắt,Mắt,Exclude
1593,03.1629.0740,3.1629,"Phẫu thuật điều trị bong hắc mạc: Chọc hút dịch bong dưới hắc mạc, bơm hơi tiền phòng",Mắt,Exclude
1594,03.1630.0775,3.1630,"Điện đông, lạnh đông đơn thuần phòng bong võng mạc",Mắt,Exclude
1595,03.1632.0731,3.1632,Cắt bè có sử dụng thuốc chống chuyển hoá: Áp hoặc tiêm 5FU,Mắt,Exclude
1596,03.1633.0731,3.1633,Cắt bè có sử dụng thuốc chống chuyển hoa: Áp Mytomycin C,Mắt,Exclude
1597,03.1634.0805,3.1634,Cắt củng mạc sâu đơn thuần,Mắt,Exclude
1598,03.1635.0841,3.1635,Rạch góc tiền phòng,Mắt,Exclude
1599,03.1636.0805,3.1636,Mở bè ± cắt bè,Mắt,Exclude
1600,03.1637.0813,3.1637,Đặt ống Silicon tiền phòng điều trị glôcôm,Mắt,Exclude
1601,03.1638.0813,3.1638,Đặt van dẫn lưu tiền phòng điều trị glôcôm,Mắt,Exclude
1602,03.1642.0786,3.1642,Áp tia beta điều trị các bệnh lý kết mạc,Mắt,Exclude
1603,03.1645.0749,3.1645,Laser điều trị U nguyên bào võng mạc,Mắt,Exclude
1604,03.1646.0775,3.1646,Lạnh đông điều trị K võng mạc,Mắt,Exclude
1605,03.1648.0575,3.1648,Ghép da dị loại độc lập,Ngoại khoa,Exclude
1606,03.1649.0805,3.1649,Cắt bè củng giác mạc (Trabeculectomy),Mắt,Exclude
1607,03.1650.0505,3.1650,Rạch áp xe túi lệ,Ngoại khoa,Exclude
1608,03.1652.0751,3.1652,Đo thị giác tương phản,Mắt,Exclude
1609,03.1654.0748,3.1654,Tập nhược thị,Mắt,Exclude
1610,03.1655.0796,3.1655,"Rửa tiền phòng (máu, xuất tiết, mủ, hóa chất...)",Mắt,Exclude
1611,03.1656.0732,3.1656,Cắt bỏ túi lệ,Mắt,Exclude
1612,03.1657.0823,3.1657,Phẫu thuật mộng đơn thuần,Mắt,Exclude
1613,03.1658.0779,3.1658,Lấy dị vật giác mạc,Mắt,Exclude
1614,03.1658.0777,3.1658,Lấy dị vật giác mạc,Mắt,Exclude
1615,03.1658.0778,3.1658,Lấy dị vật giác mạc,Mắt,Exclude
1616,03.1658.0780,3.1658,Lấy dị vật giác mạc,Mắt,Exclude
1617,03.1659.0738,3.1659,Cắt bỏ chắp có bọc,Mắt,Exclude
1618,03.1660.0764,3.1660,"Khâu cò mi, tháo cò",Mắt,Exclude
1619,03.1662.0818,3.1662,Phẫu thuật lác thông thường,Mắt,Exclude
1620,03.1662.0819,3.1662,Phẫu thuật lác thông thường,Mắt,Exclude
1621,03.1663.0768,3.1663,Khâu da mi,Mắt,Exclude
1622,03.1663.0769,3.1663,Khâu da mi,Mắt,Exclude
1623,03.1664.0772,3.1664,Khâu phục hồi bờ mi,Mắt,Exclude
1624,03.1665.0773,3.1665,"Xử lý vết thương phần mềm, tổn thương nông vùng mắt",Mắt,Exclude
1625,03.1666.0839,3.1666,Khâu phủ kết mạc,Mắt,Exclude
1626,03.1667.0770,3.1667,Khâu giác mạc,Mắt,Exclude
1627,03.1667.0771,3.1667,Khâu giác mạc,Mắt,Exclude
1628,03.1668.0766,3.1668,Khâu củng mạc,Mắt,Exclude
1629,03.1669.0767,3.1669,"Thăm dò, khâu vết thương củng mạc",Mắt,Exclude
1630,03.1670.0770,3.1670,"Khâu lại mép mổ giác mạc, củng mạc",Mắt,Exclude
1631,03.1671.0775,3.1671,Lạnh đông thể mi,Mắt,Exclude
1632,03.1672.0746,3.1672,Điện đông thể mi,Mắt,Exclude
1633,03.1673.0740,3.1673,Bơm hơi tiền phòng,Mắt,Exclude
1634,03.1674.0774,3.1674,Cắt bỏ nhãn cầu ± cắt thị thần kinh dài,Mắt,Exclude
1635,03.1675.0798,3.1675,Múc nội nhãn,Mắt,Exclude
1636,03.1676.0774,3.1676,Cắt thị thần kinh,Mắt,Exclude
1637,03.1677.0788,3.1677,"Phẫu thuật quặm (Panas, Cuenod, Nataf, Trabut)",Mắt,Exclude
1638,03.1677.0790,3.1677,"Phẫu thuật quặm (Panas, Cuenod, Nataf, Trabut)",Mắt,Exclude
1639,03.1677.0793,3.1677,"Phẫu thuật quặm (Panas, Cuenod, Nataf, Trabut)",Mắt,Exclude
1640,03.1677.0794,3.1677,"Phẫu thuật quặm (Panas, Cuenod, Nataf, Trabut)",Mắt,Exclude
1641,03.1677.0789,3.1677,"Phẫu thuật quặm (Panas, Cuenod, Nataf, Trabut)",Mắt,Exclude
1642,03.1677.0791,3.1677,"Phẫu thuật quặm (Panas, Cuenod, Nataf, Trabut)",Mắt,Exclude
1643,03.1677.0792,3.1677,"Phẫu thuật quặm (Panas, Cuenod, Nataf, Trabut)",Mắt,Exclude
1644,03.1677.0795,3.1677,"Phẫu thuật quặm (Panas, Cuenod, Nataf, Trabut)",Mắt,Exclude
1645,03.1678.0794,3.1678,Phẫu thuật quặm bằng ghép niêm mạc môi (Sapejko),Mắt,Exclude
1646,03.1678.0795,3.1678,Phẫu thuật quặm bằng ghép niêm mạc môi (Sapejko),Mắt,Exclude
1647,03.1680.0788,3.1680,Mổ quặm bẩm sinh,Mắt,Exclude
1648,03.1680.0790,3.1680,Mổ quặm bẩm sinh,Mắt,Exclude
1649,03.1680.0793,3.1680,Mổ quặm bẩm sinh,Mắt,Exclude
1650,03.1680.0794,3.1680,Mổ quặm bẩm sinh,Mắt,Exclude
1651,03.1680.0789,3.1680,Mổ quặm bẩm sinh,Mắt,Exclude
1652,03.1680.0791,3.1680,Mổ quặm bẩm sinh,Mắt,Exclude
1653,03.1680.0792,3.1680,Mổ quặm bẩm sinh,Mắt,Exclude
1654,03.1680.0795,3.1680,Mổ quặm bẩm sinh,Mắt,Exclude
1655,03.1681.0075,3.1681,Cắt chỉ khâu giác mạc,Các thủ thuật và dịch vụ Nội soi,Exclude
1656,03.1682.0856,3.1682,Tiêm dưới kết mạc,Mắt,Exclude
1657,03.1683.0857,3.1683,Tiêm cạnh nhãn cầu,Mắt,Exclude
1658,03.1684.0857,3.1684,Tiêm hậu nhãn cầu,Mắt,Exclude
1659,03.1685.0854,3.1685,Bơm thông lệ đạo,Mắt,Exclude
1660,03.1686.0784,3.1686,Lấy máu làm huyết thanh,Mắt,Exclude
1661,03.1687.0745,3.1687,Điện di điều trị,Mắt,Exclude
1662,03.1688.0768,3.1688,Khâu kết mạc,Mắt,Exclude
1663,03.1688.0769,3.1688,Khâu kết mạc,Mắt,Exclude
1664,03.1689.0785,3.1689,Lấy calci đông dưới kết mạc,Mắt,Exclude
1665,03.1690.0075,3.1690,Cắt chỉ khâu kết mạc,Các thủ thuật và dịch vụ Nội soi,Exclude
1666,03.1691.0759,3.1691,Đốt lông xiêu,Mắt,Exclude
1667,03.1692.0730,3.1692,Bơm rửa lệ đạo,Mắt,Exclude
1668,03.1693.0738,3.1693,"Chích chắp, lẹo, chích áp xe mi, kết mạc",Mắt,Exclude
1669,03.1694.0799,3.1694,"Nặn tuyến bờ mi, đánh bờ mi",Mắt,Exclude
1670,03.1695.0842,3.1695,Rửa cùng đồ,Mắt,Exclude
1671,03.1699.0849,3.1699,Soi đáy mắt trực tiếp,Mắt,Exclude
1672,03.1700.0849,3.1700,Soi đáy mắt bằng kính 3 mặt gương,Mắt,Exclude
1673,03.1702.0849,3.1702,Soi góc tiền phòng,Mắt,Exclude
1674,03.1703.0075,3.1703,Cắt chỉ khâu da,Các thủ thuật và dịch vụ Nội soi,Exclude
1675,03.1706.0782,3.1706,Lấy dị vật kết mạc,Mắt,Exclude
1676,03.1718.1037,3.1718,"Phẫu thuật điều trị khuyết hổng chẽ chân răng bằng màng sinh học, có ghép xương",Răng Hàm Mặt,Exclude
1677,03.1721.1037,3.1721,Phẫu thuật tái tạo xương sống hàm bằng ghép xương đông khô và đặt màng sinh học,Răng Hàm Mặt,Exclude
1678,03.1722.1037,3.1722,Phẫu thuật tái tạo xương sống hàm bằng ghép xương nhân tạo và đặt màng sinh học,Răng Hàm Mặt,Exclude
1679,03.1726.1015,3.1726,Điều trị tủy răng có sử dụng siêu âm và hàn kín hệ thống ống tủy bằng Gutta percha nguội.,Răng Hàm Mặt,Exclude
1680,03.1726.1013,3.1726,Điều trị tủy răng có sử dụng siêu âm và hàn kín hệ thống ống tủy bằng Gutta percha nguội.,Răng Hàm Mặt,Exclude
1681,03.1726.1012,3.1726,Điều trị tủy răng có sử dụng siêu âm và hàn kín hệ thống ống tủy bằng Gutta percha nguội.,Răng Hàm Mặt,Exclude
1682,03.1726.1014,3.1726,Điều trị tủy răng có sử dụng siêu âm và hàn kín hệ thống ống tủy bằng Gutta percha nguội.,Răng Hàm Mặt,Exclude
1683,03.1727.1013,3.1727,Điều trị tủy răng có sử dụng siêu âm và hàn kín hệ thống ống tủy bằng Gutta percha nóng chảy,Răng Hàm Mặt,Exclude
1684,03.1727.1015,3.1727,Điều trị tủy răng có sử dụng siêu âm và hàn kín hệ thống ống tủy bằng Gutta percha nóng chảy,Răng Hàm Mặt,Exclude
1685,03.1727.1012,3.1727,Điều trị tủy răng có sử dụng siêu âm và hàn kín hệ thống ống tủy bằng Gutta percha nóng chảy,Răng Hàm Mặt,Exclude
1686,03.1727.1014,3.1727,Điều trị tủy răng có sử dụng siêu âm và hàn kín hệ thống ống tủy bằng Gutta percha nóng chảy,Răng Hàm Mặt,Exclude
1687,03.1728.1013,3.1728,Điều trị tuỷ răng có sử dụng Laser và hàn kín hệ thống ống tuỷ bằng Gutta percha nguội,Răng Hàm Mặt,Exclude
1688,03.1728.1015,3.1728,Điều trị tuỷ răng có sử dụng Laser và hàn kín hệ thống ống tuỷ bằng Gutta percha nguội,Răng Hàm Mặt,Exclude
1689,03.1728.1014,3.1728,Điều trị tuỷ răng có sử dụng Laser và hàn kín hệ thống ống tuỷ bằng Gutta percha nguội,Răng Hàm Mặt,Exclude
1690,03.1728.1012,3.1728,Điều trị tuỷ răng có sử dụng Laser và hàn kín hệ thống ống tuỷ bằng Gutta percha nguội,Răng Hàm Mặt,Exclude
1691,03.1729.1014,3.1729,Điều trị tuỷ răng có sử dụng Laser và hàn kín hệ thống ống tuỷ bằng Gutta percha nóng chảy,Răng Hàm Mặt,Exclude
1692,03.1729.1012,3.1729,Điều trị tuỷ răng có sử dụng Laser và hàn kín hệ thống ống tuỷ bằng Gutta percha nóng chảy,Răng Hàm Mặt,Exclude
1693,03.1729.1013,3.1729,Điều trị tuỷ răng có sử dụng Laser và hàn kín hệ thống ống tuỷ bằng Gutta percha nóng chảy,Răng Hàm Mặt,Exclude
1694,03.1729.1015,3.1729,Điều trị tuỷ răng có sử dụng Laser và hàn kín hệ thống ống tuỷ bằng Gutta percha nóng chảy,Răng Hàm Mặt,Exclude
1695,03.1730.1015,3.1730,Điều trị tuỷ răng có sử dụng kính hiển vi và hàn kín hệ thống ống tuỷ bằng Gutta percha nguội,Răng Hàm Mặt,Exclude
1696,03.1730.1014,3.1730,Điều trị tuỷ răng có sử dụng kính hiển vi và hàn kín hệ thống ống tuỷ bằng Gutta percha nguội,Răng Hàm Mặt,Exclude
1697,03.1730.1013,3.1730,Điều trị tuỷ răng có sử dụng kính hiển vi và hàn kín hệ thống ống tuỷ bằng Gutta percha nguội,Răng Hàm Mặt,Exclude
1698,03.1730.1012,3.1730,Điều trị tuỷ răng có sử dụng kính hiển vi và hàn kín hệ thống ống tuỷ bằng Gutta percha nguội,Răng Hàm Mặt,Exclude
1699,03.1800.1036,3.1800,Phẫu thuật nhổ răng lạc chỗ,Răng Hàm Mặt,Exclude
1700,03.1809.1042,3.1809,Cấy lại răng bị bật khỏi ổ răng,Răng Hàm Mặt,Exclude
1701,03.1815.1041,3.1815,Phẫu thuật cắt phanh lưỡi,Răng Hàm Mặt,Exclude
1702,03.1816.1041,3.1816,Phẫu thuật cắt phanh môi,Răng Hàm Mặt,Exclude
1703,03.1817.1041,3.1817,Phẫu thuật cắt phanh má,Răng Hàm Mặt,Exclude
1704,03.1835.1031,3.1835,Điều trị sâu ngà răng phục hồi bằng Amalgam có sử dụng Laser,Răng Hàm Mặt,Exclude
1705,03.1836.1031,3.1836,Điều trị sâu ngà răng phục hồi bằng Glassionomer Cement (GiC) kết hợp Composite,Răng Hàm Mặt,Exclude
1706,03.1837.1031,3.1837,Điều trị sâu ngà răng phục hồi bằng Compomer,Răng Hàm Mặt,Exclude
1707,03.1838.1031,3.1838,Điều trị sâu ngà răng phục hồi bằng Composite có sử dụng Laser,Răng Hàm Mặt,Exclude
1708,03.1839.1031,3.1839,Điều trị sâu ngà răng phục hồi bằng Glassionomer Cement (GiC) có sử dụng Laser,Răng Hàm Mặt,Exclude
1709,03.1840.1018,3.1840,Phục hồi cổ răng bằng Glassionomer Cement (GiC) có sử dụng Laser,Răng Hàm Mặt,Exclude
1710,03.1841.1018,3.1841,Phục hồi cổ răng bằng Composite có sử dụng Laser,Răng Hàm Mặt,Exclude
1711,03.1846.1012,3.1846,Điều trị tủy răng và hàn kín hệ thống ống tủy bằng Gutta percha nóng chảy,Răng Hàm Mặt,Exclude
1712,03.1846.1013,3.1846,Điều trị tủy răng và hàn kín hệ thống ống tủy bằng Gutta percha nóng chảy,Răng Hàm Mặt,Exclude
1713,03.1846.1015,3.1846,Điều trị tủy răng và hàn kín hệ thống ống tủy bằng Gutta percha nóng chảy,Răng Hàm Mặt,Exclude
1714,03.1846.1014,3.1846,Điều trị tủy răng và hàn kín hệ thống ống tủy bằng Gutta percha nóng chảy,Răng Hàm Mặt,Exclude
1715,03.1848.1013,3.1848,Điều trị tủy răng và hàn kín hệ thống ống tuỷ bằng Gutta percha có sử dụng trâm xoay máy,Răng Hàm Mặt,Exclude
1716,03.1848.1015,3.1848,Điều trị tủy răng và hàn kín hệ thống ống tuỷ bằng Gutta percha có sử dụng trâm xoay máy,Răng Hàm Mặt,Exclude
1717,03.1848.1012,3.1848,Điều trị tủy răng và hàn kín hệ thống ống tuỷ bằng Gutta percha có sử dụng trâm xoay máy,Răng Hàm Mặt,Exclude
1718,03.1848.1014,3.1848,Điều trị tủy răng và hàn kín hệ thống ống tuỷ bằng Gutta percha có sử dụng trâm xoay máy,Răng Hàm Mặt,Exclude
1719,03.1849.1013,3.1849,Điều trị tủy răng và hàn kín hệ thống ống tuỷ bằng Gutta percha nóng chảy có sử dụng trâm xoay cầm tay,Răng Hàm Mặt,Exclude
1720,03.1849.1015,3.1849,Điều trị tủy răng và hàn kín hệ thống ống tuỷ bằng Gutta percha nóng chảy có sử dụng trâm xoay cầm tay,Răng Hàm Mặt,Exclude
1721,03.1849.1012,3.1849,Điều trị tủy răng và hàn kín hệ thống ống tuỷ bằng Gutta percha nóng chảy có sử dụng trâm xoay cầm tay,Răng Hàm Mặt,Exclude
1722,03.1849.1014,3.1849,Điều trị tủy răng và hàn kín hệ thống ống tuỷ bằng Gutta percha nóng chảy có sử dụng trâm xoay cầm tay,Răng Hàm Mặt,Exclude
1723,03.1850.1014,3.1850,Điều trị tủy răng và hàn kín hệ thống ống tủy bằng Gutta percha nóng chảy có sử dụng trâm xoay máy,Răng Hàm Mặt,Exclude
1724,03.1850.1015,3.1850,Điều trị tủy răng và hàn kín hệ thống ống tủy bằng Gutta percha nóng chảy có sử dụng trâm xoay máy,Răng Hàm Mặt,Exclude
1725,03.1850.1012,3.1850,Điều trị tủy răng và hàn kín hệ thống ống tủy bằng Gutta percha nóng chảy có sử dụng trâm xoay máy,Răng Hàm Mặt,Exclude
1726,03.1850.1013,3.1850,Điều trị tủy răng và hàn kín hệ thống ống tủy bằng Gutta percha nóng chảy có sử dụng trâm xoay máy,Răng Hàm Mặt,Exclude
1727,03.1853.1011,3.1853,Điều trị tủy lại,Răng Hàm Mặt,Exclude
1728,03.1858.1012,3.1858,Điều trị tủy răng và hàn kín hệ thống ống tủy bằng Gutta percha nguội,Răng Hàm Mặt,Exclude
1729,03.1858.1014,3.1858,Điều trị tủy răng và hàn kín hệ thống ống tủy bằng Gutta percha nguội,Răng Hàm Mặt,Exclude
1730,03.1858.1013,3.1858,Điều trị tủy răng và hàn kín hệ thống ống tủy bằng Gutta percha nguội,Răng Hàm Mặt,Exclude
1731,03.1858.1015,3.1858,Điều trị tủy răng và hàn kín hệ thống ống tủy bằng Gutta percha nguội,Răng Hàm Mặt,Exclude
1732,03.1859.1015,3.1859,Điều trị tuỷ răng và hàn kín hệ thống ống tủy bằng Gutta percha nguội có sử dụng châm xoay cầm tay,Răng Hàm Mặt,Exclude
1733,03.1859.1013,3.1859,Điều trị tuỷ răng và hàn kín hệ thống ống tủy bằng Gutta percha nguội có sử dụng châm xoay cầm tay,Răng Hàm Mặt,Exclude
1734,03.1859.1014,3.1859,Điều trị tuỷ răng và hàn kín hệ thống ống tủy bằng Gutta percha nguội có sử dụng châm xoay cầm tay,Răng Hàm Mặt,Exclude
1735,03.1859.1012,3.1859,Điều trị tuỷ răng và hàn kín hệ thống ống tủy bằng Gutta percha nguội có sử dụng châm xoay cầm tay,Răng Hàm Mặt,Exclude
1736,03.1914.1025,3.1914,Nhổ răng vĩnh viễn lung lay,Răng Hàm Mặt,Exclude
1737,03.1915.1024,3.1915,Nhổ chân răng vĩnh viễn,Răng Hàm Mặt,Exclude
1738,03.1918.1007,3.1918,Cắt lợi trùm răng khôn hàm dưới,Răng Hàm Mặt,Exclude
1739,03.1929.1031,3.1929,Điều trị sâu ngà răng phục hồi bằng Composite,Răng Hàm Mặt,Exclude
1740,03.1930.1018,3.1930,Phục hồi cổ răng bằng Glassionomer Cement (GiC),Răng Hàm Mặt,Exclude
1741,03.1931.1018,3.1931,Phục hồi cổ răng bằng Composite,Răng Hàm Mặt,Exclude
1742,03.1938.1035,3.1938,Trám bít hố rãnh với Glassionomer Cement (GiC) quang trùng hợp,Răng Hàm Mặt,Exclude
1743,03.1939.1035,3.1939,Trám bít hố rãnh với Composite hoá trùng hợp,Răng Hàm Mặt,Exclude
1744,03.1940.1035,3.1940,Trám bít hố rãnh với Composite quang trùng hợp,Răng Hàm Mặt,Exclude
1745,03.1942.1010,3.1942,Điều trị răng sữa viêm tuỷ có hồi phục,Răng Hàm Mặt,Exclude
1746,03.1944.1016,3.1944,Điều trị tuỷ răng sữa,Răng Hàm Mặt,Exclude
1747,03.1944.1017,3.1944,Điều trị tuỷ răng sữa,Răng Hàm Mặt,Exclude
1748,03.1949.1035,3.1949,Trám bít hố rãnh bằng nhựa Sealant,Răng Hàm Mặt,Exclude
1749,03.1951.1019,3.1951,Điều trị răng sữa sâu ngà phục hồi bằng Amalgam,Răng Hàm Mặt,Exclude
1750,03.1953.1035,3.1953,Trám bít hố rãnh bằng Glassionomer Cement (GiC),Răng Hàm Mặt,Exclude
1751,03.1954.1019,3.1954,Điều trị răng sữa sâu ngà phục hồi bằng Glassionomer Cement (GiC),Răng Hàm Mặt,Exclude
1752,03.1955.1029,3.1955,Nhổ răng sữa,Răng Hàm Mặt,Exclude
1753,03.1956.1029,3.1956,Nhổ chân răng sữa,Răng Hàm Mặt,Exclude
1754,03.1957.1033,3.1957,Điều trị viêm loét niêm mạc miệng trẻ em,Răng Hàm Mặt,Exclude
1755,03.1970.1031,3.1970,Điều trị sâu ngà răng phục hồi bằng Eugenate,Răng Hàm Mặt,Exclude
1756,03.1971.1031,3.1971,Điều trị sâu ngà răng phục hồi bằng Amalgam,Răng Hàm Mặt,Exclude
1757,03.1972.1031,3.1972,Điều trị sâu ngà răng phục hồi bằng Glassionomer Cement (GiC),Răng Hàm Mặt,Exclude
1758,03.1976.1067,3.1976,Phẫu thuật kết hợp xương điều trị gãy lồi cầu xương hàm dưới bằng chỉ thép,Răng Hàm Mặt,Exclude
1759,03.1977.1067,3.1977,Phẫu thuật kết hợp xương điều trị gãy lồi cầu xương hàm dưới bằng nẹp vít hợp kim,Răng Hàm Mặt,Exclude
1760,03.1978.1067,3.1978,Phẫu thuật kết hợp xương điều trị gãy lồi cầu xương hàm dưới bằng nẹp vít tự tiêu,Răng Hàm Mặt,Exclude
1761,03.1979.1067,3.1979,Phẫu thuật kết hợp xương điều trị gãy lồi cầu xương hàm dưới bằng vật liệu thay thế,Răng Hàm Mặt,Exclude
1762,03.1980.1067,3.1980,"Phẫu thuật kết hợp xương điều trị gãy lồi cầu xương hàm dưới bằng ghép xương, sụn tự thân",Răng Hàm Mặt,Exclude
1763,03.1981.1069,3.1981,Phẫu thuật điều trị gãy xương hàm trên Lefort 2 bằng chỉ thép,Răng Hàm Mặt,Exclude
1764,03.1982.1069,3.1982,Phẫu thuật điều trị gãy xương hàm trên Lefort 2 bằng nẹp vít hợp kim,Răng Hàm Mặt,Exclude
1765,03.1983.1069,3.1983,Phẫu thuật điều trị gãy xương hàm trên Lefort 2 bằng nẹp vít tự tiêu,Răng Hàm Mặt,Exclude
1766,03.1984.1069,3.1984,Phẫu thuật điều trị gãy xương hàm trên Lefort 3 bằng chỉ thép,Răng Hàm Mặt,Exclude
1767,03.1985.1069,3.1985,Phẫu thuật điều trị gãy xương hàm trên Lefort 3 bằng nẹp vít hợp kim,Răng Hàm Mặt,Exclude
1768,03.1986.1069,3.1986,Phẫu thuật điều trị gãy xương hàm trên Lefort 3 bằng nẹp vít tự tiêu,Răng Hàm Mặt,Exclude
1769,03.1997.1064,3.1997,Phẫu thuật mở xương 2 hàm,Răng Hàm Mặt,Exclude
1770,03.2002.1057,3.2002,Phẫu thuật ghép xương bằng vật liệu thay thế tức thì sau cắt đoạn xương hàm trên,Răng Hàm Mặt,Exclude
1771,03.2003.1056,3.2003,Phẫu thuật ghép xương tự thân tức thì sau cắt đoạn xương hàm dưới,Răng Hàm Mặt,Exclude
1772,03.2005.1055,3.2005,Phẫu thuật ghép xương với khung nẹp hợp kim tức thì sau cắt đoạn xương hàm dưới,Răng Hàm Mặt,Exclude
1773,03.2006.1054,3.2006,Phẫu thuật cắt dây thần kinh V nhánh ổ mắt,Răng Hàm Mặt,Include
1774,03.2007.1054,3.2007,Phẫu thuật cắt dây thần kinh V nhánh dưới hàm,Răng Hàm Mặt,Include
1775,03.2008.1054,3.2008,Phẫu thuật cắt dây thần kinh V nhánh thái dương,Răng Hàm Mặt,Include
1776,03.2009.1072,3.2009,Phẫu thuật điều trị dính khớp thái dương hàm 1 bên bằng ghép xương - sụn tự thân,Răng Hàm Mặt,Include
1777,03.2010.1071,3.2010,Phẫu thuật điều trị dính khớp thái dương hàm 1 bên bằng ghép vật liệu thay thế,Răng Hàm Mặt,Include
1778,03.2011.1074,3.2011,Phẫu thuật điều trị dính khớp thái dương hàm 2 bên bằng ghép xương - sụn tự thân,Răng Hàm Mặt,Include
1779,03.2012.1073,3.2012,Phẫu thuật điều trị dính khớp thái dương hàm 2 bên bằng vật liệu thay thế,Răng Hàm Mặt,Include
1780,03.2013.1077,3.2013,Phẫu thuật tạo hình các khuyết hổng lớn vùng hàm mặt bằng vạt da cơ,Răng Hàm Mặt,Include
1781,03.2014.1058,3.2014,Phẫu thuật cắt bỏ tuyến nước bọt mang tai bảo tồn thần kinh VII,Răng Hàm Mặt,Include
1782,03.2016.1084,3.2016,Phẫu thuật điều trị khe hở vòm,Răng Hàm Mặt,Include
1783,03.2018.1068,3.2018,Cố định điều trị gãy xương hàm dưới bằng vít,Răng Hàm Mặt,Include
1784,03.2019.1068,3.2019,Phẫu thuật kết hợp xương điều trị gãy xương hàm dưới bằng chỉ thép,Răng Hàm Mặt,Include
1785,03.2020.1068,3.2020,Phẫu thuật kết hợp xương điều trị gãy xương hàm dưới bằng nẹp vít hợp kim,Răng Hàm Mặt,Include
1786,03.2021.1068,3.2021,Phẫu thuật kết hợp xương điều trị gãy xương hàm dưới bằng nẹp vít tự tiêu,Răng Hàm Mặt,Include
1787,03.2028.1066,3.2028,Phẫu thuật kết hợp xương điều trị gãy xương gò má - cung tiếp bằng chỉ thép,Răng Hàm Mặt,Include
1788,03.2029.1066,3.2029,Phẫu thuật kết hợp xương điều trị gãy xương gò má - cung tiếp bằng nẹp vít hợp kim,Răng Hàm Mặt,Include
1789,03.2030.1066,3.2030,Phẫu thuật kết hợp xương điều trị gãy xương gò má - cung tiếp bằng nẹp vít tự tiêu,Răng Hàm Mặt,Include
1790,03.2031.1066,3.2031,Điều trị gãy xương gò má - cung tiếp bằng nắn chỉnh (có gây mê hoặc gây tê),Răng Hàm Mặt,Include
1791,03.2032.1069,3.2032,Phẫu thuật điều trị gãy xương hàm trên Lefort 1 bằng chỉ thép,Răng Hàm Mặt,Include
1792,03.2033.1069,3.2033,Phẫu thuật điều trị gãy xương hàm trên Lefort 1 bằng nẹp vít hợp kim,Răng Hàm Mặt,Include
1793,03.2034.1069,3.2034,Phẫu thuật điều trị gãy xương hàm trên Lefort 1 bằng nẹp vít tự tiêu,Răng Hàm Mặt,Include
1794,03.2043.1070,3.2043,Phẫu thuật rạch dẫn lưu viêm tấy lan toả vùng hàm mặt,Răng Hàm Mặt,Include
1795,03.2044.1081,3.2044,Phẫu thuật mở xoang hàm để lấy chóp răng hoặc răng ngầm,Răng Hàm Mặt,Include
1796,03.2055.1053,3.2055,Nắn sai khớp thái dương hàm dưới gây mê,Răng Hàm Mặt,Include
1797,03.2056.1053,3.2056,Nắn sai khớp thái dương hàm đến muộn có gây tê,Răng Hàm Mặt,Include
1798,03.2058.1068,3.2058,Điều trị gãy xương hàm dưới bằng cung cố định 2 hàm,Răng Hàm Mặt,Include
1799,03.2059.1068,3.2059,Cố định điều trị gãy xương hàm dưới bằng các nút 1vy,Răng Hàm Mặt,Include
1800,03.2061.1065,3.2061,Phẫu thuật điều trị đa chấn thương vùng hàm mặt,Răng Hàm Mặt,Include
1801,03.2064.1079,3.2064,Phẫu thuật lấy dị vật vùng hàm mặt,Răng Hàm Mặt,Include
1802,03.2067.1043,3.2067,Phẫu thuật lấy sỏi ống Wharton tuyến dưới hàm,Răng Hàm Mặt,Include
1803,03.2069.1022,3.2069,Nắn sai khớp thái dương hàm,Răng Hàm Mặt,Include
1804,03.2072.1009,3.2072,Cố định tạm thời sơ cứu gãy xương hàm,Răng Hàm Mặt,Include
1805,03.2078.0986,3.2078,Cấy điện cực ốc tai,Tai Mũi Họng,Include
1806,03.2079.0981,3.2079,Phẫu thuật tạo hình tái tạo lại hệ thống truyền âm,Tai Mũi Họng,Include
1807,03.2080.0979,3.2080,"Phẫu thuật phục hồi, tái tạo dây VII",Tai Mũi Họng,Include
1808,03.2081.0950,3.2081,Phẫu thuật giảm áp dây thần kinh VII,Tai Mũi Họng,Include
1809,03.2082.0986,3.2082,Thay thế xương bàn đạp,Tai Mũi Họng,Include
1810,03.2083.0983,3.2083,Khoét mê nhĩ,Tai Mũi Họng,Include
1811,03.2087.0984,3.2087,"Phẫu thuật tạo hình tai giữa, tai ngoài do dị tật bẩm sinh",Tai Mũi Họng,Include
1812,03.2088.0983,3.2088,Phẫu thuật cắt dây thần kinh tiền đình,Tai Mũi Họng,Include
1813,03.2091.0983,3.2091,Phẫu thuật tai trong/u dây thần kinh VII/u dây thần kinh VIII,Tai Mũi Họng,Include
1814,03.2092.0949,3.2092,Phẫu thuật đỉnh xương đá,Tai Mũi Họng,Include
1815,03.2093.0987,3.2093,Phẫu thuật tiệt căn xương chũm cải biên - chỉnh hình tai giữa,Tai Mũi Họng,Include
1816,03.2100.0987,3.2100,Phẫu thuật tai xương chũm trong viêm màng não,Tai Mũi Họng,Include
1817,03.2101.0987,3.2101,Phẫu thuật tai xương chũm trong viêm tắc tĩnh mạch bên,Tai Mũi Họng,Include
1818,03.2102.0987,3.2102,Phẫu thuật tiệt căn xương chũm,Tai Mũi Họng,Include
1819,03.2103.0911,3.2103,"Phẫu thuật sào bào thượng nhĩ, vá nhĩ",Tai Mũi Họng,Include
1820,03.2104.0997,3.2104,Vá nhĩ đơn thuần,Tai Mũi Họng,Include
1821,03.2107.0934,3.2107,Thủ thuật nong vòi nhĩ,Tai Mũi Họng,Include
1822,03.2107.0935,3.2107,Thủ thuật nong vòi nhĩ,Tai Mũi Họng,Include
1823,03.2111.0981,3.2111,Phẫu thuật tái tạo hệ thống truyền âm,Tai Mũi Họng,Include
1824,03.2112.0984,3.2112,Chỉnh hình tai giữa,Tai Mũi Họng,Include
1825,03.2113.0936,3.2113,Phẫu thuật áp xe não do tai,Tai Mũi Họng,Include
1826,03.2116.0992,3.2116,Thông vòi nhĩ,Tai Mũi Họng,Include
1827,03.2117.0902,3.2117,Lấy dị vật tai,Tai Mũi Họng,Include
1828,03.2117.0901,3.2117,Lấy dị vật tai,Tai Mũi Họng,Include
1829,03.2117.0903,3.2117,Lấy dị vật tai,Tai Mũi Họng,Include
1830,03.2118.0882,3.2118,Chọc hút dịch tụ huyết vành tai,Tai Mũi Họng,Include
1831,03.2119.0505,3.2119,Chích nhọt ống tai ngoài,Ngoại khoa,Include
1832,03.2120.0899,3.2120,Làm thuốc tai,Tai Mũi Họng,Include
1833,03.2121.0994,3.2121,Chích rạch màng nhĩ,Tai Mũi Họng,Include
1834,03.2126.0884,3.2126,Đo điện thính giác thân não,Tai Mũi Họng,Include
1835,03.2131.0972,3.2131,Phẫu thuật nội soi giảm áp ổ mắt,Tai Mũi Họng,Include
1836,03.2148.0912,3.2148,Nắn sống mũi sau chấn thương,Tai Mũi Họng,Include
1837,03.2149.0916,3.2149,Nhét bấc mũi sau,Tai Mũi Họng,Include
1838,03.2150.0916,3.2150,Nhét bấc mũi trước,Tai Mũi Họng,Include
1839,03.2152.0867,3.2152,Bẻ cuốn dưới,Tai Mũi Họng,Include
1840,03.2154.0897,3.2154,Làm Proetz,Tai Mũi Họng,Include
1841,03.2155.0869,3.2155,Cầm máu mũi bằng Meroxeo (2 bên),Tai Mũi Họng,Include
1842,03.2156.0917,3.2156,Phẫu thuật nối khí quản tận-tận trong sẹo hẹp thanh khí quản,Tai Mũi Họng,Include
1843,03.2157.0876,3.2157,Phẫu thuật cắt thanh quản và tái tạo hệ phát âm,Tai Mũi Họng,Include
1844,03.2159.0938,3.2159,Phẫu thuật cắt thanh quản toàn phần,Tai Mũi Họng,Include
1845,03.2160.0938,3.2160,Phẫu thuật cắt thanh quản bán phần,Tai Mũi Họng,Include
1846,03.2161.0948,3.2161,Phẫu thuật tạo hình sẹo hẹp thanh-khí quản,Tai Mũi Họng,Include
1847,03.2164.0442,3.2164,Phẫu thuật cắt túi thừa thực quản,Ngoại khoa,Include
1848,03.2175.0996,3.2175,Chích áp xe thành sau họng,Tai Mũi Họng,Exclude
1849,03.2175.0879,3.2175,Chích áp xe thành sau họng,Tai Mũi Họng,Exclude
1850,03.2176.0892,3.2176,Áp lạnh Amidan,Tai Mũi Họng,Exclude
1851,03.2177.0965,3.2177,Cắt u nang hạ họng-thanh quản qua nội soi,Tai Mũi Họng,Exclude
1852,03.2178.0900,3.2178,Lấy dị vật hạ họng,Tai Mũi Họng,Exclude
1853,03.2179.0937,3.2179,Phẫu thuật cắt Amidan gây tê hoặc gây mê,Tai Mũi Họng,Exclude
1854,03.2179.0870,3.2179,Phẫu thuật cắt Amidan gây tê hoặc gây mê,Tai Mũi Họng,Exclude
1855,03.2180.0954,3.2180,Phẫu thuật lấy đường rò luân nhĩ,Tai Mũi Họng,Exclude
1856,03.2181.0995,3.2181,Chích áp xe quanh Amidan,Tai Mũi Họng,Exclude
1857,03.2181.0878,3.2181,Chích áp xe quanh Amidan,Tai Mũi Họng,Exclude
1858,03.2182.0895,3.2182,Đốt nhiệt họng hạt,Tai Mũi Họng,Exclude
1859,03.2183.0893,3.2183,Đốt lạnh họng hạt,Tai Mũi Họng,Exclude
1860,03.2184.0899,3.2184,"Làm thuốc tai, mũi, thanh quản",Tai Mũi Họng,Exclude
1861,03.2191.0898,3.2191,Khí dung mũi họng,Tai Mũi Họng,Exclude
1862,03.2197.0963,3.2197,Phẫu thuật cắt u xơ vòm mũi họng,Tai Mũi Họng,Exclude
1863,03.2198.0982,3.2198,Phẫu thuật tái tạo vùng đầu cổ mặt bằng vạt da cơ xương,Tai Mũi Họng,Exclude
1864,03.2199.0979,3.2199,"Phẫu thuật phục hồi, tái tạo dây thần kinh VII",Tai Mũi Họng,Exclude
1865,03.2200.0939,3.2200,Phẫu thuật cắt bỏ u thành bên họng lan lên đáy sọ có kiểm soát bằng kính hiển vi và nội soi,Tai Mũi Họng,Exclude
1866,03.2205.0955,3.2205,Phẫu thuật dẫn lưu áp xe quanh thực quản,Tai Mũi Họng,Exclude
1867,03.2212.0912,3.2212,"Phẫu thuật tạo hình sống mũi, cánh mũi",Tai Mũi Họng,Exclude
1868,03.2217.0896,3.2217,Ghép thanh khí quản đặt stent,Tai Mũi Họng,Exclude
1869,03.2218.0876,3.2218,Cắt thanh quản có tái tạo phát âm,Tai Mũi Họng,Exclude
1870,03.2222.0966,3.2222,FESS giải quyết các u lành tính,Tai Mũi Họng,Exclude
1871,03.2224.0946,3.2224,Phẫu thuật chỉnh hình khối mũi sàng,Tai Mũi Họng,Exclude
1872,03.2228.0945,3.2228,Phẫu thuật cắt thùy nông tuyến mang tai-bảo tồn dây VII,Tai Mũi Họng,Exclude
1873,03.2229.0945,3.2229,Phẫu thuật cắt toàn bộ tuyến mang tai có hoặc không bảo tồn dây VII,Tai Mũi Họng,Exclude
1874,03.2233.0980,3.2233,Phẫu thuật cắt bỏ nang và rõ xoang lê (túi mang 1V),Tai Mũi Họng,Exclude
1875,03.2236.1085,3.2236,Phẫu thuật tạo hình điều trị khe hở vòm miệng tạo vạt thành hầu,Răng Hàm Mặt,Exclude
1876,03.2238.0894,3.2238,Đốt họng bằng khí nitơ lỏng,Tai Mũi Họng,Exclude
1877,03.2239.0893,3.2239,Đốt họng bằng khí CO­2 (bằng áp lạnh),Tai Mũi Họng,Exclude
1878,03.2240.0914,3.2240,Phẫu thuật nạo VA gây mê,Tai Mũi Họng,Exclude
1879,03.2241.0871,3.2241,Cắt Amidan bằng Coblator,Tai Mũi Họng,Exclude
1880,03.2245.0216,3.2245,Khâu vết thương phần mềm vùng đầu cổ,Các thủ thuật và dịch vụ Nội soi,Exclude
1881,03.2245.0217,3.2245,Khâu vết thương phần mềm vùng đầu cổ,Các thủ thuật và dịch vụ Nội soi,Exclude
1882,03.2245.0218,3.2245,Khâu vết thương phần mềm vùng đầu cổ,Các thủ thuật và dịch vụ Nội soi,Exclude
1883,03.2245.0219,3.2245,Khâu vết thương phần mềm vùng đầu cổ,Các thủ thuật và dịch vụ Nội soi,Exclude
1884,03.2246.0603,3.2246,Chích rạch màng trinh do ứ máu kinh,Phụ Sản,Exclude
1885,03.2247.0627,3.2247,Cắt cụt cổ tử cung,Phụ Sản,Exclude
1886,03.2248.0685,3.2248,"Phẫu thuật mở bụng thăm dò, xử trí bệnh lý phụ khoa",Phụ Sản,Exclude
1887,03.2249.0681,3.2249,Phẫu thuật mở bụng cắt tử cung hoàn toàn,Phụ Sản,Exclude
1888,03.2250.0704,3.2250,Phẫu thuật tạo hình âm đạo (nội soi kết hợp đường dưới),Phụ Sản,Exclude
1889,03.2251.0705,3.2251,Phẫu thuật tạo hình âm đạo do dị dạng (đường dưới),Phụ Sản,Exclude
1890,03.2252.0662,3.2252,"Phẫu thuật cắt vách ngăn âm đạo, mở thông âm đạo",Phụ Sản,Exclude
1891,03.2253.0651,3.2253,Phẫu thuật cắt âm vật phì đại,Phụ Sản,Exclude
1892,03.2254.0686,3.2254,"Phẫu thuật mở bụng xử trí viêm phúc mạc tiểu khung, viêm phần phụ, ứ mủ vòi trứng",Phụ Sản,Exclude
1893,03.2255.0616,3.2255,Đóng rò trực tràng - âm đạo hoặc rò tiết niệu- sinh dục,Phụ Sản,Exclude
1894,03.2256.0669,3.2256,Phẫu thuật làm lại tầng sinh môn và cơ vòng do rách phức tạp,Phụ Sản,Exclude
1895,03.2257.0663,3.2257,Phẫu thuật chấn thương tầng sinh môn,Phụ Sản,Exclude
1896,03.2258.0601,3.2258,Chích áp xe tuyến Bartholin,Phụ Sản,Exclude
1897,03.2259.0609,3.2259,Dẫn lưu cùng đồ Douglas,Phụ Sản,Exclude
1898,03.2260.0606,3.2260,Chọc dò túi cùng Douglas,Phụ Sản,Exclude
1899,03.2262.0630,3.2262,Lấy dị vật âm đạo,Phụ Sản,Exclude
1900,03.2263.0624,3.2263,Khâu rách cùng đồ âm đạo,Phụ Sản,Exclude
1901,03.2264.0669,3.2264,"Làm lại thành âm đạo, tầng sinh môn",Phụ Sản,Exclude
1902,03.2265.0618,3.2265,Phong bế ngoài màng cứng,Phụ Sản,Exclude
1903,03.2266.0391,3.2266,"Đặt máy tạo nhịp trong cơ thể, điện cực trong tim hoặc điện cực màng trên tim",Ngoại khoa,Exclude
1904,03.2267.0391,3.2267,Cấy máy tạo nhịp vĩnh viễn,Ngoại khoa,Exclude
1905,03.2270.0054,3.2270,Bít lỗ thông liên nhĩ/liên thất/ống động mạch,"Chụp cắt lớp vi tính, chụp mạch, cộng hưởng từ",Exclude
1906,03.2275.0054,3.2275,Phá vách liên nhĩ,"Chụp cắt lớp vi tính, chụp mạch, cộng hưởng từ",Exclude
1907,03.2276.0054,3.2276,Nong hẹp nhánh động mạch phổi,"Chụp cắt lớp vi tính, chụp mạch, cộng hưởng từ",Exclude
1908,03.2277.0054,3.2277,Nong hẹp tĩnh mạch phổi,"Chụp cắt lớp vi tính, chụp mạch, cộng hưởng từ",Exclude
1909,03.2279.0054,3.2279,Đặt stent tĩnh mạch phổi,"Chụp cắt lớp vi tính, chụp mạch, cộng hưởng từ",Exclude
1910,03.2280.0055,3.2280,Đặt stent hẹp eo động mạch chủ,"Chụp cắt lớp vi tính, chụp mạch, cộng hưởng từ",Exclude
1911,03.2281.0054,3.2281,Thay van động mạch chủ qua da,"Chụp cắt lớp vi tính, chụp mạch, cộng hưởng từ",Exclude
1912,03.2282.0054,3.2282,Thay van 2 lá qua da,"Chụp cắt lớp vi tính, chụp mạch, cộng hưởng từ",Exclude
1913,03.2283.0054,3.2283,Đóng lỗ rò động mạch vành,"Chụp cắt lớp vi tính, chụp mạch, cộng hưởng từ",Exclude
1914,03.2285.0167,3.2285,Sinh thiết tim cơ tim qua thông tim,Các thủ thuật và dịch vụ Nội soi,Exclude
1915,03.2286.0054,3.2286,Lấy dị vật trong buồng tim,"Chụp cắt lớp vi tính, chụp mạch, cộng hưởng từ",Exclude
1916,03.2287.0055,3.2287,Tách van động mạch phổi trong teo van động mạch phổi bằng sóng cao tần và bóng qua da,"Chụp cắt lớp vi tính, chụp mạch, cộng hưởng từ",Exclude
1917,03.2290.0391,3.2290,Đặt máy tạo nhịp tạm thời trong tim,Ngoại khoa,Exclude
1918,03.2291.0054,3.2291,Đặt filter lọc máu tĩnh mạch chủ,"Chụp cắt lớp vi tính, chụp mạch, cộng hưởng từ",Exclude
1919,03.2292.0106,3.2292,Điều trị rối loạn nhịp tim bằng sóng tần số radio,Các thủ thuật và dịch vụ Nội soi,Exclude
1920,03.2293.0054,3.2293,Đặt dù lọc máu động mạch,"Chụp cắt lớp vi tính, chụp mạch, cộng hưởng từ",Exclude
1921,03.2294.0055,3.2294,Nong động mạch cảnh,"Chụp cắt lớp vi tính, chụp mạch, cộng hưởng từ",Exclude
1922,03.2295.0055,3.2295,Nong động mạch ngoại biên,"Chụp cắt lớp vi tính, chụp mạch, cộng hưởng từ",Exclude
1923,03.2296.0054,3.2296,Nong van động mạch chủ,"Chụp cắt lớp vi tính, chụp mạch, cộng hưởng từ",Exclude
1924,03.2297.0054,3.2297,Nong hẹp eo động mạch chủ,"Chụp cắt lớp vi tính, chụp mạch, cộng hưởng từ",Exclude
1925,03.2298.0054,3.2298,Nong van động mạch phổi,"Chụp cắt lớp vi tính, chụp mạch, cộng hưởng từ",Exclude
1926,03.2299.0054,3.2299,Đặt stent động mạch vành,"Chụp cắt lớp vi tính, chụp mạch, cộng hưởng từ",Exclude
1927,03.2300.0054,3.2300,Đặt stent động mạch cảnh,"Chụp cắt lớp vi tính, chụp mạch, cộng hưởng từ",Exclude
1928,03.2301.0055,3.2301,Đặt stent động mạch ngoại biên,"Chụp cắt lớp vi tính, chụp mạch, cộng hưởng từ",Exclude
1929,03.2302.0054,3.2302,Đặt stent động mạch thận,"Chụp cắt lớp vi tính, chụp mạch, cộng hưởng từ",Exclude
1930,03.2303.0054,3.2303,Đặt stent ống động mạch,"Chụp cắt lớp vi tính, chụp mạch, cộng hưởng từ",Exclude
1931,03.2304.0054,3.2304,Nong hẹp van 2 lá bằng bóng 1noue,"Chụp cắt lớp vi tính, chụp mạch, cộng hưởng từ",Exclude
1932,03.2305.0055,3.2305,Đặt bóng dội ngược động mạch chủ,"Chụp cắt lớp vi tính, chụp mạch, cộng hưởng từ",Exclude
1933,03.2306.0054,3.2306,Đặt stent phình động mạch chủ,"Chụp cắt lớp vi tính, chụp mạch, cộng hưởng từ",Exclude
1934,03.2307.0055,3.2307,Đặt stent hẹp động mạch chủ,"Chụp cắt lớp vi tính, chụp mạch, cộng hưởng từ",Exclude
1935,03.2308.0054,3.2308,Nong rộng van tim,"Chụp cắt lớp vi tính, chụp mạch, cộng hưởng từ",Exclude
1936,03.2309.0054,3.2309,Thông tim ống lớn và chụp buồng tim cản quang,"Chụp cắt lớp vi tính, chụp mạch, cộng hưởng từ",Exclude
1937,03.2310.0054,3.2310,Khoan các tổn thương vôi hóa ở động mạch,"Chụp cắt lớp vi tính, chụp mạch, cộng hưởng từ",Exclude
1938,03.2311.0054,3.2311,Đặt coil bít ống động mạch,"Chụp cắt lớp vi tính, chụp mạch, cộng hưởng từ",Exclude
1939,03.2312.0391,3.2312,Kích thích tim vượt tần số điều trị loạn nhịp,Ngoại khoa,Exclude
1940,03.2313.0054,3.2313,Nong mạch/đặt stent mạch các loại ,"Chụp cắt lớp vi tính, chụp mạch, cộng hưởng từ",Exclude
1941,03.2315.0107,3.2315,Điều trị suy tĩnh mạch bằng Laser nội mạch,Các thủ thuật và dịch vụ Nội soi,Exclude
1942,03.2318.0058,3.2318,Nút động mạch kết hợp hoá chất điều trị ung thư gan trước phẫu thuật,"Chụp cắt lớp vi tính, chụp mạch, cộng hưởng từ",Exclude
1943,03.2319.0058,3.2319,Nút động mạch kết hợp hoá chất điều trị ung thư thận trước phẫu thuật,"Chụp cắt lớp vi tính, chụp mạch, cộng hưởng từ",Exclude
1944,03.2320.0057,3.2320,"Thông động mạch cảnh trong, xoang hang","Chụp cắt lớp vi tính, chụp mạch, cộng hưởng từ",Exclude
1945,03.2324.0109,3.2324,"Gây dính màng phổi bằng các loại thuốc, hoá chất",Các thủ thuật và dịch vụ Nội soi,Exclude
1946,03.2325.0096,3.2325,Đặt sonde dẫn lưu khoang màng phổi dưới hướng dẫn của chụp cắt lớp vi tính,Các thủ thuật và dịch vụ Nội soi,Exclude
1947,03.2326.0095,3.2326,Dẫn lưu ổ áp xe phổi dưới hướng dẫn của siêu âm,Các thủ thuật và dịch vụ Nội soi,Exclude
1948,03.2327.0096,3.2327,Dẫn lưu ổ áp xe phổi dưới hướng dẫn của máy chụp cắt lớp vi tính,Các thủ thuật và dịch vụ Nội soi,Exclude
1949,03.2329.0095,3.2329,Đặt sonde dẫn lưu khoang màng phổi dưới hướng dẫn của siêu âm,Các thủ thuật và dịch vụ Nội soi,Exclude
1950,03.2331.0164,3.2331,"Rút sonde dẫn lưu màng phổi, sonde dẫn lưu ổ áp xe",Các thủ thuật và dịch vụ Nội soi,Exclude
1951,03.2332.0078,3.2332,Chọc dò màng phổi dưới hướng dẫn của siêu âm,Các thủ thuật và dịch vụ Nội soi,Exclude
1952,03.2333.0078,3.2333,Chọc tháo dịch màng phổi dưới hướng dẫn của siêu âm,Các thủ thuật và dịch vụ Nội soi,Exclude
1953,03.2334.0499,3.2334,"Đặt stent đường mật, đường tuỵ",Ngoại khoa,Exclude
1954,03.2337.0165,3.2337,Đặt dẫn lưu ổ dịch/áp xe ổ bụng sau mổ dưới siêu âm,Các thủ thuật và dịch vụ Nội soi,Exclude
1955,03.2340.0157,3.2340,"Nong hẹp thực quản, môn vị, tá tràng",Các thủ thuật và dịch vụ Nội soi,Exclude
1956,03.2342.0169,3.2342,Sinh thiết gan bằng kim/ dụng cụ sinh thiết dưới siêu âm,Các thủ thuật và dịch vụ Nội soi,Exclude
1957,03.2344.0166,3.2344,Chọc hút và tiêm thuốc nang gan,Các thủ thuật và dịch vụ Nội soi,Exclude
1958,03.2350.0061,3.2350,Đặt dẫn lưu đường mật xuống tá tràng theo đường qua da,"Chụp cắt lớp vi tính, chụp mạch, cộng hưởng từ",Exclude
1959,03.2352.0087,3.2352,Chọc áp xe gan qua siêu âm,Các thủ thuật và dịch vụ Nội soi,Exclude
1960,03.2354.0077,3.2354,Chọc dịch màng bụng,Các thủ thuật và dịch vụ Nội soi,Exclude
1961,03.2355.0077,3.2355,Dẫn lưu dịch màng bụng,Các thủ thuật và dịch vụ Nội soi,Exclude
1962,03.2356.0505,3.2356,Chọc hút áp xe thành bụng,Ngoại khoa,Exclude
1963,03.2357.0211,3.2357,Thụt tháo phân,Các thủ thuật và dịch vụ Nội soi,Exclude
1964,03.2358.0211,3.2358,Đặt sonde hậu môn,Các thủ thuật và dịch vụ Nội soi,Exclude
1965,03.2361.0054,3.2361,Nong động mạch thận,"Chụp cắt lớp vi tính, chụp mạch, cộng hưởng từ",Exclude
1966,03.2363.0169,3.2363,Sinh thiết thận qua da dưới siêu âm,Các thủ thuật và dịch vụ Nội soi,Exclude
1967,03.2365.0116,3.2365,Lọc màng bụng chu kỳ,Các thủ thuật và dịch vụ Nội soi,Exclude
1968,03.2367.0112,3.2367,Chọc dịch khớp,Các thủ thuật và dịch vụ Nội soi,Exclude
1969,03.2371.0213,3.2371,Tiêm chất nhờn vào khớp,Các thủ thuật và dịch vụ Nội soi,Exclude
1970,03.2371.0214,3.2371,Tiêm chất nhờn vào khớp,Các thủ thuật và dịch vụ Nội soi,Exclude
1971,03.2372.0213,3.2372,Tiêm corticoide vào khớp,Các thủ thuật và dịch vụ Nội soi,Exclude
1972,03.2372.0214,3.2372,Tiêm corticoide vào khớp,Các thủ thuật và dịch vụ Nội soi,Exclude
1973,03.2379.0312,3.2379,Test lẩy da với các dị nguyên,Nội khoa,Exclude
1974,03.2379.0313,3.2379,Test lẩy da với các dị nguyên,Nội khoa,Exclude
1975,03.2380.0302,3.2380,Giảm mẫn cảm đường tiêm và dưới da,Nội khoa,Exclude
1976,03.2381.0305,3.2381,Phản ứng phân hủy Mastocyte,Nội khoa,Exclude
1977,03.2382.0313,3.2382,Test lẩy da (Prick test) với các loại thuốc,Nội khoa,Exclude
1978,03.2383.0314,3.2383,Test nội bì,Nội khoa,Exclude
1979,03.2383.0315,3.2383,Test nội bì,Nội khoa,Exclude
1980,03.2384.0307,3.2384,Test áp (Patch test) với các loại thuốc,Nội khoa,Exclude
1981,03.2387.0212,3.2387,Tiêm trong da,Các thủ thuật và dịch vụ Nội soi,Exclude
1982,03.2388.0212,3.2388,Tiêm dưới da,Các thủ thuật và dịch vụ Nội soi,Exclude
1983,03.2389.0212,3.2389,Tiêm bắp thịt,Các thủ thuật và dịch vụ Nội soi,Exclude
1984,03.2390.0212,3.2390,Tiêm tĩnh mạch,Các thủ thuật và dịch vụ Nội soi,Exclude
1985,03.2391.0215,3.2391,Truyền tĩnh mạch,Các thủ thuật và dịch vụ Nội soi,Exclude
1986,03.2441.1059,3.2441,"Cắt u máu, u bạch mạch vùng đầu phức tạp, khó",Răng Hàm Mặt,Exclude
1987,03.2442.1045,3.2442,Cắt u máu dưới da đầu có đường kính trên 10 cm,Răng Hàm Mặt,Exclude
1988,03.2443.1045,3.2443,Cắt u máu dưới da đầu có đường kính 5 đến 10 cm,Răng Hàm Mặt,Exclude
1989,03.2444.1045,3.2444,"Bóc, cắt u bã đậu, u mỡ dưới da đầu đường kính trên 10 cm",Răng Hàm Mặt,Exclude
1990,03.2445.0562,3.2445,"Phẫu thuật ung thư biểu mô tế bào đáy vùng mặt, tạo hình vạt da, đóng khuyết da bằng phẫu thuật tạo hình thẩm mỹ đường kính 1-5 cm",Ngoại khoa,Include
1991,03.2447.1181,3.2447,Cắt ung thư da có vá da rộng đường kính dưới 5cm,Ung bướu,Include
1992,03.2448.1181,3.2448,Cắt ung thư da có vá da rộng đường kính trên 5cm,Ung bướu,Include
1993,03.2449.0834,3.2449,"Cắt u da vùng mặt, tạo hình.",Mắt,Include
1994,03.2450.0945,3.2450,Cắt u vùng tuyến mang tai,Tai Mũi Họng,Include
1995,03.2451.1049,3.2451,Cắt u phần mềm vùng cổ,Răng Hàm Mặt,Include
1996,03.2453.1093,3.2453,Tiêm thuốc điều trị u bạch huyết,Răng Hàm Mặt,Include
1997,03.2454.1048,3.2454,Cắt nang giáp móng,Răng Hàm Mặt,Include
1998,03.2455.1045,3.2455,"Cắt u da đầu lành, đường kính từ 5 cm trở lên",Răng Hàm Mặt,Include
1999,03.2456.1044,3.2456,"Cắt u da đầu lành, đường kính dưới 5 cm",Răng Hàm Mặt,Include
2000,03.2457.1044,3.2457,"Bóc, cắt u bã đậu, u mỡ dưới da đầu đường kính dưới 10 cm",Răng Hàm Mặt,Include
2001,03.2458.1044,3.2458,Cắt u máu dưới da đầu có đường kính dưới 5 cm,Răng Hàm Mặt,Include
2002,03.2459.1174,3.2459,Điều trị các u sọ não bằng dao gamma,Ung bướu,Include
2003,03.2460.0379,3.2460,Cắt u não có sử dụng vi phẫu,Ngoại khoa,Include
2004,03.2489.0390,3.2489,Quang động học (PTD) trong điều trị u não ác tính,Ngoại khoa,Include
2005,03.2492.1061,3.2492,"Cắt u mạch máu lớn vùng hàm mặt, khi cắt bỏ kèm thắt động mạch cảnh 1 hay 2 bên",Răng Hàm Mặt,Include
2006,03.2493.1061,3.2493,"Cắt u mạch máu lớn trên 10 cm vùng sàn miệng, dưới hàm, cạnh cổ",Răng Hàm Mặt,Include
2007,03.2497.0983,3.2497,Cắt u dây thần kinh số VIII,Tai Mũi Họng,Include
2008,03.2498.0945,3.2498,Cắt toàn bộ tuyến mang tai bảo tồn dây thần kinh VII,Tai Mũi Họng,Include
2009,03.2499.1063,3.2499,"Cắt ung thư hàm trên, hàm dưới kèm vét hạch, tạo hình bằng vạt da, cơ",Răng Hàm Mặt,Include
2010,03.2500.0558,3.2500,Cắt bỏ u xương thái dương,Ngoại khoa,Include
2011,03.2502.1063,3.2502,Cắt ung thư hàm trên kèm hố mắt và xương gò má,Răng Hàm Mặt,Include
2012,03.2504.0488,3.2504,Vét hạch cổ bảo tồn,Ngoại khoa,Include
2013,03.2508.1049,3.2508,Cắt u vùng hàm mặt đơn giản,Răng Hàm Mặt,Include
2014,03.2510.1059,3.2510,Cắt u máu - bạch mạch vùng hàm mặt,Răng Hàm Mặt,Include
2015,03.2512.1049,3.2512,Cắt u cơ vùng hàm mặt,Răng Hàm Mặt,Include
2016,03.2515.1047,3.2515,Cắt bỏ nang xương hàm từ 2-5 cm,Răng Hàm Mặt,Include
2017,03.2518.1060,3.2518,Cắt u tuyến nước bọt dưới hàm,Răng Hàm Mặt,Include
2018,03.2521.0945,3.2521,Cắt u tuyến nước bọt mang tai,Tai Mũi Họng,Include
2019,03.2522.1046,3.2522,Cắt nang vùng sàn miệng,Răng Hàm Mặt,Include
2020,03.2523.0944,3.2523,Cắt nang vùng sàn miệng và tuyến nước bọt dưới hàm,Tai Mũi Họng,Include
2021,03.2524.1181,3.2524,Cắt ung thư da vùng hàm mặt và tạo hình bằng vạt tại chỗ,Ung bướu,Include
2022,03.2527.1181,3.2527,"Cắt ung thư vùng hàm mặt có nạo vét hạch dưới hàm, hạch cổ và tạo hình bằng vạt tại chỗ",Ung bướu,Include
2023,03.2528.1181,3.2528,"Cắt ung thư vùng hàm mặt có nạo vét hạch dưới hàm, hạch cổ và tạo hình bằng vạt từ xa",Ung bướu,Include
2024,03.2529.1181,3.2529,Cắt ung thư vùng hàm mặt có nạo vét hạch dưới hàm và hạch cổ,Ung bướu,Include
2025,03.2531.1060,3.2531,Cắt bỏ u lành tính vùng tuyến nước bọt mang tai hoặc dưới hàm trên 5 cm,Răng Hàm Mặt,Include
2026,03.2532.1049,3.2532,"Cắt u mỡ, u bã đậu vùng hàm mặt đường kính trên 5 cm",Răng Hàm Mặt,Include
2027,03.2533.1049,3.2533,Cắt u xơ vùng hàm mặt đường kính trên 3 cm,Răng Hàm Mặt,Include
2028,03.2534.1047,3.2534,Cắt bỏ nang xương hàm dưới 2cm,Răng Hàm Mặt,Include
2029,03.2535.1049,3.2535,"Cắt u mỡ, u bã đậu vùng hàm mặt đường kính dưới 5 cm",Răng Hàm Mặt,Include
2030,03.2536.1049,3.2536,Cắt u xơ vùng hàm mặt đường kính dưới 3 cm,Răng Hàm Mặt,Include
2031,03.2537.1047,3.2537,Cắt nang răng đường kính dưới 2 cm,Răng Hàm Mặt,Include
2032,03.2538.1060,3.2538,Cắt bỏ u lành tính vùng tuyến nước bọt mang tai hoặc dưới hàm từ 2-5 cm,Răng Hàm Mặt,Include
2033,03.2540.0371,3.2540,Cắt u nội nhãn,Ngoại khoa,Include
2034,03.2543.0836,3.2543,Cắt u mi cả bề dày không vá,Mắt,Include
2035,03.2548.0737,3.2548,"Cắt u kết mạc, giác mạc không vá",Mắt,Include
2036,03.2549.0737,3.2549,Cắt u kết mạc không vá,Mắt,Include
2037,03.2556.0941,3.2556,"Cắt ung thư lưỡi, nạo vét hạch và tạo hình bằng vạt từ xa",Tai Mũi Họng,Include
2038,03.2557.1182,3.2557,"Cắt ung thư lưỡi - sàn miệng, nạo vét hạch và tạo hình bằng vạt từ xa",Ung bướu,Include
2039,03.2559.0941,3.2559,Cắt bán phần lưỡi có tạo hình bằng vạt cân cơ,Tai Mũi Họng,Include
2040,03.2561.0938,3.2561,Cắt thanh quản bán phần,Tai Mũi Họng,Include
2041,03.2563.0446,3.2563,"Cắt toàn bộ hạ họng-thực quản, tái tạo ống họng thực quản bằng dạ dày-ruột",Ngoại khoa,Include
2042,03.2565.0952,3.2565,Cắt u họng - thanh quản bằng laser,Tai Mũi Họng,Include
2043,03.2568.0983,3.2568,Cắt u dây thần kinh VIII,Tai Mũi Họng,Include
2044,03.2573.0940,3.2573,Cắt bỏ ung thư Amidan và nạo vét hạch cổ,Tai Mũi Họng,Include
2045,03.2575.0952,3.2575,"Cắt ung thư thanh quản, hạ họng bằng laser",Tai Mũi Họng,Include
2046,03.2578.0945,3.2578,Cắt u tuyến mang tai bảo tồn dây thần kinh VII,Tai Mũi Họng,Include
2047,03.2579.0941,3.2579,Cắt ung thư lưỡi và tạo hình tại chỗ,Tai Mũi Họng,Include
2048,03.2581.0488,3.2581,"Cắt, nạo vét hạch cổ tiệt căn",Ngoại khoa,Include
2049,03.2583.0488,3.2583,Nạo vét hạch cổ chọn lọc hoặc chức năng 1 bên,Ngoại khoa,Include
2050,03.2584.0488,3.2584,Nạo vét hạch cổ chọn lọc hoặc chức năng 2 bên,Ngoại khoa,Include
2051,03.2587.0937,3.2587,Cắt u amidan qua đường miệng,Tai Mũi Họng,Include
2052,03.2587.0870,3.2587,Cắt u amidan qua đường miệng,Tai Mũi Họng,Include
2053,03.2587.0871,3.2587,Cắt u amidan qua đường miệng,Tai Mũi Họng,Include
2054,03.2594.0944,3.2594,Cắt tuyến nước bọt dưới hàm,Tai Mũi Họng,Include
2055,03.2596.0940,3.2596,Cắt ung thư amidan/thanh quản và nạo vét hạch cổ,Tai Mũi Họng,Include
2056,03.2601.0953,3.2601,Cắt khối u vùng họng miệng bằng laser,Tai Mũi Họng,Include
2057,03.2602.0877,3.2602,Cắt u cuộn cảnh,Tai Mũi Họng,Include
2058,03.2611.0898,3.2611,Khí dung vòm họng trong điều trị ung thư vòm,Tai Mũi Họng,Include
2059,03.2613.0874,3.2613,Cắt polyp ống tai,Tai Mũi Họng,Include
2060,03.2613.0875,3.2613,Cắt polyp ống tai,Tai Mũi Họng,Include
2061,03.2617.0409,3.2617,Cắt u trung thất,Ngoại khoa,Include
2062,03.2618.0409,3.2618,Cắt u trung thất vừa và nhỏ lệch 1 bên lồng ngực,Ngoại khoa,Include
2063,03.2619.0408,3.2619,Cắt một phổi do ung thư,Ngoại khoa,Include
2064,03.2620.0408,3.2620,Cắt một thuỳ kèm cắt một phân thuỳ điển hình do ung thư,Ngoại khoa,Include
2065,03.2621.0408,3.2621,Cắt phổi không điển hình do ung thư,Ngoại khoa,Include
2066,03.2622.0408,3.2622,"Cắt thuỳ phổi, phần phổi còn lại",Ngoại khoa,Include
2067,03.2625.0408,3.2625,Cắt thuỳ phổi hoặc cắt lá phổi kèm vét hạch trung thất,Ngoại khoa,Include
2068,03.2626.0408,3.2626,Cắt thuỳ phổi hoặc cắt lá phổi kèm cắt một mảng thành ngực,Ngoại khoa,Include
2069,03.2627.0408,3.2627,Cắt phổi và cắt màng phổi,Ngoại khoa,Include
2070,03.2628.1059,3.2628,"Cắt u máu hay bạch mạch vùng cổ, vùng trên xương đòn, vùng nách xâm lấn các mạch máu lớn",Răng Hàm Mặt,Include
2071,03.2629.0407,3.2629,"Cắt u máu, u bạch huyết đường kính trên 10cm",Ngoại khoa,Include
2072,03.2631.0408,3.2631,Cắt một thuỳ phổi hoặc một phân thuỳ phổi do ung thư,Ngoại khoa,Include
2073,03.2632.0400,3.2632,"Mở lồng ngực thăm dò, sinh thiết",Ngoại khoa,Include
2074,03.2639.0558,3.2639,Cắt u xương sườn nhiều xương,Ngoại khoa,Include
2075,03.2640.0407,3.2640,"Cắt u máu, u bạch huyết đường kính 5 - 10cm",Ngoại khoa,Include
2076,03.2643.0558,3.2643,Cắt u xương sườn 1 xương,Ngoại khoa,Include
2077,03.2645.0441,3.2645,Cắt u lành thực quản,Ngoại khoa,Include
2078,03.2647.0446,3.2647,"Cắt bỏ thực quản có hay không kèm các tạng khác, tạo hình ngay",Ngoại khoa,Include
2079,03.2648.0446,3.2648,"Cắt bỏ u thực quản, cắt tạo hình dạ dày - miệng nối thực quản dạ dày (Phẫu thuật Lewis-Santy hoặc phẫu thuật Akiyama)",Ngoại khoa,Include
2080,03.2650.0448,3.2650,Cắt 3/4 dạ dày do u do ung thư,Ngoại khoa,Include
2081,03.2651.0449,3.2651,Cắt toàn bộ dạ dày do ung thư,Ngoại khoa,Include
2082,03.2652.0449,3.2652,Cắt lại dạ dày do ung thư,Ngoại khoa,Include
2083,03.2653.0449,3.2653,Cắt toàn bộ dạ dày do ung thư tạo hình bằng đoạn ruột non,Ngoại khoa,Include
2084,03.2654.0454,3.2654,Cắt toàn bộ đại tràng do ung thư,Ngoại khoa,Include
2085,03.2655.0454,3.2655,Cắt lại đại tràng do ung thư,Ngoại khoa,Include
2086,03.2656.0460,3.2656,Cắt đoạn trực tràng do ung thư,Ngoại khoa,Include
2087,03.2659.1184,3.2659,Cắt từ 3 tạng trở lên trong điều trị ung thư tiêu hoá,Ung bướu,Include
2088,03.2660.0448,3.2660,Cắt 2/3 dạ dày do ung thư,Ngoại khoa,Include
2089,03.2661.0448,3.2661,Cắt bán phần dạ dày cực dưới do ung thư kèm vét hạch hệ thống,Ngoại khoa,Include
2090,03.2664.0454,3.2664,"Cắt một nửa đại tràng phải, trái",Ngoại khoa,Include
2091,03.2665.0460,3.2665,Cắt u trực tràng ống hậu môn đường dưới,Ngoại khoa,Include
2092,03.2666.0487,3.2666,Cắt u sau phúc mạc,Ngoại khoa,Include
2093,03.2669.0417,3.2669,Cắt u thượng thận,Ngoại khoa,Include
2094,03.2670.0458,3.2670,Cắt đoạn ruột non do u,Ngoại khoa,Include
2095,03.2671.0491,3.2671,"Mổ thăm dò ổ bụng, sinh thiết u",Ngoại khoa,Include
2096,03.2675.0491,3.2675,Mở thông dạ dày ra da do ung thư,Ngoại khoa,Include
2097,03.2687.0481,3.2687,Nối mật-Hỗng tràng do ung thư,Ngoại khoa,Include
2098,03.2688.0464,3.2688,Dẫn lưu đường mật ra da do ung thư,Ngoại khoa,Include
2099,03.2692.0471,3.2692,Khâu cầm máu gan và dẫn lưu ổ bụng do ung thư gan vỡ,Ngoại khoa,Include
2100,03.2696.0486,3.2696,Cắt đuôi tuỵ và cắt lách,Ngoại khoa,Include
2101,03.2697.0482,3.2697,Cắt bỏ khối u tá tuỵ,Ngoại khoa,Include
2102,03.2698.0486,3.2698,Cắt thân và đuôi tuỵ,Ngoại khoa,Include
2103,03.2699.0484,3.2699,"Cắt lách do u, ung thư,",Ngoại khoa,Include
2104,03.2708.0416,3.2708,"Cắt thận và niệu quản do u niệu quản, u đường bài xuất",Ngoại khoa,Include
2105,03.2709.0424,3.2709,Cắt một phần bàng quang,Ngoại khoa,Include
2106,03.2713.0416,3.2713,Cắt ung thư thận,Ngoại khoa,Include
2107,03.2714.0416,3.2714,Cắt u thận kèm lấy huyết khối tĩnh mạch chủ dưới,Ngoại khoa,Include
2108,03.2715.0416,3.2715,Cắt toàn bộ thận và niệu quản,Ngoại khoa,Include
2109,03.2716.0425,3.2716,Cắt u bàng quang đường trên,Ngoại khoa,Include
2110,03.2721.0598,3.2721,"Cắt u tiểu khung thuộc tử cung, buồng trứng to, dính, cắm sâu trong tiểu khung",Phụ Sản,Include
2111,03.2723.0661,3.2723,Cắt ung thư­ buồng trứng lan rộng,Phụ Sản,Include
2112,03.2724.0703,3.2724,Phẫu thuật Second Look trong ung thư buồng trứng,Phụ Sản,Include
2113,03.2725.0681,3.2725,"Cắt toàn bộ tử cung, đường bụng",Phụ Sản,Include
2114,03.2726.0627,3.2726,Cắt cụt cổ tử cung,Phụ Sản,Include
2115,03.2727.0692,3.2727,Cắt ung thư buồng trứng kèm cắt toàn bộ tử cung và mạc nối lớn,Phụ Sản,Include
2116,03.2728.0661,3.2728,Cắt ung thư buồng trứng kèm cắt tử cung hoàn toàn + 2 phần phụ + mạc nối lớn,Phụ Sản,Include
2117,03.2729.0683,3.2729,Cắt u nang buồng trứng xoắn,Phụ Sản,Include
2118,03.2730.0683,3.2730,Cắt u nang buồng trứng,Phụ Sản,Include
2119,03.2731.0683,3.2731,Cắt u nang buồng trứng và phần phụ,Phụ Sản,Include
2120,03.2732.0683,3.2732,Phẫu thuật mở bụng cắt u buồng trứng hoặc cắt phần phụ,Phụ Sản,Include
2121,03.2733.0597,3.2733,Cắt u thành âm đạo,Phụ Sản,Include
2122,03.2734.0589,3.2734,Bóc nang tuyến Bartholin,Phụ Sản,Include
2123,03.2735.0653,3.2735,Cắt u vú lành tính,Phụ Sản,Include
2124,03.2736.0591,3.2736,Mổ bóc nhân xơ vú,Phụ Sản,Include
2125,03.2737.1181,3.2737,"Cắt ung thư biểu mô vùng mặt + tạo hình vạt da, đóng khuyết da bằng phẫu thuật tạo hình thẩm mỹ đường kính từ 5cm trở lên",Ung bướu,Include
2126,03.2739.1059,3.2739,"Cắt u máu, u bạch mạch vùng phức tạp, khó",Răng Hàm Mặt,Include
2127,03.2743.1185,3.2743,Tháo khớp vai do ung thư chi trên,Ung bướu,Include
2128,03.2744.0534,3.2744,Cắt cụt cánh tay do ung thư,Ngoại khoa,Include
2129,03.2745.0534,3.2745,Tháo khớp khuỷu tay do ung thư,Ngoại khoa,Include
2130,03.2746.0534,3.2746,Tháo khớp cổ tay do ung thư,Ngoại khoa,Include
2131,03.2747.0534,3.2747,Tháo khớp háng do ung thư chi dưới,Ngoại khoa,Include
2132,03.2748.0534,3.2748,Căt cụt cẳng chân do ung thư,Ngoại khoa,Include
2133,03.2749.0534,3.2749,Cắt cụt đùi do ung thư chi dưới,Ngoại khoa,Include
2134,03.2750.0534,3.2750,Tháo khớp gối do ung thư,Ngoại khoa,Include
2135,03.2754.0345,3.2754,"Phẫu thuật ung thư­ biểu mô tế bào đáy/gai vùng mặt, Phẫu thuật Mohs",Da liễu,Include
2136,03.2758.0558,3.2758,"Cắt u xương, sụn",Ngoại khoa,Include
2137,03.2759.0534,3.2759,Cắt chi và vét hạch do ung thư,Ngoại khoa,Include
2138,03.2762.1059,3.2762,"Cắt u bạch mạch, đường kính bằng và trên 10cm",Răng Hàm Mặt,Include
2139,03.2764.0562,3.2764,"Phẫu thuật ung thư­ biểu mô tế bào đáy/gai vùng mặt, đóng khuyết da",Ngoại khoa,Include
2140,03.2772.1177,3.2772,Xạ trị bằng máy gia tốc,Ung bướu,Include
2141,03.2777.1179,3.2777,Điều trị ung thư bằng nguồn áp sát,Ung bướu,Include
2142,03.2777.1180,3.2777,Điều trị ung thư bằng nguồn áp sát,Ung bướu,Include
2143,03.2777.1178,3.2777,Điều trị ung thư bằng nguồn áp sát,Ung bướu,Include
2144,03.2779.1163,3.2779,Xạ trị bằng máy Rx,Ung bướu,Include
2145,03.2780.1180,3.2780,Xạ trị bằng máy P32,Ung bướu,Include
2146,03.2781.1180,3.2781,Xạ trị áp sát liều thấp,Ung bướu,Include
2147,03.2782.1179,3.2782,Xạ trị áp sát liều cao,Ung bướu,Include
2148,03.2785.1870,3.2785,Điều trị bướu giáp đơn nhân độc bằng 1 13i,Điều trị bằng chất phóng xạ,Include
2149,03.2789.1165,3.2789,Bơm truyền hoá chất liên tục (12-24 giờ) với máy 1nfuso Mate-P,Ung bướu,Include
2150,03.2790.1171,3.2790,Truyền hoá chất vào ổ bụng,Ung bướu,Include
2151,03.2791.1171,3.2791,Truyền hoá chất màng phổi,Ung bướu,Include
2152,03.2792.1170,3.2792,Truyền hoá động mạch,Ung bướu,Include
2153,03.2793.1169,3.2793,Truyền hoá chất tĩnh mạch,Ung bướu,Include
2154,03.2793.2040,3.2793,Truyền hoá chất tĩnh mạch,Ung bướu,Include
2155,03.2798.0718,3.2798,Tiêm hoá chất vào nhân ung thư nguyên bào nuôi,Phụ Sản,Include
2156,03.2800.1163,3.2800,Xạ trị bằng máy Cobalt,Ung bướu,Include
2157,03.2802.1870,3.2802,Điều trị bệnh Basedow bằng 1 13i,Điều trị bằng chất phóng xạ,Include
2158,03.2803.1870,3.2803,Điều trị bướu cổ dơn thuần bằng I¹³¹,Điều trị bằng chất phóng xạ,Include
2159,03.2804.1871,3.2804,Điều trị K giáp biệt hoá sau phẫu thuật bằng I¹³¹,Điều trị bằng chất phóng xạ,Include
2160,03.2809.0093,3.2809,Chọc hút tủy xương làm tủy đồ,Các thủ thuật và dịch vụ Nội soi,Include
2161,03.2809.0091,3.2809,Chọc hút tủy xương làm tủy đồ,Các thủ thuật và dịch vụ Nội soi,Include
2162,03.2809.0092,3.2809,Chọc hút tủy xương làm tủy đồ,Các thủ thuật và dịch vụ Nội soi,Include
2163,03.2815.0178,3.2815,Sinh thiết tủy xương,Các thủ thuật và dịch vụ Nội soi,Include
2164,03.2815.0179,3.2815,Sinh thiết tủy xương,Các thủ thuật và dịch vụ Nội soi,Include
2165,03.2815.0180,3.2815,Sinh thiết tủy xương,Các thủ thuật và dịch vụ Nội soi,Include
2166,03.2820.0004,3.2820,Siêu âm tim tại giường,Siêu âm,Include
2167,03.2821.1164,3.2821,Đổ khuôn đúc chì che chắn các cơ quan quan trọng trong trường chiếu xạ,Ung bướu,Include
2168,03.2822.1166,3.2822,Làm mặt nạ cố định đầu người bệnh,Ung bướu,Include
2169,03.2824.1162,3.2824,"Đặt kim, ống radium, cesium, 1ridium vào cơ thể người bệnh",Ung bướu,Include
2170,03.2825.1167,3.2825,Mô phỏng cho điều trị xạ trị,Ung bướu,Include
2171,03.2890.0085,3.2890,Chọc hút dịch và bơm thuốc điều trị nang giáp,Các thủ thuật và dịch vụ Nội soi,Include
2172,03.2890.0084,3.2890,Chọc hút dịch và bơm thuốc điều trị nang giáp,Các thủ thuật và dịch vụ Nội soi,Include
2173,03.2903.0384,3.2903,Phẫu thuật tái tạo trán lõm bằng xi măng xương,Ngoại khoa,Include
2174,03.2904.0561,3.2904,Phẫu thuật tạo hình khe hở chéo mặt 1 bên,Ngoại khoa,Include
2175,03.2905.0561,3.2905,Phẫu thuật tạo hình khe hở chéo mặt 2 bên,Ngoại khoa,Include
2176,03.2907.1064,3.2907,"Phẫu thuật chỉnh hình sửa khung xương hàm, mặt",Răng Hàm Mặt,Include
2177,03.2909.1064,3.2909,Phẫu thuật chỉnh hình sửa gò má - cung tiếp,Răng Hàm Mặt,Include
2178,03.2910.1064,3.2910,Phẫu thuật chỉnh hình sửa góc hàm - thân xương hàm dưới,Răng Hàm Mặt,Include
2179,03.2913.0337,3.2913,Phẫu thuật chuyển gân điều trị hở mi,Da liễu,Include
2180,03.2917.0828,3.2917,Phẫu thuật tạo cùng đồ để lắp mắt giả,Mắt,Include
2181,03.2919.1136,3.2919,Phẫu thuật tạo hình mi mắt toàn bộ,Bỏng,Include
2182,03.2923.0772,3.2923,Phẫu thuật cắt bỏ da thừa mi mắt,Mắt,Include
2183,03.2924.1086,3.2924,Phẫu thuật tạo hình môi toàn bộ,Răng Hàm Mặt,Include
2184,03.2925.1087,3.2925,Phẫu thuật tạo hình môi từng phần,Răng Hàm Mặt,Include
2185,03.2932.1136,3.2932,Phẫu thuật tạo hình từng phần vành tai,Bỏng,Include
2186,03.2933.1136,3.2933,Phẫu thuật tạo hình vành tai kết hợp các bộ phận xung quanh,Bỏng,Include
2187,03.2948.0437,3.2948,Phẫu thuật tạo hình da dương vật trong mất da dương vật,Ngoại khoa,Include
2188,03.2952.1136,3.2952,Phẫu thuật tái tạo tổn khuyết da bằng vạt có cuống,Bỏng,Include
2189,03.2953.1137,3.2953,Phẫu thuật tái tạo tổn khuyết da bằng vạt tại chỗ,Bỏng,Include
2190,03.2955.1134,3.2955,Phẫu thuật hút mỡ và bơm mỡ tự thân điều trị teo da,Bỏng,Include
2191,03.2983.1135,3.2983,Phẫu thuật đặt túi giãn da các cỡ điều trị sẹo bỏng,Bỏng,Include
2192,03.2988.1134,3.2988,"Ghép xương, mỡ và các vật liệu khác điều trị sẹo bỏng",Bỏng,Include
2193,03.2998.0323,3.2998,Đắp mặt nạ điều trị bệnh da,Da liễu,Include
2194,03.3002.0324,3.3002,áp nitơ lỏng các khối u lành tính ngoài da,Da liễu,Include
2195,03.3007.0076,3.3007,"Chăm sóc người bệnh dị ứng thuốc nặng: Lyell, Stevens-Johnson",Các thủ thuật và dịch vụ Nội soi,Include
2196,03.3008.0333,3.3008,Điều trị sẹo xấu bằng hoá chất,Da liễu,Include
2197,03.3009.0333,3.3009,Điều trị sẹo lõm bằng tiêm Acid hyaluronic,Da liễu,Include
2198,03.3010.0333,3.3010,Chấm TCA điều trị sẹo lõm,Da liễu,Include
2199,03.3011.0331,3.3011,"Điều trị u máu, giãn mạch, chứng đỏ da bằng laser: YAG-KTP, Argon...",Da liễu,Include
2200,03.3012.0331,3.3012,"Điều trị bớt sắc tố, chứng tăng sắc tố bằng laser: YAG-KTP, Rubi, 1PL...",Da liễu,Include
2201,03.3019.0334,3.3019,"Điều trị sùi mào gà (gây tê tủy sống) bằng đốt điện, plasma, laser, nitơ lỏng",Da liễu,Include
2202,03.3020.0334,3.3020,"Điều trị sùi mào gà (gây mê) bằng đốt điện, plasma, laser, nitơ lỏng",Da liễu,Include
2203,03.3021.0348,3.3021,Phẫu thuật cắt bỏ các u nhỏ dưới móng,Da liễu,Include
2204,03.3025.1149,3.3025,"Cắt lọc, loại bỏ dị vật vảy da, vảy tiết dưới 20% diện tích cơ thể",Bỏng,Include
2205,03.3026.1150,3.3026,"Cắt lọc, loại bỏ dị vật vảy da, vảy tiết trên 20% diện tích cơ thể",Bỏng,Include
2206,03.3033.0340,3.3033,Nạo vét lỗ đáo không viêm xương,Da liễu,Include
2207,03.3034.0339,3.3034,Nạo vét lỗ đáo có viêm xương,Da liễu,Include
2208,03.3035.0329,3.3035,"Điều trị hạt cơm bằng đốt điện, plasma, laser, nitơ lỏng",Da liễu,Include
2209,03.3036.0329,3.3036,"Điều trị hạt cơm phẳng bằng đốt điện, plasma, laser, nitơ lỏng",Da liễu,Include
2210,03.3037.0329,3.3037,"Điều trị chứng dày sừng bằng đốt điện, plasma, laser, nitơ lỏng, gọt cắt bỏ",Da liễu,Include
2211,03.3038.0329,3.3038,"Điều trị dày sừng da dầu, ánh sáng bằng đốt điện, plasma, laser, nitơ lỏng",Da liễu,Include
2212,03.3039.0329,3.3039,"Điều trị u mềm lây bằng đốt điện, plasma, laser, nitơ lỏng",Da liễu,Include
2213,03.3040.0329,3.3040,"Điều trị u nhú, u mềm treo bằng đốt điện, plasma, laser, nitơ lỏng",Da liễu,Include
2214,03.3041.0329,3.3041,"Điều trị các thương tổn có sùi bằng đốt điện, plasma, laser, nitơ lỏng",Da liễu,Include
2215,03.3042.0329,3.3042,"Điều trị sùi mào gà ở phụ nữ bằng đốt điện, plasma, laser, nitơ lỏng",Da liễu,Include
2216,03.3043.0329,3.3043,"Điều trị sùi mào gà ở nam giới bằng đốt điện, plasma, laser, nitơ lỏng",Da liễu,Include
2217,03.3044.0329,3.3044,"Điều trị u ống tuyến mồ hôi bằng đốt điện, plasma, laser, nitơ lỏng",Da liễu,Include
2218,03.3045.0329,3.3045,"Điều trị mắt cá chân bằng đốt điện, plasma, laser, nitơ lỏng",Da liễu,Include
2219,03.3046.0329,3.3046,"Điều trị chai chân bằng đốt điện, plasma, laser, nitơ lỏng",Da liễu,Include
2220,03.3047.0329,3.3047,"Điều trị sẩn cục bằng đốt điện, plasma, laser, nitơ lỏng",Da liễu,Include
2221,03.3049.0561,3.3049,Tạo hình hộp sọ,Ngoại khoa,Include
2222,03.3052.0387,3.3052,"Phẫu thuật phình động mạch não, dị dạng mạch não",Ngoại khoa,Include
2223,03.3054.0566,3.3054,"Phẫu thuật gẫy trật đốt sống cổ, mỏm nha",Ngoại khoa,Include
2224,03.3059.0369,3.3059,Khoan sọ thăm dò,Ngoại khoa,Include
2225,03.3060.0384,3.3060,Ghép khuyết xương sọ,Ngoại khoa,Include
2226,03.3062.0373,3.3062,Dẫn lưu não thất,Ngoại khoa,Include
2227,03.3063.0373,3.3063,Phẫu thuật dẫn lưu não thất - màng bụng,Ngoại khoa,Include
2228,03.3064.0372,3.3064,Phẫu thuật áp xe não,Ngoại khoa,Include
2229,03.3065.0377,3.3065,Phẫu thuật thoát vị não và màng não,Ngoại khoa,Include
2230,03.3067.0383,3.3067,Phẫu thuật viêm xương sọ,Ngoại khoa,Exclude
2231,03.3068.0370,3.3068,"Lấy máu tụ trong sọ, ngoài màng cứng, dưới màng cứng, trong não",Ngoại khoa,Exclude
2232,03.3070.0386,3.3070,Phẫu thuật vết thương sọ não hở,Ngoại khoa,Exclude
2233,03.3071.0370,3.3071,Mổ lấy khối máu tụ nội sọ do chấn thương sọ não phức tạp,Ngoại khoa,Exclude
2234,03.3072.0370,3.3072,"Phẫu thuật mở nắp sọ giải áp, lấy máu tụ và chùng màng cứng",Ngoại khoa,Exclude
2235,03.3073.0369,3.3073,Phẫu thuật giải phóng chèn ép tủy,Ngoại khoa,Exclude
2236,03.3077.0572,3.3077,Khâu nối dây thần kinh ngoại biên,Ngoại khoa,Exclude
2237,03.3079.0570,3.3079,Phẫu thuật thoát vị đĩa đệm,Ngoại khoa,Exclude
2238,03.3080.0377,3.3080,Phẫu thuật thoát vị màng não tuỷ vùng lưng/cùng cụt chưa vỡ,Ngoại khoa,Exclude
2239,03.3081.0377,3.3081,"Phẫu thuật thoát vị màng não tuỷ vùng lưng/cùng cụt đã vỡ, nhiễm trùng",Ngoại khoa,Exclude
2240,03.3083.0576,3.3083,"Cắt lọc, khâu vết thương rách da đầu",Ngoại khoa,Exclude
2241,03.3085.0406,3.3085,Phẫu thuật thất 1 buồng,Ngoại khoa,Exclude
2242,03.3086.0403,3.3086,Phẫu thuật ghép van tim đồng loại (hemograft),Ngoại khoa,Exclude
2243,03.3087.0405,3.3087,Phẫu thuật tim loại Blalock,Ngoại khoa,Exclude
2244,03.3088.0403,3.3088,Phẫu thuật lại sửa toàn bộ các dị tật tim bẩm sinh,Ngoại khoa,Exclude
2245,03.3089.0403,3.3089,Phẫu thuật thất phải 2 đường ra,Ngoại khoa,Exclude
2246,03.3090.0394,3.3090,Cắt màng ngoài tim điều trị viêm màng ngoài tim co thắt,Ngoại khoa,Exclude
2247,03.3091.0403,3.3091,Phẫu thuật bệnh tim bẩm sinh thông liên nhĩ,Ngoại khoa,Exclude
2248,03.3092.0403,3.3092,Phẫu thuật bệnh tim bẩm sinh thông liên thất,Ngoại khoa,Exclude
2249,03.3093.0403,3.3093,Phẫu thuật bệnh tim bẩm sinh tứ chứng Fallot,Ngoại khoa,Exclude
2250,03.3094.0403,3.3094,Phẫu thuật bệnh tim bẩm sinh vỡ xoang Valsava,Ngoại khoa,Exclude
2251,03.3095.0403,3.3095,Phẫu thuật điều trị kênh nhĩ thất toàn phần,Ngoại khoa,Exclude
2252,03.3096.0403,3.3096,Phẫu thuật sửa toàn bộ trong bệnh lý hẹp phổi và vách liên thất kín,Ngoại khoa,Exclude
2253,03.3097.0403,3.3097,Phẫu thuật sửa toàn bộ trong bệnh lý teo phổi và vách liên thất kín,Ngoại khoa,Exclude
2254,03.3098.0403,3.3098,Phẫu thuật sửa toàn bộ trong bệnh lý teo van và/hoặc thân-nhánh động mạch phổi và vách liên thất hở,Ngoại khoa,Exclude
2255,03.3099.0403,3.3099,Phẫu thuật sửa chữa hẹp đường ra thất phải đơn thuần,Ngoại khoa,Exclude
2256,03.3100.0403,3.3100,Phẫu thuật sửa toàn bộ trong bệnh lý không có van động mạch phổi bẩm sinh kèm theo thương tổn trong tim,Ngoại khoa,Exclude
2257,03.3101.0403,3.3101,Phẫu thuật sửa chữa trong bệnh lý hẹp đường ra thất trái loại Konno hoặc Ross-Konno,Ngoại khoa,Exclude
2258,03.3102.0403,3.3102,Phẫu thuật Norwood trong hội chứng thiểu sản tim trái,Ngoại khoa,Exclude
2259,03.3103.0403,3.3103,Phẫu thuật dạng Gleen hoặc BCPS trong điều trị các bệnh lý tim một tâm thất,Ngoại khoa,Exclude
2260,03.3104.0403,3.3104,Phẫu thuật dạng Fontan trong điều trị các bệnh lý tim một tâm thất,Ngoại khoa,Exclude
2261,03.3105.0403,3.3105,Phẫu thuật sửa toàn bộ trong một thì của bệnh lý hẹp eo động mạch chủ kèm theo các thương tổn trong tim,Ngoại khoa,Exclude
2262,03.3106.0403,3.3106,Phẫu thuật sửa van hai lá tim bẩm sinh,Ngoại khoa,Exclude
2263,03.3107.0403,3.3107,Phẫu thuật sửa và tạo hình van động mạch chủ trong bệnh lý van động mạch chủ bẩm sinh,Ngoại khoa,Exclude
2264,03.3108.0403,3.3108,Phẫu thuật dạng DKS trong các bệnh lý một tâm thất,Ngoại khoa,Exclude
2265,03.3109.0403,3.3109,Phẫu thuật sửa toàn bộ trong một thì của bệnh lý gián đoạn quai động mạch chủ kèm theo theo các thương tổn trong tim,Ngoại khoa,Exclude
2266,03.3110.0403,3.3110,Phẫu thuật sửa toàn bộ bệnh lý thân chung động mạch,Ngoại khoa,Exclude
2267,03.3111.0403,3.3111,Phẫu thuật sửa chữa toàn bộ bệnh lý cửa sổ chủ-phổi,Ngoại khoa,Exclude
2268,03.3112.0403,3.3112,Phẫu thuật sửa chữa bất thường xuất phát của một động mạch phổi từ động mạch chủ,Ngoại khoa,Include
2269,03.3113.0403,3.3113,Phẫu thuật sửa chữa các bất thường xuất phát của động mạch vành,Ngoại khoa,Include
2270,03.3114.0403,3.3114,Phẫu thuật sửa chữa kinh điển của bệnh lý chuyển gốc động mạch có sửa chữa,Ngoại khoa,Include
2271,03.3115.0403,3.3115,Phẫu thuật sửa chữa sinh lý của bệnh lý chuyển gốc động mạch có sửa chữa,Ngoại khoa,Include
2272,03.3116.0403,3.3116,Phẫu thuật sửa chữa bệnh lý hẹp các tĩnh mạch phổi,Ngoại khoa,Include
2273,03.3117.0403,3.3117,Phẫu thuật sửa chữa các bất thường của tĩnh mạch hệ thống trở về,Ngoại khoa,Include
2274,03.3118.0406,3.3118,Phẫu thuật điều trị các rối loạn nhịp tim,Ngoại khoa,Include
2275,03.3119.0391,3.3119,Phẫu thuật đặt máy tạo nhịp tim,Ngoại khoa,Include
2276,03.3121.0403,3.3121,Phẫu thuật Band động mạch phổi tạm thời trong điều trị các trường hợp tăng lượng máu lên phổi,Ngoại khoa,Include
2277,03.3122.0403,3.3122,Phẫu thuật thay van tim do bệnh lý van tim bẩm sinh,Ngoại khoa,Include
2278,03.3123.0403,3.3123,Phẫu thuật đóng đường rò trong bệnh lý đường hầm động mạch chủ-thất trái,Ngoại khoa,Include
2279,03.3124.0395,3.3124,Phẫu thuật bệnh lý ống động mạch ở trẻ em bằng mổ mở,Ngoại khoa,Include
2280,03.3127.0403,3.3127,Phẫu thuật điều trị các bệnh lý vòng thắt động mạch và kìm động mạch bằng mổ mở,Ngoại khoa,Include
2281,03.3129.0403,3.3129,Phẫu thuật hibrid điều trị các bệnh tim bẩm sinh,Ngoại khoa,Include
2282,03.3130.1206,3.3130,Phẫu thuật các bệnh tim bẩm sinh bằng rôbốt,Phẫu thuật Nội soi,Include
2283,03.3131.0403,3.3131,"Phẫu thuật bệnh tim bẩm sinh đảo ngược các mạch máu lớn, ba buồng nhĩ.",Ngoại khoa,Include
2284,03.3132.0403,3.3132,Phẫu thuật bệnh tim bẩm sinh ba buồng nhĩ.,Ngoại khoa,Include
2285,03.3133.0394,3.3133,Phẫu thuật cắt màng tim rộng,Ngoại khoa,Include
2286,03.3134.0394,3.3134,Cắt màng ngoài tim trong viêm màng ngoài tim có mủ,Ngoại khoa,Include
2287,03.3136.0404,3.3136,Phẫu thuật vỡ tim do chấn thương ngực kín,Ngoại khoa,Include
2288,03.3138.0403,3.3138,Phẫu thuật điều trị kênh nhĩ thất bán phần,Ngoại khoa,Include
2289,03.3141.0405,3.3141,Phẫu thuật chữa tạm thời tứ chứng Fallot,Ngoại khoa,Include
2290,03.3142.0396,3.3142,Phẫu thuật nong van động mạch chủ,Ngoại khoa,Include
2291,03.3143.0402,3.3143,Phẫu thuật thay động mạch chủ,Ngoại khoa,Include
2292,03.3144.0392,3.3144,Phẫu thuật bắc cầu động mạch chủ vành 3 cầu trở lên,Ngoại khoa,Include
2293,03.3145.0402,3.3145,Phẫu thuật thay đoạn động mạch chủ lên kèm van động mạch chủ,Ngoại khoa,Include
2294,03.3146.0402,3.3146,Thay đoạn động mạch chủ lên kèm quai động mạch chủ,Ngoại khoa,Include
2295,03.3147.0402,3.3147,"Phẫu thuật thay đoạn động mạch chủ lên kèm quai động mạch chủ, động mạch chủ xuống",Ngoại khoa,Include
2296,03.3148.0402,3.3148,Phẫu thuật thay đoạn động mạch xuất phát từ quai động mạch chủ,Ngoại khoa,Include
2297,03.3149.0393,3.3149,Phẫu thuật bắc cầu động mạch chủ với các động mạch xuất phát từ quai động mạch chủ,Ngoại khoa,Include
2298,03.3150.0403,3.3150,"Phẫu thuật dò động mạch vành vào nhĩ phải, động mạch phổi",Ngoại khoa,Include
2299,03.3151.0403,3.3151,Phẫu thuật tĩnh mạch phổi bất thường,Ngoại khoa,Include
2300,03.3152.0403,3.3152,Phẫu thuật sửa chữa bất thường hoàn toàn toàn hồi lưu tĩnh mạch phổi,Ngoại khoa,Include
2301,03.3153.0393,3.3153,"Phẫu thuật phồng động mạch phổi, dò động tĩnh mạch phổi",Ngoại khoa,Include
2302,03.3155.0403,3.3155,Phẫu thuật bệnh Ebstein,Ngoại khoa,Include
2303,03.3156.0402,3.3156,Phẫu thuật phồng gốc động mạch chủ bảo tồn van động mạch chủ,Ngoại khoa,Include
2304,03.3157.0392,3.3157,Phẫu thuật bắc cầu mạch vành không dùng máy tim phổi,Ngoại khoa,Include
2305,03.3158.0402,3.3158,Phẫu thuật phồng gốc động mạch chủ kèm thay van động mạch chủ,Ngoại khoa,Include
2306,03.3159.0402,3.3159,Phẫu thuật điều trị phồng động mạch chủ ngực - bụng,Ngoại khoa,Include
2307,03.3160.0402,3.3160,Phẫu thuật điều trị phồng động mạch chủ ngực – bụng trên và ngang thận,Ngoại khoa,Include
2308,03.3162.0403,3.3162,Phẫu thuật hẹp van động mạch phổi bằng ngừng tuần hoàn,Ngoại khoa,Include
2309,03.3163.0397,3.3163,"Phẫu thuật cắt hẹp eo động mạch chủ, ghép động mạch chủ bằng Prosthesis, bóc nội mạc động mạch cảnh",Ngoại khoa,Include
2310,03.3164.0401,3.3164,Phẫu thuật tạo lỗ rò động tĩnh mạch bằng ghép mạch máu,Ngoại khoa,Include
2311,03.3165.0395,3.3165,Phẫu thuật cắt ống động mạch ở người bệnh trên 15 tuổi hay ở người bệnh có áp lực phổi bằng hay cao hơn 2 phần 3 áp lực đại tuần hoàn,Ngoại khoa,Include
2312,03.3166.0402,3.3166,Phẫu thuật phồng quai động mạch chủ,Ngoại khoa,Include
2313,03.3167.0402,3.3167,Phẫu thuật phồng động mạch chủ ngực,Ngoại khoa,Include
2314,03.3168.0402,3.3168,Phẫu thuật teo hai quai động mạch chủ (dị dạng quai động mạch),Ngoại khoa,Include
2315,03.3169.0397,3.3169,Phẫu thuật hẹp eo động mạch chủ,Ngoại khoa,Include
2316,03.3170.0402,3.3170,Phẫu thuật phồng động mạch chủ bụng đoạn dưới động mạch thận,Ngoại khoa,Include
2317,03.3171.0393,3.3171,"Phẫu thuật hẹp hay tắc chạc ba động mạch chủ và động mạch chậu, tạo hình hoặc thay chạc ba",Ngoại khoa,Include
2318,03.3172.0393,3.3172,Phẫu thuật phục hồi lưu thông tĩnh mạch chủ trên bị tắc,Ngoại khoa,Include
2319,03.3173.0393,3.3173,Phẫu thuật bắc cầu động mạch dưới đòn - động mạch cảnh,Ngoại khoa,Include
2320,03.3174.0393,3.3174,Phẫu thuật bắc cầu động mạch chủ ngực - bụng,Ngoại khoa,Include
2321,03.3175.0393,3.3175,Phẫu thuật bắc cầu động mạch chủ ngực - đùi,Ngoại khoa,Include
2322,03.3176.0393,3.3176,Phẫu thuật bắc cầu động mạch nách- đùi,Ngoại khoa,Include
2323,03.3177.0393,3.3177,Phẫu thuật lấy lớp áo trong động mạch cảnh,Ngoại khoa,Include
2324,03.3178.0393,3.3178,"Phẫu thuật tái lập liên thông động mạch thận bằng ghép mạch máu, lột nội mạc động mạch hay cắm lại động mạch thận.",Ngoại khoa,Include
2325,03.3179.0393,3.3179,Cắt đoạn nối động mạch phổi,Ngoại khoa,Include
2326,03.3180.0403,3.3180,Phẫu thuật Fontan,Ngoại khoa,Include
2327,03.3181.0403,3.3181,Phẫu thuật chuyển vị đại động mạch,Ngoại khoa,Include
2328,03.3182.0401,3.3182,Phẫu thuật điều trị ghép động mạch bằng ống ghép nhân tạo,Ngoại khoa,Include
2329,03.3183.0393,3.3183,Phẫu thuật làm shunt điều trị trong tăng áp lực tĩnh mạch cửa,Ngoại khoa,Include
2330,03.3185.0402,3.3185,Phẫu thuật thay đoạn động mạch ngực xuống,Ngoại khoa,Include
2331,03.3186.0402,3.3186,"Phẫu thuật thay đoạn động mạch chủ bụng kèm theo ghép các động mạch (thân tạng, mạc treo tràng trên, thận)",Ngoại khoa,Include
2332,03.3187.0393,3.3187,Phẫu thuật nối cửa - chủ,Ngoại khoa,Include
2333,03.3188.0393,3.3188,Phẫu thuật nối tĩnh mạch lách - tĩnh mạch thận bên-bên,Ngoại khoa,Include
2334,03.3196.0397,3.3196,Phẫu thuật tạo hình eo động mạch,Ngoại khoa,Include
2335,03.3197.0397,3.3197,Phẫu thuật tạo hình eo động mạch có hạ huyết áp chỉ huy,Ngoại khoa,Include
2336,03.3199.0393,3.3199,"Phẫu thuật hẹp hay phồng động mạch cảnh gốc, cảnh trong",Ngoại khoa,Include
2337,03.3200.0393,3.3200,"Phẫu thuật thông động mạch cảnh, tĩnh mạch cảnh",Ngoại khoa,Include
2338,03.3202.0395,3.3202,Thắt ống động mạch,Ngoại khoa,Include
2339,03.3216.0399,3.3216,Phẫu thuật bắc cầu mạch máu để chạy thận nhân tạo,Ngoại khoa,Include
2340,03.3219.1187,3.3219,Phẫu thuật đặt Port động/tĩnh mạch để tiêm truyền hoá chất điều trị ung thư,Ung bướu,Include
2341,03.3223.0406,3.3223,Cắt đoạn nối khí quản,Ngoại khoa,Include
2342,03.3224.0406,3.3224,Tạo hình khí quản kỹ thuật sliding,Ngoại khoa,Include
2343,03.3225.0406,3.3225,"Cắt đoạn nối phế quản gốc, phế quản thuỳ",Ngoại khoa,Include
2344,03.3228.0408,3.3228,Cắt 1 phổi,Ngoại khoa,Include
2345,03.3229.0408,3.3229,Cắt 1 thuỳ kèm cắt 1 phân thuỳ phổi điển hình,Ngoại khoa,Include
2346,03.3230.0408,3.3230,Cắt 1 thuỳ hay 1 phân thuỳ phổi,Ngoại khoa,Include
2347,03.3231.0411,3.3231,Cắt mảng thành ngực điều trị ổ cặn màng phổi (Schede),Ngoại khoa,Include
2348,03.3232.0408,3.3232,Phẫu thuật cắt phổi kèm theo bóc vỏ màng phổi,Ngoại khoa,Include
2349,03.3233.0411,3.3233,Mở ngực nhỏ tạo dính màng phổi trong tràn khí màng phổi tái phát,Ngoại khoa,Include
2350,03.3234.0400,3.3234,Mở lồng ngực thăm dò,Ngoại khoa,Include
2351,03.3236.0411,3.3236,Phẫu thuật mở lồng ngực khâu lỗ rò phế quản,Ngoại khoa,Include
2352,03.3237.0411,3.3237,"Phẫu thuật mở lồng ngực khâu, thắt ống ngực",Ngoại khoa,Include
2353,03.3238.0442,3.3238,Phẫu thuật mở lồng ngực cắt túi phình thực quản,Ngoại khoa,Include
2354,03.3240.0411,3.3240,"Phẫu thuật dị dạng xương ức lồi, lõm",Ngoại khoa,Include
2355,03.3241.0411,3.3241,Bóc vỏ màng phổi kèm khâu lỗ dò phế quản trong ổ cặn màng phổi có dò phế quản.,Ngoại khoa,Include
2356,03.3242.0408,3.3242,Phẫu thuật cắt phổi biệt lập ngoài thuỳ phổi,Ngoại khoa,Include
2357,03.3246.0411,3.3246,Khâu vết thương nhu mô phổi,Ngoại khoa,Include
2358,03.3247.0094,3.3247,"Đặt dẫn lưu khí, dịch màng phổi",Các thủ thuật và dịch vụ Nội soi,Include
2359,03.3248.0095,3.3248,Dẫn lưu áp xe phổi,Các thủ thuật và dịch vụ Nội soi,Include
2360,03.3248.0094,3.3248,Dẫn lưu áp xe phổi,Các thủ thuật và dịch vụ Nội soi,Include
2361,03.3250.0411,3.3250,Mở lồng ngực lấy dị vật trong phổi,Ngoại khoa,Include
2362,03.3251.0411,3.3251,Bóc màng phổi trong dày dính màng phổi,Ngoại khoa,Include
2363,03.3252.0411,3.3252,Đánh xẹp thành ngực trong ổ cặn màng phổi,Ngoại khoa,Include
2364,03.3253.0408,3.3253,Mở lồng ngực trong tràn khí màng phổi có cắt thuỳ phổi,Ngoại khoa,Include
2365,03.3259.0583,3.3259,Khâu lại vết phẫu thuật lồng ngực bị nhiễm khuẩn,Ngoại khoa,Include
2366,03.3260.0414,3.3260,Khâu cơ hoành bị rách hay thủng do chấn thương qua đường ngực,Ngoại khoa,Include
2367,03.3264.0411,3.3264,Phẫu thuật cố định mảng sườn di động bằng nẹp,Ngoại khoa,Include
2368,03.3266.0442,3.3266,Phẫu thuật điều trị thực quản đôi,Ngoại khoa,Include
2369,03.3267.0442,3.3267,Cắt túi thừa thực quản ngực,Ngoại khoa,Include
2370,03.3269.0446,3.3269,Phẫu thuật nối thực quản ngay trong điều trị teo thực quản,Ngoại khoa,Include
2371,03.3270.0446,3.3270,Phẫu thuật tạo hình thực quản bằng dạ dày/đại tràng,Ngoại khoa,Include
2372,03.3273.0446,3.3273,Phẫu thuật điều trị hẹp thực quản,Ngoại khoa,Include
2373,03.3274.0446,3.3274,Phẫu thuật điều trị rò khí thực quản,Ngoại khoa,Include
2374,03.3275.0446,3.3275,Phẫu thuật điều trị rò thực quản,Ngoại khoa,Include
2375,03.3276.0442,3.3276,Cắt túi thừa thực quản cổ,Ngoại khoa,Include
2376,03.3279.0449,3.3279,Phẫu thuật cắt toàn bộ dạ dày lần đầu hoặc mổ lại,Ngoại khoa,Include
2377,03.3280.0449,3.3280,"Phẫu thuật cắt toàn bộ dạ dày, tạo hình dạ dày bằng đoạn ruột non",Ngoại khoa,Include
2378,03.3282.0493,3.3282,Dẫn lưu áp xe dưới cơ hoành,Ngoại khoa,Include
2379,03.3283.0493,3.3283,Dẫn lưu áp xe dưới cơ hoành có cắt xương sườn,Ngoại khoa,Include
2380,03.3284.0448,3.3284,"Cắt 2/3 dạ dày do loét, viêm, u lành",Ngoại khoa,Include
2381,03.3285.0448,3.3285,Phẫu thuật cắt 3/4 dạ dày,Ngoại khoa,Include
2382,03.3286.0449,3.3286,Phẫu thuật cắt lại dạ dày do bệnh lành tính,Ngoại khoa,Include
2383,03.3289.0491,3.3289,Phẫu thuật điều trị xoắn dạ dày,Ngoại khoa,Include
2384,03.3290.0456,3.3290,Cắt túi thừa tá tràng,Ngoại khoa,Include
2385,03.3292.0491,3.3292,Mở dạ dày lấy bã thức ăn,Ngoại khoa,Include
2386,03.3293.0456,3.3293,Nối dạ dày-ruột (omega hay Roux-en-Y),Ngoại khoa,Include
2387,03.3294.0448,3.3294,Phẫu thuật điều trị dạ dày đôi,Ngoại khoa,Include
2388,03.3295.0465,3.3295,Phẫu thuật điều trị hoại tử thủng dạ dày ở trẻ sơ sinh,Ngoại khoa,Include
2389,03.3297.0491,3.3297,Mở thông dạ dày,Ngoại khoa,Include
2390,03.3298.0465,3.3298,"Khâu lỗ thủng dạ dày, tá tràng đơn thuần",Ngoại khoa,Include
2391,03.3299.0454,3.3299,Phẫu thuật lại phình đại tràng bẩm sinh,Ngoại khoa,Include
2392,03.3300.0456,3.3300,Phẫu thuật điều trị ruột đôi,Ngoại khoa,Include
2393,03.3301.0458,3.3301,Phẫu thuật điều trị tắc tá tràng bẩm sinh,Ngoại khoa,Include
2394,03.3302.0458,3.3302,Phẫu thuật điều trị teo ruột,Ngoại khoa,Include
2395,03.3303.0465,3.3303,"Phẫu thuật điều trị viêm phúc mạc do thủng ruột: dẫn lưu ổ bụng, làm hậu môn nhân tạo",Ngoại khoa,Include
2396,03.3304.0458,3.3304,Phẫu thuật điều trị xoắn trung tràng,Ngoại khoa,Include
2397,03.3304.0455,3.3304,Phẫu thuật điều trị xoắn trung tràng,Ngoại khoa,Include
2398,03.3305.0456,3.3305,"Phẫu thuật điều trị còn ống rốn tràng, túi thừa Meckel không biến chứng",Ngoại khoa,Include
2399,03.3306.0456,3.3306,Phẫu thuật điều trị viêm/chảy máu túi thừa Meckel,Ngoại khoa,Include
2400,03.3307.0456,3.3307,Phẫu thuật điều trị tắc ruột phân su,Ngoại khoa,Include
2401,03.3308.0456,3.3308,Phẫu thuật điều trị tắc ruột do viêm phúc mạc thai nhi,Ngoại khoa,Include
2402,03.3309.0465,3.3309,Phẫu thuật điều trị tắc ruột do bã thức ăn,Ngoại khoa,Include
2403,03.3310.0465,3.3310,Phẫu thuật tắc ruột do giun,Ngoại khoa,Include
2404,03.3311.0458,3.3311,Phẫu thuật điều trị xoắn ruột,Ngoại khoa,Include
2405,03.3311.0455,3.3311,Phẫu thuật điều trị xoắn ruột,Ngoại khoa,Include
2406,03.3312.0458,3.3312,Phẫu thuật điều trị viêm phúc mạc do viêm ruột hoại tử biến chứng,Ngoại khoa,Include
2407,03.3313.0455,3.3313,Phẫu thuật điều trị tắc ruột do dính/dây chằng không cắt nối ruột,Ngoại khoa,Include
2408,03.3314.0456,3.3314,Phẫu thuật điều trị tắc ruột do dính/dây chằng có cắt nối ruột,Ngoại khoa,Include
2409,03.3315.0491,3.3315,Làm hậu môn nhân tạo cấp cứu ở trẻ sơ sinh,Ngoại khoa,Include
2410,03.3316.0491,3.3316,Làm hậu môn nhân tạo trẻ lớn,Ngoại khoa,Include
2411,03.3317.0583,3.3317,Phẫu thuật tháo lồng không cắt ruột,Ngoại khoa,Include
2412,03.3318.0458,3.3318,"Phẫu thuật tháo lông có cắt ruột, nối ngay hoặc dẫn lưu 2 đầu ruột",Ngoại khoa,Include
2413,03.3319.0454,3.3319,Cắt lại đại tràng,Ngoại khoa,Include
2414,03.3320.0454,3.3320,Cắt đoạn đại tràng,Ngoại khoa,Include
2415,03.3321.0456,3.3321,Đóng hậu môn nhân tạo,Ngoại khoa,Include
2416,03.3322.0454,3.3322,Phẫu thuật cắt nửa đại tràng trái/phải,Ngoại khoa,Include
2417,03.3323.0453,3.3323,Phẫu thuật điều trị bệnh phình đại tràng bẩm sinh 1 thì,Ngoại khoa,Include
2418,03.3326.0506,3.3326,Tháo lồng bằng bơm khí/nước,Ngoại khoa,Include
2419,03.3327.0459,3.3327,Phẫu thuật viêm ruột thừa,Ngoại khoa,Include
2420,03.3328.0686,3.3328,Phẫu thuật viêm phúc mạc ruột thừa,Phụ Sản,Include
2421,03.3330.0493,3.3330,Phẫu thuật áp xe ruột thừa trong ổ bụng,Ngoại khoa,Include
2422,03.3331.0458,3.3331,Cắt đoạn ruột non,Ngoại khoa,Include
2423,03.3332.0493,3.3332,Dẫn lưu áp xe ruột thừa,Ngoại khoa,Include
2424,03.3333.0461,3.3333,Phẫu thuật lại các dị tật hậu môn trực tràng,Ngoại khoa,Include
2425,03.3341.0495,3.3341,Phẫu thuật Longo,Ngoại khoa,Include
2426,03.3342.0456,3.3342,"Phẫu thuật sa trực tràng đường bụng hoặc đường tầng sinh môn, có cắt ruột",Ngoại khoa,Include
2427,03.3343.0461,3.3343,Phâu thuật điều trị dị tật hậu môn trực tràng một thì,Ngoại khoa,Include
2428,03.3346.0663,3.3346,Xử trí vết thương tầng sinh môn phức tạp,Phụ Sản,Include
2429,03.3348.0494,3.3348,Phẫu thuật điều trị rò cạnh hậu môn,Ngoại khoa,Include
2430,03.3349.0494,3.3349,Phẫu thuật rò hậu môn phức tạp hay phẫu thuật lại,Ngoại khoa,Include
2431,03.3350.0494,3.3350,"Phẫu thuật áp xe hậu môn, có mở lỗ rò",Ngoại khoa,Include
2432,03.3351.0460,3.3351,Phẫu thuật điều trị dị tật hậu môn trực tràng bằng đường bụng kết hợp đường sau trực tràng,Ngoại khoa,Include
2433,03.3352.0461,3.3352,Phẫu thuật điều trị dị tật hậu môn trực tràng bằng đường trước xương cùng và sau trực tràng,Ngoại khoa,Include
2434,03.3356.0669,3.3356,Phẫu thuật tái tạo cơ vùng hậu môn kiểu overlap trong điều trị đứt cơ vùng hậu môn),Phụ Sản,Include
2435,03.3359.0494,3.3359,Phẫu thuật trĩ dưới hướng dẫn của siêu âm (DGHAL),Ngoại khoa,Include
2436,03.3364.0494,3.3364,Cắt cơ tròn trong,Ngoại khoa,Include
2437,03.3365.0494,3.3365,Cắt trĩ từ 2 búi trở lên,Ngoại khoa,Include
2438,03.3366.0494,3.3366,Phẫu thuật trĩ độ 3,Ngoại khoa,Include
2439,03.3367.0494,3.3367,Phẫu thuật trĩ độ 3,Ngoại khoa,Include
2440,03.3368.0494,3.3368,Phẫu thuật trĩ độ 1V,Ngoại khoa,Include
2441,03.3369.0494,3.3369,Cắt bỏ trĩ vòng,Ngoại khoa,Include
2442,03.3370.0494,3.3370,Phẫu thuật lại trĩ chảy máu,Ngoại khoa,Include
2443,03.3371.0494,3.3371,Phẫu thuật trĩ nhồi máu phức tạp,Ngoại khoa,Include
2444,03.3377.0494,3.3377,Phẫu thuật rò hậu môn thể đơn giản,Ngoại khoa,Include
2445,03.3378.0494,3.3378,"Thắt trĩ có kèm bóc tách, cắt một bó trĩ",Ngoại khoa,Include
2446,03.3379.0494,3.3379,Phẫu thuật trĩ nhồi máu nhỏ,Ngoại khoa,Include
2447,03.3380.0498,3.3380,Cắt polype trực tràng,Ngoại khoa,Include
2448,03.3381.0492,3.3381,Phẫu thuật thoát vị rốn và khe hở thành bụng,Ngoại khoa,Include
2449,03.3382.0489,3.3382,"Cắt teratoma/u tế bào mầm vùng tiều khung, ổ bụng bằng đường mổ cùng cụt kết hơp đường bụng",Ngoại khoa,Include
2450,03.3383.0584,3.3383,Cắt nang/polyp rốn,Ngoại khoa,Include
2451,03.3384.0492,3.3384,"Phẫu thuật thoát vị khó: đùi, bịt",Ngoại khoa,Include
2452,03.3385.0493,3.3385,Phẫu thuật điều trị áp xe tồn dư trong ổ bụng,Ngoại khoa,Include
2453,03.3386.0686,3.3386,Phẫu thuật điều trị viêm phúc mạc tiên phát,Phụ Sản,Include
2454,03.3387.0489,3.3387,Phẫu thuật cắt u nang mạc nối lớn,Ngoại khoa,Include
2455,03.3388.0489,3.3388,Phẫu thuật cắt u nang mạc treo ruột không cắt ruột,Ngoại khoa,Include
2456,03.3389.0456,3.3389,Phẫu thuật cắt u nang mạc treo ruột có cắt nối ruột,Ngoại khoa,Include
2457,03.3390.0487,3.3390,Phẫu thuật cắt u sau phúc mạc,Ngoại khoa,Include
2458,03.3391.0683,3.3391,Cắt u nang buồng trứng,Phụ Sản,Include
2459,03.3392.0417,3.3392,Cắt u tuyến thượng thận,Ngoại khoa,Include
2460,03.3393.0489,3.3393,Cắt teratoma/u tế bào mầm vùng cùng cụt bằng đường mổ cùng cụt,Ngoại khoa,Include
2461,03.3394.0464,3.3394,Phẫu thuật dẫn lưu áp xe cơ đái chậu,Ngoại khoa,Include
2462,03.3395.0492,3.3395,Phẫu thuật thoát vị bẹn nghẹt,Ngoại khoa,Include
2463,03.3396.0492,3.3396,Phẫu thuật thoát vị rốn nghẹt,Ngoại khoa,Include
2464,03.3397.0492,3.3397,Phẫu thuật thoát vị vết mổ cũ thành bụng,Ngoại khoa,Include
2465,03.3398.0465,3.3398,Phẫu thuật lại chữa rò ống tiêu hoá sau mổ,Ngoại khoa,Include
2466,03.3399.0600,3.3399,Dẫn lưu áp xe hậu môn đơn giản,Phụ Sản,Include
2467,03.3400.0632,3.3400,Lấy máu tụ tầng sinh môn,Phụ Sản,Include
2468,03.3401.0492,3.3401,Phẫu thuật thoát vị bẹn hay thành bụng thường,Ngoại khoa,Include
2469,03.3402.0491,3.3402,Mở bụng thăm dò,Ngoại khoa,Include
2470,03.3405.0606,3.3405,Chọc dò túi cùng Douglas,Phụ Sản,Include
2471,03.3406.0600,3.3406,Chích áp xe tầng sinh môn,Phụ Sản,Include
2472,03.3409.0466,3.3409,"Cắt gan khâu vết thương mạch máu: tĩnh mạch trên gan, tĩnh mạch chủ dưới",Ngoại khoa,Include
2473,03.3410.0466,3.3410,Cắt gan phải hoặc gan trái,Ngoại khoa,Include
2474,03.3411.0466,3.3411,"Cắt gan không điển hình do vỡ gan, cắt gan lớn",Ngoại khoa,Include
2475,03.3412.0466,3.3412,Cắt hạ phân thùy gan,Ngoại khoa,Include
2476,03.3413.0466,3.3413,"Cắt gan không điển hình do vỡ gan, cắt gan nhỏ",Ngoại khoa,Include
2477,03.3415.0471,3.3415,"Khâu vỡ gan do chấn thương, vết thương gan",Ngoại khoa,Include
2478,03.3416.0493,3.3416,Phẫu thuật dẫn lưu áp xe gan,Ngoại khoa,Include
2479,03.3417.0481,3.3417,"Cắt đoạn ống mật chủ, nối rốn gan - hỗng tràng",Ngoại khoa,Include
2480,03.3418.0481,3.3418,Phẫu thuật cắt đoạn ống mật chủ và tạo hình đường mật,Ngoại khoa,Include
2481,03.3420.0466,3.3420,Nối ống mật chủ-hỗng tràng kèm dẫn lưu trong gan và cắt gan,Ngoại khoa,Include
2482,03.3421.0481,3.3421,Nối ống mật chủ - tá tràng,Ngoại khoa,Include
2483,03.3422.0474,3.3422,"Lấy sỏi ống mật chủ, dẫn lưu ống Kehr kèm tạo hình cơ thắt Oddi",Ngoại khoa,Include
2484,03.3423.0469,3.3423,Phẫu thuật sỏi trong gan,Ngoại khoa,Include
2485,03.3424.0469,3.3424,Phẫu thuật điều trị chảy máu đường mật: thắt động mạch gan,Ngoại khoa,Include
2486,03.3425.0466,3.3425,Phẫu thuật chảy máu đường mật: cắt gan,Ngoại khoa,Include
2487,03.3426.0469,3.3426,Phẫu thuật điều trị teo đường mật bẩm sinh,Ngoại khoa,Include
2488,03.3427.0472,3.3427,Cắt túi mật,Ngoại khoa,Include
2489,03.3428.0474,3.3428,"Cắt túi mật, mở ống mật chủ lấy sỏi, dẫn lưu Kehr",Ngoại khoa,Include
2490,03.3429.0474,3.3429,"Phẫu thuật điều trị áp xe gan do giun, mở ống mật chủ lấy giun",Ngoại khoa,Include
2491,03.3430.0469,3.3430,Phẫu thuật điều trị thủng đường mật ngoài gan,Ngoại khoa,Include
2492,03.3433.0466,3.3433,Lấy sỏi ống mật chủ kèm cắt phân thùy gan,Ngoại khoa,Include
2493,03.3434.0475,3.3434,"Lấy sỏi ống mật chủ, dẫn lưu ống Kehr, phẫu thuật lại",Ngoại khoa,Include
2494,03.3436.0481,3.3436,Cắt bỏ nang ống mật chủ và nối mật ruột,Ngoại khoa,Include
2495,03.3437.0481,3.3437,Nối ống mật chủ - hỗng tràng,Ngoại khoa,Include
2496,03.3438.0464,3.3438,Dẫn lưu đường mật ra da,Ngoại khoa,Include
2497,03.3442.0481,3.3442,Nối túi mật - hỗng tràng,Ngoại khoa,Include
2498,03.3443.0464,3.3443,Dẫn lưu túi mật,Ngoại khoa,Include
2499,03.3444.0464,3.3444,Dẫn lưu nang ống mật chủ,Ngoại khoa,Include
2500,03.3446.0499,3.3446,Đặt stent nang giả tuỵ,Ngoại khoa,Include
2501,03.3447.0482,3.3447,Cắt khối tá - tuỵ,Ngoại khoa,Include
2502,03.3448.0486,3.3448,Phẫu thuật Fray,Ngoại khoa,Include
2503,03.3449.0481,3.3449,"Lấy sỏi ống Wirsung, nối Wirsung - hỗng tràng",Ngoại khoa,Include
2504,03.3450.0481,3.3450,Nối ống tuỵ-hỗng tràng,Ngoại khoa,Include
2505,03.3451.0486,3.3451,Phẫu thuật cắt bỏ đuôi tụy-nối mỏm tụy còn lại với quai hỗng tràng,Ngoại khoa,Include
2506,03.3452.0486,3.3452,Cắt gần toàn bộ tuỵ trong cường 1nsulin,Ngoại khoa,Include
2507,03.3453.0484,3.3453,"Cắt lách bệnh lý do ung thư­, áp xe, xơ lách, huyết tán…",Ngoại khoa,Include
2508,03.3454.0464,3.3454,Nối nang tụy - dạ dày,Ngoại khoa,Include
2509,03.3455.0481,3.3455,Nối nang tụy - hỗng tràng,Ngoại khoa,Include
2510,03.3456.0486,3.3456,Cắt đuôi tuỵ,Ngoại khoa,Include
2511,03.3457.0486,3.3457,Cắt thân+ đuôi tuỵ,Ngoại khoa,Include
2512,03.3458.0493,3.3458,Dẫn lưu áp xe tụy,Ngoại khoa,Include
2513,03.3460.0464,3.3460,Dẫn lưu túi mật và dẫn lưu hậu cung mạc nối kèm lấy tổ chức tụy hoại tử,Ngoại khoa,Include
2514,03.3461.0484,3.3461,Cắt lách bán phần do chấn thương,Ngoại khoa,Include
2515,03.3463.0484,3.3463,Cắt lách toàn bộ do chấn thương,Ngoại khoa,Include
2516,03.3465.0421,3.3465,"Lấy sỏi thận bệnh lý, thận móng ngựa, thận đa nang",Ngoại khoa,Include
2517,03.3466.0439,3.3466,Tán sỏi thận qua da bằng máy tán hơi,Ngoại khoa,Include
2518,03.3468.0415,3.3468,Ghép thận tự thân trong cấp cứu do chấn thương cuống thận,Ngoại khoa,Include
2519,03.3469.0416,3.3469,Cắt đơn vị thận phụ với niệu quản lạc chỗ trong thận niệu quản đôi,Ngoại khoa,Include
2520,03.3470.0416,3.3470,Cắt toàn bộ thận và niệu quản,Ngoại khoa,Include
2521,03.3471.0416,3.3471,Cắt thận đơn thuần,Ngoại khoa,Include
2522,03.3472.0416,3.3472,Cắt một nửa thận,Ngoại khoa,Include
2523,03.3474.0422,3.3474,Tạo hình phần nối bể thận- niệu quản,Ngoại khoa,Include
2524,03.3475.0421,3.3475,Lấy sỏi san hô thận,Ngoại khoa,Include
2525,03.3476.0421,3.3476,Lấy sỏi mở bể thận trong xoang,Ngoại khoa,Include
2526,03.3477.0421,3.3477,"Lấy sỏi mở bể thận, đài thận có dẫn lưu thận",Ngoại khoa,Include
2527,03.3478.0421,3.3478,Lấy sỏi san hô mở rộng thận (Bivalve) có hạ nhiệt,Ngoại khoa,Include
2528,03.3479.0421,3.3479,Lấy sỏi bể thận ngoài xoang,Ngoại khoa,Include
2529,03.3480.0439,3.3480,Tán sỏi ngoài cơ thể,Ngoại khoa,Include
2530,03.3482.0464,3.3482,Dẫn lưu đài bể thận qua da,Ngoại khoa,Include
2531,03.3489.0464,3.3489,"Dẫn lưu viêm tấy quanh thận, áp xe thận",Ngoại khoa,Include
2532,03.3490.0422,3.3490,Nối niệu quản - đài thận,Ngoại khoa,Include
2533,03.3491.0422,3.3491,Cắt nối niệu quản,Ngoại khoa,Include
2534,03.3492.0421,3.3492,Lấy sỏi niệu quản,Ngoại khoa,Include
2535,03.3493.0421,3.3493,"Lấy sỏi niệu quản tái phát, phẫu thuật lại",Ngoại khoa,Include
2536,03.3494.0421,3.3494,Lấy sỏi niệu quản đoạn sát bàng quang,Ngoại khoa,Include
2537,03.3498.0464,3.3498,Dẫn lưu niệu quản ra thành bụng 1 bên/ 2 bên,Ngoại khoa,Include
2538,03.3501.0422,3.3501,Nối niệu quản - niệu quản trong thận niệu quản đôi còn chức năng,Ngoại khoa,Include
2539,03.3503.0424,3.3503,Cắt toàn bộ bàng quang kèm tạo hình bàng quang kiểu Studder,Ngoại khoa,Include
2540,03.3510.0424,3.3510,Cắt một nửa bàng quang có tạo hình bằng ruột,Ngoại khoa,Include
2541,03.3514.0424,3.3514,Cắt toàn bộ bàng quang kèm tạo hình ruột - bàng quang,Ngoại khoa,Include
2542,03.3516.0429,3.3516,"Cắt đường rò bàng quang -rốn, khâu lại bàng quang",Ngoại khoa,Include
2543,03.3517.0421,3.3517,"Lấy sỏi bàng quang lần 2, đóng lỗ rò bàng quang",Ngoại khoa,Include
2544,03.3521.0429,3.3521,"Phẫu thuật rò bàng quang-âm đạo, bàng quang-tử cung, trực tràng",Ngoại khoa,Include
2545,03.3522.0424,3.3522,"Cắt bàng quang, đưa niệu quản ra ngoài da",Ngoại khoa,Include
2546,03.3527.0425,3.3527,Phẫu thuật cắt túi thừa bàng quang,Ngoại khoa,Include
2547,03.3530.0429,3.3530,"Cắt đường rò bàng quang rốn, khâu lại bàng quang",Ngoại khoa,Include
2548,03.3531.0421,3.3531,Mổ lấy sỏi bàng quang,Ngoại khoa,Include
2549,03.3532.0121,3.3532,Mở thông bàng quang,Các thủ thuật và dịch vụ Nội soi,Include
2550,03.3536.0434,3.3536,Phẫu thuật dò niệu đạo - trực tràng bẩm sinh,Ngoại khoa,Include
2551,03.3537.0434,3.3537,Phẫu thuật dò niệu đạo - âm đạo bẩm sinh,Ngoại khoa,Include
2552,03.3538.0434,3.3538,Phẫu thuật dò niệu đạo - âm đạo-trực tràng bẩm sinh,Ngoại khoa,Include
2553,03.3543.0434,3.3543,Cắt nối niệu đạo trước,Ngoại khoa,Include
2554,03.3544.0434,3.3544,Cắt nối niệu đạo sau,Ngoại khoa,Include
2555,03.3545.0434,3.3545,Cấp cứu nối niệu đạo do vỡ xương chậu,Ngoại khoa,Include
2556,03.3554.0437,3.3554,Tạo hình dương vật do lệch lạc phái tính do gien,Ngoại khoa,Include
2557,03.3556.0705,3.3556,Tạo hình âm đạo,Phụ Sản,Include
2558,03.3559.0705,3.3559,"Tạo hình âm đạo, ghép da trên khuôn nong",Phụ Sản,Include
2559,03.3565.0491,3.3565,Phẫu thuật thăm dò ổ bụng trên người bệnh mơ hồ giới tính,Ngoại khoa,Include
2560,03.3566.0705,3.3566,Tạo hình âm đạo bằng ruột,Phụ Sản,Include
2561,03.3586.0435,3.3586,Cắt bỏ tinh hoàn lạc chỗ,Ngoại khoa,Include
2562,03.3587.0435,3.3587,Phẫu thuật hạ lại tinh hoàn,Ngoại khoa,Include
2563,03.3589.0492,3.3589,Phẫu thuật thoát vị bẹn bẹn nghẹt,Ngoại khoa,Include
2564,03.3590.0492,3.3590,Phẫu thuật thoát vị đùi đùi nghẹt,Ngoại khoa,Exclude
2565,03.3593.0603,3.3593,"Chích rạch màng trinh điều trị ứ dịch âm đạo, tử cung",Phụ Sản,Exclude
2566,03.3594.0218,3.3594,"Khâu vết thương âm hộ, âm đạo",Các thủ thuật và dịch vụ Nội soi,Exclude
2567,03.3595.0662,3.3595,Tách màng ngăn âm hộ,Phụ Sản,Exclude
2568,03.3598.0491,3.3598,Phẫu thuật thăm dò ổ bụng và ống bẹn cho người bệnh không sờ thấy và siêu âm không thấy tinh hoàn,Ngoại khoa,Exclude
2569,03.3599.0492,3.3599,Phẫu thuật thoát vị bẹn thường 1 bên /2 bên,Ngoại khoa,Exclude
2570,03.3601.0435,3.3601,"Phẫu thuật xoắn, vỡ tinh hoàn",Ngoại khoa,Exclude
2571,03.3606.0156,3.3606,Nong niệu đạo,Các thủ thuật và dịch vụ Nội soi,Exclude
2572,03.3607.0435,3.3607,Cắt bỏ tinh hoàn,Ngoại khoa,Exclude
2573,03.3608.0505,3.3608,Dẫn lưu áp xe bìu/tinh hoàn,Ngoại khoa,Exclude
2574,03.3609.0553,3.3609,Ghép xương chấn thương cột sống cổ,Ngoại khoa,Exclude
2575,03.3610.0553,3.3610,Ghép xương chấn thương cột sống thắt lưng,Ngoại khoa,Exclude
2576,03.3612.0566,3.3612,Kết hợp xương cột sống cổ lối trước,Ngoại khoa,Exclude
2577,03.3613.0566,3.3613,Kết hợp xương cột sống cổ lối sau,Ngoại khoa,Exclude
2578,03.3615.0567,3.3615,Cố định cột sống ngực bằng hệ thống móc,Ngoại khoa,Exclude
2579,03.3616.0567,3.3616,Cố định cột sống bằng vít qua cuống,Ngoại khoa,Exclude
2580,03.3617.0553,3.3617,"Phẫu thuật kết hợp xương, ghép xương sau trượt đốt sống L4-5, L5-Si",Ngoại khoa,Exclude
2581,03.3618.0565,3.3618,Tạo hình lồng ngực (cắt các xương sườn ở mặt lồi trong vẹo cột sống để chỉnh hình lồng ngực),Ngoại khoa,Exclude
2582,03.3619.0565,3.3619,Phẫu thuật chỉnh vẹo cột sống ngực qua đường sau,Ngoại khoa,Exclude
2583,03.3620.0565,3.3620,Phẫu thuật chỉnh gù cột sống ngực qua đường sau,Ngoại khoa,Exclude
2584,03.3621.0553,3.3621,Lấy bỏ thân đốt sống ngực bằng ghép xương,Ngoại khoa,Exclude
2585,03.3622.0565,3.3622,Phẫu thuật chỉnh vẹo cột sống đường trước và hàn khớp,Ngoại khoa,Exclude
2586,03.3623.0565,3.3623,Phẫu thuật chỉnh vẹo gù sống đường trước và hàn khớp,Ngoại khoa,Exclude
2587,03.3624.0565,3.3624,Phẫu thuật chỉnh gù cột sống phía trước + cố định cột sống và ghép xương,Ngoại khoa,Exclude
2588,03.3625.0565,3.3625,Phẫu thuật chỉnh vẹo cột sống,Ngoại khoa,Exclude
2589,03.3627.0567,3.3627,Nắn trượt và cố định cột sống trong trượt đốt sống,Ngoại khoa,Exclude
2590,03.3631.0567,3.3631,Cố định cột sống và hàn khớp qua liên thân đường sau (PLiP),Ngoại khoa,Exclude
2591,03.3632.0567,3.3632,Cố định cột sống và hàn khớp liên thân đốt phía sau qua lỗ liên hợp (TLiP),Ngoại khoa,Exclude
2592,03.3633.0369,3.3633,Mở cung sau và cắt bỏ mỏm khớp dưới,Ngoại khoa,Exclude
2593,03.3634.0369,3.3634,Giải phóng chèn ép chấn thương cột sống thắt lư­ng,Ngoại khoa,Exclude
2594,03.3635.0369,3.3635,Cắt bỏ dây chằng vàng,Ngoại khoa,Exclude
2595,03.3636.0369,3.3636,Mở cung sau cột sống ngực,Ngoại khoa,Exclude
2596,03.3641.0567,3.3641,Phẫu thuật kết hợp xương cột sống ngực,Ngoại khoa,Exclude
2597,03.3642.0567,3.3642,Phẫu thuật kết hợp xương cột sống thắt lưng,Ngoại khoa,Exclude
2598,03.3645.0550,3.3645,Phẫu thuật điều trị vẹo cổ,Ngoại khoa,Exclude
2599,03.3646.0556,3.3646,Cố định nẹp vít gãy trật khớp vai,Ngoại khoa,Exclude
2600,03.3647.0556,3.3647,Phẫu thuật trật khớp cùng đòn,Ngoại khoa,Exclude
2601,03.3648.0534,3.3648,Tháo khớp vai,Ngoại khoa,Exclude
2602,03.3649.0556,3.3649,Phẫu thuật kết hợp xương điều trị gãy xương đòn,Ngoại khoa,Exclude
2603,03.3650.0553,3.3650,"Lấy u xương, ghép xương tự thân hoặc ghép xương đồng loại điều trị u xương",Ngoại khoa,Exclude
2604,03.3651.0558,3.3651,Lấy bỏ tổ chức u điều trị u xương,Ngoại khoa,Exclude
2605,03.3656.0557,3.3656,Phẫu thuật kết hợp xương không mở ổ gãy dưới C Arm,Ngoại khoa,Exclude
2606,03.3660.0555,3.3660,Kéo dài chi trên bằng phương pháp 1lizarov,Ngoại khoa,Exclude
2607,03.3661.0548,3.3661,"Phẫu thuật điều trị vẹo khuỷu, đục sửa trục",Ngoại khoa,Exclude
2608,03.3662.0556,3.3662,Cố định nẹp vít gãy liên lồi cầu cánh tay,Ngoại khoa,Exclude
2609,03.3663.0556,3.3663,Phẫu thuật gãy xương cánh tay kèm tổn thương thần kinh hoặc mạch máu,Ngoại khoa,Exclude
2610,03.3664.0548,3.3664,Cố định Kirschner trong gãy đầu trên xương cánh tay,Ngoại khoa,Exclude
2611,03.3665.0556,3.3665,Cố định nẹp vít gãy thân xương cánh tay,Ngoại khoa,Exclude
2612,03.3666.0550,3.3666,Phẫu thuật cứng duỗi khớp khuỷu,Ngoại khoa,Exclude
2613,03.3667.0551,3.3667,Phẫu thuật dính khớp khuỷu,Ngoại khoa,Exclude
2614,03.3668.0534,3.3668,Cắt đoạn khớp khuỷu,Ngoại khoa,Exclude
2615,03.3669.0548,3.3669,Phẫu thuật trật khớp khuỷu,Ngoại khoa,Exclude
2616,03.3670.0550,3.3670,Phẫu thuật gấp khớp khuỷu do bại não,Ngoại khoa,Exclude
2617,03.3671.0551,3.3671,Phẫu thuật dính khớp khuỷu,Ngoại khoa,Exclude
2618,03.3672.0551,3.3672,Phẫu thuật dính khớp quay trụ bẩm sinh,Ngoại khoa,Exclude
2619,03.3673.0556,3.3673,Phẫu thuật can lệnh đầu dưới xương quay,Ngoại khoa,Exclude
2620,03.3675.0556,3.3675,Phẫu thuật gãy đầu dưới xương quay và trật khớp quay trụ dưới,Ngoại khoa,Exclude
2621,03.3676.0556,3.3676,Nắn găm Kirschner trong gãy Pouteau-Colles,Ngoại khoa,Exclude
2622,03.3679.0556,3.3679,Phẫu thuật gãy Monteggia,Ngoại khoa,Exclude
2623,03.3680.0534,3.3680,Cắt cụt cánh tay,Ngoại khoa,Exclude
2624,03.3681.0534,3.3681,Tháo khớp khuỷu,Ngoại khoa,Exclude
2625,03.3682.0534,3.3682,Cắt cụt cẳng tay,Ngoại khoa,Exclude
2626,03.3683.0534,3.3683,Tháo khớp cổ tay,Ngoại khoa,Exclude
2627,03.3684.0556,3.3684,Phẫu thuật gãy lồi cầu ngoài xương cánh tay,Ngoại khoa,Exclude
2628,03.3685.0571,3.3685,"Phẫu thuật viêm xương cánh tay: đục, mổ, nạo, lấy xương chết, dẫn lưu",Ngoại khoa,Exclude
2629,03.3686.0571,3.3686,Phẫu thuật gãy mỏm trên ròng rọc xương cánh tay,Ngoại khoa,Exclude
2630,03.3687.0571,3.3687,"Phẫu thuật viêm xương cẳng tay đục, mổ, nạo, dẫn lưu",Ngoại khoa,Exclude
2631,03.3688.0556,3.3688,Phẫu thuật cố định nẹp vít gãy hai xương cẳng tay,Ngoại khoa,Exclude
2632,03.3689.0556,3.3689,Phẫu thuật đóng đinh nội tủy gãy 2 xương cẳng tay,Ngoại khoa,Exclude
2633,03.3690.0556,3.3690,Phẫu thuật đóng đinh nội tủy gãy 1 xương cẳng tay,Ngoại khoa,Exclude
2634,03.3691.0577,3.3691,Phẫu thuật bàn tay cấp cứu có tổn thương phức tạp,Ngoại khoa,Exclude
2635,03.3692.0577,3.3692,"Phẫu thuật bàn tay, chỉnh hình phức tạp",Ngoại khoa,Exclude
2636,03.3694.0556,3.3694,Đặt vít gãy trật xương thuyền,Ngoại khoa,Exclude
2637,03.3695.0571,3.3695,Phẫu thuật chuyển cơ giang ngắn ngón 1 điều trị tách ngón 1 bẩm sinh,Ngoại khoa,Exclude
2638,03.3698.0535,3.3698,Phẫu thuật chuyển gân điều trị cò ngón tay do liệt vận động,Ngoại khoa,Exclude
2639,03.3699.0555,3.3699,Kéo dài ngón tay bằng khung cố định ngoài,Ngoại khoa,Exclude
2640,03.3700.0550,3.3700,Phẫu thuật tạo gấp cổ tay do bại não,Ngoại khoa,Exclude
2641,03.3701.0550,3.3701,Phẫu thuật Capsulodesis Zancolli giải quyết biến dạng vuốt trụ,Ngoại khoa,Exclude
2642,03.3703.0556,3.3703,Găm đinh Kirschner gãy đốt bàn nhiều đốt bàn,Ngoại khoa,Exclude
2643,03.3708.0552,3.3708,Phẫu thuật chuyển ngón thay thế ngón cái,Ngoại khoa,Exclude
2644,03.3709.0578,3.3709,Chuyển ngón có cuống mạch nuôi,Ngoại khoa,Exclude
2645,03.3710.0571,3.3710,Phẫu thuật cắt bỏ ngón tay thừa,Ngoại khoa,Exclude
2646,03.3711.0571,3.3711,"Tháo bỏ các ngón tay, đốt ngón tay",Ngoại khoa,Exclude
2647,03.3712.0556,3.3712,Phẫu thuật gãy đốt bàn ngón tay kết hợp xương với Kirschner hoặc nẹp vít,Ngoại khoa,Exclude
2648,03.3713.0543,3.3713,Phẫu thuật điều trị trật khớp háng bẩm sinh,Ngoại khoa,Exclude
2649,03.3714.0556,3.3714,Phẫu thuật điều trị Perthes (cắt xương tạo varus),Ngoại khoa,Exclude
2650,03.3715.0556,3.3715,"Phẫu thuật điều trị Perthes (cắt xương chậu, tạo mái che đầu xương đùi)",Ngoại khoa,Exclude
2651,03.3716.0550,3.3716,Phẫu thuật cứng cơ may,Ngoại khoa,Exclude
2652,03.3717.0556,3.3717,Phẫu thuật kết hợp xương điều trị gãy ổ cối phức tạp,Ngoại khoa,Exclude
2653,03.3718.0556,3.3718,Phẫu thuật kết hợp xương điều trị gãy khung chậu,Ngoại khoa,Exclude
2654,03.3719.0555,3.3719,Phẫu thuật làm dính sụn tiếp hợp điều trị ngắn chi,Ngoại khoa,Exclude
2655,03.3722.0548,3.3722,Phẫu thuật toác khớp mu,Ngoại khoa,Exclude
2656,03.3723.0534,3.3723,Tháo khớp háng,Ngoại khoa,Exclude
2657,03.3724.0549,3.3724,Làm cứng khớp ở tư­ thế chức năng,Ngoại khoa,Exclude
2658,03.3725.0556,3.3725,"Đóng đinh xương đùi mở, ngược dòng",Ngoại khoa,Exclude
2659,03.3726.0534,3.3726,Phẫu thuật cắt cụt đùi,Ngoại khoa,Exclude
2660,03.3727.0556,3.3727,Kết xương đinh nẹp một khối gãy liền mấu chuyển hoặc dưới mấu chuyển,Ngoại khoa,Exclude
2661,03.3728.0548,3.3728,"Kết xương đinh nẹp khối gãy trên lồi cầu, liên lồi cầu",Ngoại khoa,Exclude
2662,03.3729.0571,3.3729,Phẫu thuật viêm xương khớp háng,Ngoại khoa,Exclude
2663,03.3730.0543,3.3730,Phẫu thuật trật khớp háng,Ngoại khoa,Exclude
2664,03.3731.0556,3.3731,Phẫu thuật vỡ trần ổ khớp háng,Ngoại khoa,Exclude
2665,03.3732.0556,3.3732,Đặt đinh nẹp gãy xương đùi (xuôi dòng),Ngoại khoa,Exclude
2666,03.3734.0555,3.3734,Kéo dài đùi bằng phương pháp 1lizarov,Ngoại khoa,Exclude
2667,03.3737.0557,3.3737,Phẫu thuật đóng đinh xương đùi dưới C Arm,Ngoại khoa,Exclude
2668,03.3738.0556,3.3738,Đặt nẹp vít điều trị gãy mâm chày và đầu trên xương chày,Ngoại khoa,Exclude
2669,03.3740.0534,3.3740,Cắt cụt dưới mấu chuyển xương đùi,Ngoại khoa,Exclude
2670,03.3741.0571,3.3741,"Phẫu thuật viêm xương đùi đục, mổ, nạo, lấy xương chết, dẫn lưu",Ngoại khoa,Exclude
2671,03.3742.0550,3.3742,Phẫu thuật xơ cứng cơ thẳng trước,Ngoại khoa,Exclude
2672,03.3743.0556,3.3743,Cố định ngoài điều trị gãy khung chậu,Ngoại khoa,Exclude
2673,03.3744.0556,3.3744,Cố định ngoài điều trị gãy xương đùi,Ngoại khoa,Exclude
2674,03.3746.0540,3.3746,Tạo hình dây chằng chéo khớp gối,Ngoại khoa,Exclude
2675,03.3747.0540,3.3747,Lấy bỏ sụn chêm khớp gối,Ngoại khoa,Exclude
2676,03.3748.0550,3.3748,Phẫu thuật trật khớp gối bẩm sinh,Ngoại khoa,Exclude
2677,03.3750.0550,3.3750,Phẫu thuật trật xương bánh chè bẩm sinh,Ngoại khoa,Exclude
2678,03.3751.0540,3.3751,Phẫu thuật thay lại dây chằng chéo trước khớp gối,Ngoại khoa,Exclude
2679,03.3752.0550,3.3752,"Phẫu thuật gấp khớp gối do bại não, nối dài gân cơ gấp gối, cắt thần kinh",Ngoại khoa,Exclude
2680,03.3753.0550,3.3753,Phẫu thuật Egger tạo gấp khớp gối do bại não trong trường hợp nặng,Ngoại khoa,Exclude
2681,03.3754.0556,3.3754,Néo ép hoặc buộc vòng chỉ thép gãy xương bánh chè,Ngoại khoa,Exclude
2682,03.3755.0534,3.3755,Tháo khớp gối,Ngoại khoa,Exclude
2683,03.3758.0556,3.3758,Đóng đinh xương chày mở,Ngoại khoa,Exclude
2684,03.3759.0556,3.3759,Đặt nẹp vít gãy thân xương chày,Ngoại khoa,Exclude
2685,03.3760.0556,3.3760,Đặt nẹp vít gãy đầu dưới xương chày,Ngoại khoa,Exclude
2686,03.3761.0556,3.3761,Phẫu thuật chân chữ O,Ngoại khoa,Exclude
2687,03.3762.0556,3.3762,Phẫu thuật chân chữ X,Ngoại khoa,Exclude
2688,03.3763.0559,3.3763,Phẫu thuật co gân Achille,Ngoại khoa,Exclude
2689,03.3764.0555,3.3764,Kéo dài cẳng chân bằng phương pháp 1lizarov,Ngoại khoa,Exclude
2690,03.3765.0556,3.3765,Phẫu thuật khớp giả xương chầy bẩm sinh có ghép xương,Ngoại khoa,Exclude
2691,03.3766.0556,3.3766,Phẫu thuật khớp giả xương chầy,Ngoại khoa,Exclude
2692,03.3768.0538,3.3768,Chuyển cân liệt thần kinh mác nông,Ngoại khoa,Exclude
2693,03.3769.0538,3.3769,Phẫu thuật chuyển gân điều trị bàn chân rủ do liệt vận động,Ngoại khoa,Exclude
2694,03.3773.0556,3.3773,Cố định ngoài điều trị gãy xương cẳng chân,Ngoại khoa,Exclude
2695,03.3774.0577,3.3774,"Cắt lọc vết thương gẫy xương hở, nắn chỉnh cố định tạm thời",Ngoại khoa,Exclude
2696,03.3775.0534,3.3775,Cắt cụt cẳng chân,Ngoại khoa,Exclude
2697,03.3776.0571,3.3776,"Phẫu thuật viêm xương cẳng chân: đục, mổ, nạo, lấy xương chết, dẫn lưu",Ngoại khoa,Exclude
2698,03.3777.0571,3.3777,Phẫu thuật khoan xương có tưới rửa kháng sinh liên tục điều trị viêm xương tủy giai đoạn trung gian,Ngoại khoa,Exclude
2699,03.3778.0556,3.3778,Găm Kirschner trong gãy mắt cá,Ngoại khoa,Exclude
2700,03.3779.0556,3.3779,Kết hợp xương trong trong gãy xương mác,Ngoại khoa,Exclude
2701,03.3780.0537,3.3780,Phẫu thuật điều trị bàn chân khoèo do bại não,Ngoại khoa,Exclude
2702,03.3781.0556,3.3781,Phẫu thuật chỉnh hình điều trị bàn chân bẹt bẩm sinh,Ngoại khoa,Exclude
2703,03.3782.0556,3.3782,Phẫu thuật điều trị bàn chân bẹt do bại não,Ngoại khoa,Exclude
2704,03.3783.0575,3.3783,Phẫu thuật điều trị tách bàn chân (càng cua),Ngoại khoa,Exclude
2705,03.3784.0556,3.3784,Phẫu thuật điều trị bàn chân lồi- xoay ngoài,Ngoại khoa,Exclude
2706,03.3785.0556,3.3785,"Kết hợp xương điều trị gãy xương bàn, xương ngón chân",Ngoại khoa,Exclude
2707,03.3786.0556,3.3786,Đặt vít gãy thân xương sên,Ngoại khoa,Exclude
2708,03.3787.0556,3.3787,Đặt nẹp vít trong gãy trật xương chêm,Ngoại khoa,Exclude
2709,03.3788.0556,3.3788,Phẫu thuật Kirschner gãy thân xương sên,Ngoại khoa,Exclude
2710,03.3789.0556,3.3789,"Đặt nẹp vít gãy mắt cá trong, ngoài hoặc Dupuytren",Ngoại khoa,Exclude
2711,03.3790.0537,3.3790,Phẫu thuật chỉnh hình điều trị bàn chân khoèo,Ngoại khoa,Exclude
2712,03.3791.0537,3.3791,Phẫu thuật bàn chân duỗi đổ,Ngoại khoa,Exclude
2713,03.3792.0534,3.3792,Tháo một nửa bàn chân trước,Ngoại khoa,Exclude
2714,03.3793.0577,3.3793,"Cắt lọc vết thương gẫy xương hở, nắn chỉnh cố định tạm thời",Ngoại khoa,Exclude
2715,03.3794.0556,3.3794,"Đặt nẹp điều trị vít gãy mắt cá trong, ngoài hoặc Dupuytren",Ngoại khoa,Exclude
2716,03.3795.0534,3.3795,Tháo khớp cổ chân,Ngoại khoa,Exclude
2717,03.3796.0534,3.3796,Tháo khớp kiểu Pirogoff,Ngoại khoa,Exclude
2718,03.3797.0571,3.3797,Tháo bỏ các ngón chân,Ngoại khoa,Exclude
2719,03.3798.0571,3.3798,Tháo đốt bàn,Ngoại khoa,Exclude
2720,03.3800.0577,3.3800,"Phẫu thuật bong lóc da và cơ phức tạp, sâu, rộng sau chấn thương",Ngoại khoa,Exclude
2721,03.3801.0573,3.3801,Chuyển vạt da có cuống mạch,Ngoại khoa,Exclude
2722,03.3802.0573,3.3802,"Tạo hình các vạt da che phủ, vạt trượt",Ngoại khoa,Exclude
2723,03.3803.0559,3.3803,Nối gân gấp,Ngoại khoa,Exclude
2724,03.3804.0559,3.3804,Gỡ dính gân,Ngoại khoa,Exclude
2725,03.3805.0572,3.3805,Khâu nối thần kinh,Ngoại khoa,Exclude
2726,03.3806.0572,3.3806,Gỡ dính thần kinh,Ngoại khoa,Exclude
2727,03.3807.0574,3.3807,"Vá da dày toàn bộ, diện tích bằng và trên 10cm²",Ngoại khoa,Exclude
2728,03.3808.0573,3.3808,Phẫu thuật màng da cổ (Pterygium Colli),Ngoại khoa,Exclude
2729,03.3809.1052,3.3809,Ghép da rời rộng mỗi chiều trên 5cm,Răng Hàm Mặt,Exclude
2730,03.3811.0571,3.3811,"Cắt lọc da, cơ, cân trên 3% diện tích cơ thể",Ngoại khoa,Exclude
2731,03.3813.0551,3.3813,Phẫu thuật viêm khớp mủ thứ phát có sai khớp,Ngoại khoa,Exclude
2732,03.3815.0493,3.3815,Dẫn lưu áp xe cơ đái chậu,Ngoại khoa,Exclude
2733,03.3816.0571,3.3816,"Phẫu thuật vết thương bàn tay, cắt lọc đơn thuần",Ngoại khoa,Exclude
2734,03.3817.0505,3.3817,Chích áp xe phần mềm lớn,Ngoại khoa,Exclude
2735,03.3818.0218,3.3818,Khâu lại da vết phẫu thuật sau nhiễm khuẩn,Các thủ thuật và dịch vụ Nội soi,Exclude
2736,03.3819.0559,3.3819,Nối gân duỗi,Ngoại khoa,Exclude
2737,03.3820.0573,3.3820,Tạo hình bằng các vạt tại chỗ đơn giản,Ngoại khoa,Exclude
2738,03.3821.0216,3.3821,Cắt lọc tổ chức hoại tử hoặc cắt lọc vết thương đơn giản,Các thủ thuật và dịch vụ Nội soi,Exclude
2739,03.3824.0575,3.3824,"Vá da dầy toàn bộ, diện tích dưới 10cm²",Ngoại khoa,Exclude
2740,03.3825.0217,3.3825,Khâu vết thương phần mềm dài trên 10cm,Các thủ thuật và dịch vụ Nội soi,Exclude
2741,03.3825.0219,3.3825,Khâu vết thương phần mềm dài trên 10cm,Các thủ thuật và dịch vụ Nội soi,Exclude
2742,03.3826.0200,3.3826,"Thay băng, cắt chỉ vết mổ",Các thủ thuật và dịch vụ Nội soi,Exclude
2743,03.3826.0202,3.3826,"Thay băng, cắt chỉ vết mổ",Các thủ thuật và dịch vụ Nội soi,Exclude
2744,03.3826.0204,3.3826,"Thay băng, cắt chỉ vết mổ",Các thủ thuật và dịch vụ Nội soi,Exclude
2745,03.3826.0205,3.3826,"Thay băng, cắt chỉ vết mổ",Các thủ thuật và dịch vụ Nội soi,Exclude
2746,03.3826.0203,3.3826,"Thay băng, cắt chỉ vết mổ",Các thủ thuật và dịch vụ Nội soi,Exclude
2747,03.3826.0075,3.3826,"Thay băng, cắt chỉ vết mổ",Các thủ thuật và dịch vụ Nội soi,Exclude
2748,03.3826.2047,3.3826,"Thay băng, cắt chỉ vết mổ",Các thủ thuật và dịch vụ Nội soi,Exclude
2749,03.3827.0218,3.3827,Khâu vết thương phần mềm dài dưới 10cm,Các thủ thuật và dịch vụ Nội soi,Exclude
2750,03.3827.0216,3.3827,Khâu vết thương phần mềm dài dưới 10cm,Các thủ thuật và dịch vụ Nội soi,Exclude
2751,03.3830.0529,3.3830,"Nắn, bó bột gãy cổ xương đùi, vỡ ổ cối và trật khớp háng",Ngoại khoa,Exclude
2752,03.3830.0530,3.3830,"Nắn, bó bột gãy cổ xương đùi, vỡ ổ cối và trật khớp háng",Ngoại khoa,Exclude
2753,03.3831.0525,3.3831,"Nắn, bó bột chỉnh hình chân chữ O",Ngoại khoa,Exclude
2754,03.3831.0526,3.3831,"Nắn, bó bột chỉnh hình chân chữ O",Ngoại khoa,Exclude
2755,03.3832.0525,3.3832,"Nắn, bó bột chỉnh hình chân chữ X",Ngoại khoa,Exclude
2756,03.3832.0526,3.3832,"Nắn, bó bột chỉnh hình chân chữ X",Ngoại khoa,Exclude
2757,03.3833.0529,3.3833,"Nắn, bó bột gãy 1/3 trên xương đùi",Ngoại khoa,Exclude
2758,03.3833.0530,3.3833,"Nắn, bó bột gãy 1/3 trên xương đùi",Ngoại khoa,Exclude
2759,03.3834.0529,3.3834,"Nắn, bó bột gãy 1/3 giữa xương đùi",Ngoại khoa,Exclude
2760,03.3834.0530,3.3834,"Nắn, bó bột gãy 1/3 giữa xương đùi",Ngoại khoa,Exclude
2761,03.3835.0529,3.3835,"Nắn, bó bột gãy 1/3 dưới xương đùi",Ngoại khoa,Exclude
2762,03.3835.0530,3.3835,"Nắn, bó bột gãy 1/3 dưới xương đùi",Ngoại khoa,Exclude
2763,03.3836.0523,3.3836,"Nắn, bó bột trật khớp háng bẩm sinh",Ngoại khoa,Exclude
2764,03.3836.0524,3.3836,"Nắn, bó bột trật khớp háng bẩm sinh",Ngoại khoa,Exclude
2765,03.3838.0529,3.3838,"Nắn, bó bột cột sống",Ngoại khoa,Exclude
2766,03.3838.0530,3.3838,"Nắn, bó bột cột sống",Ngoại khoa,Exclude
2767,03.3839.0517,3.3839,"Nắn, bó bột trật khớp vai",Ngoại khoa,Exclude
2768,03.3839.0518,3.3839,"Nắn, bó bột trật khớp vai",Ngoại khoa,Exclude
2769,03.3841.0528,3.3841,"Nắn, bó bột gẫy 1/3 trên thân xương cánh tay",Ngoại khoa,Exclude
2770,03.3841.0527,3.3841,"Nắn, bó bột gẫy 1/3 trên thân xương cánh tay",Ngoại khoa,Exclude
2771,03.3842.0527,3.3842,"Nắn, bó bột gẫy 1/3 giữa thân xương cánh tay",Ngoại khoa,Exclude
2772,03.3842.0528,3.3842,"Nắn, bó bột gẫy 1/3 giữa thân xương cánh tay",Ngoại khoa,Exclude
2773,03.3843.0528,3.3843,"Nắn, bó bột gẫy 1/3 dưới thân xương cánh tay",Ngoại khoa,Exclude
2774,03.3843.0527,3.3843,"Nắn, bó bột gẫy 1/3 dưới thân xương cánh tay",Ngoại khoa,Exclude
2775,03.3844.0515,3.3844,"Nắn, bó bột trật khớp khuỷu",Ngoại khoa,Exclude
2776,03.3844.0516,3.3844,"Nắn, bó bột trật khớp khuỷu",Ngoại khoa,Exclude
2777,03.3845.0515,3.3845,Nắn bó bột gãy và trật khớp khuỷu,Ngoại khoa,Exclude
2778,03.3845.0516,3.3845,Nắn bó bột gãy và trật khớp khuỷu,Ngoại khoa,Exclude
2779,03.3846.0515,3.3846,"Nắn, bó bột bong sụn tiếp khớp khuỷu, khớp cổ tay",Ngoại khoa,Exclude
2780,03.3846.0516,3.3846,"Nắn, bó bột bong sụn tiếp khớp khuỷu, khớp cổ tay",Ngoại khoa,Exclude
2781,03.3847.0527,3.3847,"Nắn, bó bột gãy cổ xương cánh tay",Ngoại khoa,Exclude
2782,03.3847.0528,3.3847,"Nắn, bó bột gãy cổ xương cánh tay",Ngoại khoa,Exclude
2783,03.3848.0527,3.3848,"Nắn, bó bột gãy trên lồi cầu xương cánh tay trẻ em độ 3 và độ 1V",Ngoại khoa,Exclude
2784,03.3848.0528,3.3848,"Nắn, bó bột gãy trên lồi cầu xương cánh tay trẻ em độ 3 và độ 1V",Ngoại khoa,Exclude
2785,03.3849.0521,3.3849,"Nắn, bó bột gãy 1/3 trên hai xương cẳng tay",Ngoại khoa,Exclude
2786,03.3849.0522,3.3849,"Nắn, bó bột gãy 1/3 trên hai xương cẳng tay",Ngoại khoa,Exclude
2787,03.3850.0521,3.3850,"Nắn, bó bột gãy 1/3 giữa hai xương cẳng tay",Ngoại khoa,Exclude
2788,03.3850.0522,3.3850,"Nắn, bó bột gãy 1/3 giữa hai xương cẳng tay",Ngoại khoa,Exclude
2789,03.3851.0521,3.3851,"Nắn, bó bột gãy 1/3 dưới hai xương cẳng tay",Ngoại khoa,Exclude
2790,03.3851.0522,3.3851,"Nắn, bó bột gãy 1/3 dưới hai xương cẳng tay",Ngoại khoa,Exclude
2791,03.3852.0521,3.3852,"Nắn, bó bột gãy một xương cẳng tay",Ngoại khoa,Exclude
2792,03.3852.0522,3.3852,"Nắn, bó bột gãy một xương cẳng tay",Ngoại khoa,Exclude
2793,03.3853.0521,3.3853,"Nắn, bó bột gãy Pouteau-Colles",Ngoại khoa,Exclude
2794,03.3853.0522,3.3853,"Nắn, bó bột gãy Pouteau-Colles",Ngoại khoa,Exclude
2795,03.3854.0519,3.3854,"Nắn, bó bột gãy xương bàn, ngón tay",Ngoại khoa,Exclude
2796,03.3854.0520,3.3854,"Nắn, bó bột gãy xương bàn, ngón tay",Ngoại khoa,Exclude
2797,03.3855.0511,3.3855,"Nắn, bó bột trật khớp háng",Ngoại khoa,Exclude
2798,03.3855.0512,3.3855,"Nắn, bó bột trật khớp háng",Ngoại khoa,Exclude
2799,03.3856.0513,3.3856,"Nắn, bó bột trong bong sụn tiếp khớp gối, khớp háng",Ngoại khoa,Exclude
2800,03.3856.0514,3.3856,"Nắn, bó bột trong bong sụn tiếp khớp gối, khớp háng",Ngoại khoa,Exclude
2801,03.3857.0525,3.3857,"Nắn, bó bột gãy mâm chày",Ngoại khoa,Exclude
2802,03.3857.0526,3.3857,"Nắn, bó bột gãy mâm chày",Ngoại khoa,Exclude
2803,03.3858.0529,3.3858,"Nắn, bó bột gãy xương chậu",Ngoại khoa,Exclude
2804,03.3858.0530,3.3858,"Nắn, bó bột gãy xương chậu",Ngoại khoa,Exclude
2805,03.3859.0529,3.3859,"Nắn, bó bột gãy cổ xương đùi",Ngoại khoa,Exclude
2806,03.3859.0530,3.3859,"Nắn, bó bột gãy cổ xương đùi",Ngoại khoa,Exclude
2807,03.3860.0512,3.3860,"Nắn, cố định trật khớp háng không có chỉ định phẫu thuật",Ngoại khoa,Exclude
2808,03.3860.0511,3.3860,"Nắn, cố định trật khớp háng không có chỉ định phẫu thuật",Ngoại khoa,Exclude
2809,03.3861.0529,3.3861,"Nắn, bó bột gãy lồi cầu xương đùi",Ngoại khoa,Exclude
2810,03.3861.0530,3.3861,"Nắn, bó bột gãy lồi cầu xương đùi",Ngoại khoa,Exclude
2811,03.3862.0533,3.3862,Bó bột ống trong gãy xương bánh chè,Ngoại khoa,Exclude
2812,03.3863.0513,3.3863,"Nắn, bó bột trật khớp gối",Ngoại khoa,Exclude
2813,03.3863.0514,3.3863,"Nắn, bó bột trật khớp gối",Ngoại khoa,Exclude
2814,03.3864.0525,3.3864,"Nắn, bó bột gãy 1/3 trên hai xương cẳng chân",Ngoại khoa,Exclude
2815,03.3864.0526,3.3864,"Nắn, bó bột gãy 1/3 trên hai xương cẳng chân",Ngoại khoa,Exclude
2816,03.3865.0525,3.3865,"Nắn, bó bột gãy 1/3 giữa hai xương cẳng chân",Ngoại khoa,Exclude
2817,03.3865.0526,3.3865,"Nắn, bó bột gãy 1/3 giữa hai xương cẳng chân",Ngoại khoa,Exclude
2818,03.3866.0525,3.3866,"Nắn, bó bột gãy 1/3 dưới hai xương cẳng chân",Ngoại khoa,Exclude
2819,03.3866.0526,3.3866,"Nắn, bó bột gãy 1/3 dưới hai xương cẳng chân",Ngoại khoa,Exclude
2820,03.3867.0525,3.3867,"Nắn, bó bột gãy xương chày",Ngoại khoa,Exclude
2821,03.3867.0526,3.3867,"Nắn, bó bột gãy xương chày",Ngoại khoa,Exclude
2822,03.3868.0526,3.3868,"Nắn, bó bột gãy Dupuytren",Ngoại khoa,Exclude
2823,03.3868.0525,3.3868,"Nắn, bó bột gãy Dupuytren",Ngoại khoa,Exclude
2824,03.3869.0522,3.3869,"Nắn, bó bột gãy Monteggia",Ngoại khoa,Exclude
2825,03.3869.0521,3.3869,"Nắn, bó bột gãy Monteggia",Ngoại khoa,Exclude
2826,03.3870.0519,3.3870,"Nắn, bó bột gãy xương bàn chân",Ngoại khoa,Exclude
2827,03.3870.0520,3.3870,"Nắn, bó bột gãy xương bàn chân",Ngoại khoa,Exclude
2828,03.3871.0532,3.3871,"Nắn, bó bột gẫy xương gót",Ngoại khoa,Exclude
2829,03.3872.0519,3.3872,"Nắn, bó bột gãy xương ngón chân",Ngoại khoa,Exclude
2830,03.3872.0520,3.3872,"Nắn, bó bột gãy xương ngón chân",Ngoại khoa,Exclude
2831,03.3873.0515,3.3873,"Nắn, bó bột trật khớp xương đòn",Ngoại khoa,Exclude
2832,03.3873.0516,3.3873,"Nắn, bó bột trật khớp xương đòn",Ngoại khoa,Exclude
2833,03.3874.0515,3.3874,"Nắn, cố định trật khớp hàm",Ngoại khoa,Exclude
2834,03.3874.0516,3.3874,"Nắn, cố định trật khớp hàm",Ngoại khoa,Exclude
2835,03.3875.0513,3.3875,"Nắn, bó bột trật khớp cổ chân",Ngoại khoa,Exclude
2836,03.3875.0514,3.3875,"Nắn, bó bột trật khớp cổ chân",Ngoại khoa,Exclude
2837,03.3879.0407,3.3879,Cắt u máu trong xương,Ngoại khoa,Exclude
2838,03.3880.0548,3.3880,Bắt vít qua khớp,Ngoại khoa,Exclude
2839,03.3882.0568,3.3882,Tạo hình thân đốt sống qua da bằng đổ cement,Ngoại khoa,Exclude
2840,03.3883.0555,3.3883,Phẫu thuật kéo dài chi,Ngoại khoa,Exclude
2841,03.3884.0573,3.3884,Đục nạo xương viêm và chuyển vạt che phủ,Ngoại khoa,Exclude
2842,03.3886.0553,3.3886,Ghép trong mất đoạn xương,Ngoại khoa,Exclude
2843,03.3887.0556,3.3887,"Phẫu thuật điều trị can lệch, có kết hợp xương",Ngoại khoa,Exclude
2844,03.3889.0556,3.3889,Kết hợp xương bằng đinh Sign không mở ổ gãy,Ngoại khoa,Exclude
2845,03.3892.0553,3.3892,Gia cố xương bằng vật liệu nhân tạo,Ngoại khoa,Exclude
2846,03.3894.0573,3.3894,"Chuyển xoay vạt da, cơ ghép có cuống mạch liền không nối",Ngoại khoa,Exclude
2847,03.3896.0344,3.3896,Phẫu thuật giải áp thần kinh ngoại biên,Da liễu,Exclude
2848,03.3900.0563,3.3900,Rút nẹp vít và các dụng cụ khác sau phẫu thuật,Ngoại khoa,Exclude
2849,03.3901.0563,3.3901,Rút đinh các loại,Ngoại khoa,Exclude
2850,03.3905.0563,3.3905,Rút chỉ thép xương ức,Ngoại khoa,Exclude
2851,03.3907.0573,3.3907,Chuyển xoay vạt da ghép có cuống mạch liền không nối,Ngoại khoa,Exclude
2852,03.3908.0573,3.3908,Tạo hình bằng các vạt tự do đa dạng đơn giản,Ngoại khoa,Exclude
2853,03.3909.0505,3.3909,Chích rạch áp xe nhỏ,Ngoại khoa,Exclude
2854,03.3910.0505,3.3910,Chích hạch viêm mủ,Ngoại khoa,Exclude
2855,03.3911.0200,3.3911,"Thay băng, cắt chỉ",Các thủ thuật và dịch vụ Nội soi,Exclude
2856,03.3911.0201,3.3911,"Thay băng, cắt chỉ",Các thủ thuật và dịch vụ Nội soi,Exclude
2857,03.3911.0202,3.3911,"Thay băng, cắt chỉ",Các thủ thuật và dịch vụ Nội soi,Exclude
2858,03.3911.0203,3.3911,"Thay băng, cắt chỉ",Các thủ thuật và dịch vụ Nội soi,Exclude
2859,03.3911.0204,3.3911,"Thay băng, cắt chỉ",Các thủ thuật và dịch vụ Nội soi,Exclude
2860,03.3911.0205,3.3911,"Thay băng, cắt chỉ",Các thủ thuật và dịch vụ Nội soi,Exclude
2861,03.3913.1048,3.3913,Cắt nang giáp móng,Răng Hàm Mặt,Exclude
2862,03.3917.0980,3.3917,Cắt rò xoang lê,Tai Mũi Họng,Exclude
2863,03.3919.0491,3.3919,"Phẫu thuật lấy dị vật lồng ngực, ổ bụng",Ngoại khoa,Exclude
2864,03.3919.0400,3.3919,"Phẫu thuật lấy dị vật lồng ngực, ổ bụng",Ngoại khoa,Exclude
2865,03.3927.0973,3.3927,Phẫu thuật nội soi lấy u nền sọ,Tai Mũi Họng,Exclude
2866,03.3928.0973,3.3928,Phẫu thuật nội soi điều trị rò dịch não tuỷ nền sọ,Tai Mũi Họng,Exclude
2867,03.3929.0973,3.3929,Phẫu thuật nội soi điều trị thoát vị nền sọ,Tai Mũi Họng,Exclude
2868,03.3930.0358,3.3930,Phẫu thuật nội soi cắt 1 thuỳ tuyến giáp trong bướu giáp nhân,Nội tiết,Exclude
2869,03.3930.0357,3.3930,Phẫu thuật nội soi cắt 1 thuỳ tuyến giáp trong bướu giáp nhân,Nội tiết,Exclude
2870,03.3931.0358,3.3931,Phẫu thuật nội soi cắt 1 thuỳ tuyến giáp trong bướu giáp nhân độc,Nội tiết,Exclude
2871,03.3931.0357,3.3931,Phẫu thuật nội soi cắt 1 thuỳ tuyến giáp trong bướu giáp nhân độc,Nội tiết,Exclude
2872,03.3935.0375,3.3935,Phẫu thuật nội soi tuyến yên qua đường xương bướm,Ngoại khoa,Exclude
2873,03.3937.0358,3.3937,Phẫu thuật nội soi cắt nhân độc tuyến giáp,Nội tiết,Exclude
2874,03.3937.0357,3.3937,Phẫu thuật nội soi cắt nhân độc tuyến giáp,Nội tiết,Exclude
2875,03.3938.0365,3.3938,Phẫu thuật nội soi cắt bán phần 2 thuỳ tuyến giáp trong bướu giáp đa nhân,Nội tiết,Exclude
2876,03.3939.0365,3.3939,Phẫu thuật nội soi cắt bán phần 2 thuỳ tuyến giáp trong bướu giáp đa nhân độc,Nội tiết,Exclude
2877,03.3940.0365,3.3940,Phẫu thuật nội soi cắt toàn bộ tuyến giáp trong bướu giáp đa nhân,Nội tiết,Exclude
2878,03.3940.0357,3.3940,Phẫu thuật nội soi cắt toàn bộ tuyến giáp trong bướu giáp đa nhân,Nội tiết,Exclude
2879,03.3941.0365,3.3941,Phẫu thuật nội soi cắt toàn bộ tuyến giáp trong bướu giáp đa nhân độc,Nội tiết,Exclude
2880,03.3941.0357,3.3941,Phẫu thuật nội soi cắt toàn bộ tuyến giáp trong bướu giáp đa nhân độc,Nội tiết,Exclude
2881,03.3942.0365,3.3942,Phẫu thuật nội soi cắt toàn bộ tuyến giáp trong ung thư tuyến giáp,Nội tiết,Exclude
2882,03.3943.0358,3.3943,Phẫu thuật nội soi cắt gần toàn bộ tuyến giáp trong bệnh basedow,Nội tiết,Exclude
2883,03.3943.0357,3.3943,Phẫu thuật nội soi cắt gần toàn bộ tuyến giáp trong bệnh basedow,Nội tiết,Exclude
2884,03.3946.0961,3.3946,Phẫu thuật nội soi mũi xoang cắt u xoang bướm,Tai Mũi Họng,Exclude
2885,03.3947.0963,3.3947,Phẫu thuật nội soi cắt u xơ vòm mũi họng,Tai Mũi Họng,Exclude
2886,03.3951.0873,3.3951,Phẫu thuật nội soi cắt dây thần kinh Vidien,Tai Mũi Họng,Exclude
2887,03.3955.0970,3.3955,Phẫu thuật nội soi chỉnh hình vách ngăn mũi,Tai Mũi Họng,Exclude
2888,03.3956.0969,3.3956,Phẫu thuật nội soi chỉnh hình cuốn dưới,Tai Mũi Họng,Exclude
2889,03.3957.0975,3.3957,Phẫu thuật nội soi mũi xoang dẫn lưu u nhầy,Tai Mũi Họng,Exclude
2890,03.3958.0969,3.3958,Phẫu thuật nội soi cuốn giữa và cuốn dưới,Tai Mũi Họng,Exclude
2891,03.3959.0918,3.3959,"Phẫu thuật nội soi mở sàng-hàm, cắt polyp mũi",Tai Mũi Họng,Exclude
2892,03.3960.0970,3.3960,Phẫu thuật nội soi chỉnh hình vách ngăn,Tai Mũi Họng,Exclude
2893,03.3961.0958,3.3961,Phẫu thuật nội soi nạo V.A,Tai Mũi Họng,Exclude
2894,03.3969.0413,3.3969,Phẫu thuật nội soi cắt một phân thùy phổi,Ngoại khoa,Exclude
2895,03.3970.0413,3.3970,"Phẫu thuật nội soi cắt kén, nang phổi",Ngoại khoa,Exclude
2896,03.3974.0447,3.3974,Phẫu thuật nội soi điều tri thực quản đôi,Ngoại khoa,Exclude
2897,03.3975.0412,3.3975,Phẫu thuật nội soi cắt u trung thất,Ngoại khoa,Exclude
2898,03.3979.0443,3.3979,Phẫu thuật nội soi lồng ngực điều trị teo thực quản: nối ngay,Ngoại khoa,Exclude
2899,03.3980.0447,3.3980,Phẫu thuật nội soi lồng ngực điều trị rò khí-thực quản,Ngoại khoa,Exclude
2900,03.3981.0443,3.3981,Phẫu thuật nội soi lồng ngực cắt nối thực quản điều trị hẹp thực quản,Ngoại khoa,Exclude
2901,03.3999.0445,3.3999,Phẫu thuật nội soi chống trào ngược dạ dày thực quản,Ngoại khoa,Exclude
2902,03.4000.0443,3.4000,Phẫu thuật nội soi cắt thực quản do bệnh lành tính qua nội soi ngực-bụng,Ngoại khoa,Exclude
2903,03.4001.0447,3.4001,Phẫu thuật nội soi tạo hình thực quản bằng dạ dày,Ngoại khoa,Exclude
2904,03.4002.0447,3.4002,Phẫu thuật nội soi tạo hình thực quản bằng đại tràng,Ngoại khoa,Exclude
2905,03.4003.0450,3.4003,"Phẫu thuật nội soi điều trị ống tiêu hoá đôi (dạ dày, ruột)",Ngoại khoa,Exclude
2906,03.4004.0457,3.4004,Phẫu thuật nội soi điều trị tắc tá tràng,Ngoại khoa,Exclude
2907,03.4005.0457,3.4005,Phẫu thuật nội soi điều trị xoắn trung tràng,Ngoại khoa,Exclude
2908,03.4007.0457,3.4007,Phẫu thuật nội soi điều trị tắc ruột phân su,Ngoại khoa,Exclude
2909,03.4009.0457,3.4009,Phẫu thuật nội soi điều trị lồng ruột,Ngoại khoa,Exclude
2910,03.4011.0490,3.4011,Phẫu thuật nội soi cắt u nang mạc nối lớn,Ngoại khoa,Exclude
2911,03.4012.0467,3.4012,"Phẫu thuật nội soi cắt hạ phân thuỳ gan, u gan nhỏ",Ngoại khoa,Exclude
2912,03.4013.0470,3.4013,Phẫu thuật nội soi điều trị apxe gan,Ngoại khoa,Exclude
2913,03.4014.0470,3.4014,Phẫu thuật nội soi điều trị nang gan đơn thuần,Ngoại khoa,Exclude
2914,03.4016.0485,3.4016,Phẫu thuật nội soi cắt lách,Ngoại khoa,Exclude
2915,03.4020.0477,3.4020,"Phẫu thuật nội soi cắt nang ống mật chủ, nối ống gan chung-ruột",Ngoại khoa,Exclude
2916,03.4021.0473,3.4021,Phẫu thuật nội soi cắt túi mật,Ngoại khoa,Exclude
2917,03.4022.0476,3.4022,"Phẫu thuật nội soi cắt túi mật, mở ống mật chủ lấy sỏi, đặt dẫn lưu Kehr",Ngoại khoa,Exclude
2918,03.4023.0478,3.4023,Phẫu thuật nội soi dẫn lưu túi mật/đường mật ngoài gan,Ngoại khoa,Exclude
2919,03.4024.0477,3.4024,Phẫu thuật nội soi điều trị teo mật,Ngoại khoa,Exclude
2920,03.4026.0502,3.4026,Phẫu thuật nội soi mở thông dạ dày,Ngoại khoa,Exclude
2921,03.4027.0452,3.4027,Phẫu thuật nội soi cắt dây thần kinh X,Ngoại khoa,Exclude
2922,03.4028.0445,3.4028,Phẫu thuật nội soi kỹ thuật Heller điều trị co thắt tâm vị,Ngoại khoa,Exclude
2923,03.4030.0450,3.4030,Phẫu thuật nội soi điều trị xoắn dạ dày có kèm cắt dạ dày,Ngoại khoa,Exclude
2924,03.4031.0450,3.4031,Phẫu thuật nội soi cắt toàn bộ dạ dày,Ngoại khoa,Exclude
2925,03.4032.0450,3.4032,Phẫu thuật nội soi cắt 2/3 dạ dày,Ngoại khoa,Exclude
2926,03.4033.0450,3.4033,Phẫu thuật nội soi cắt 3/4 dạ dày,Ngoại khoa,Exclude
2927,03.4034.0450,3.4034,Phẫu thuật nội soi cắt bán phần dạ dày cực dưới do ung thư kèm vét hạch hệ thống,Ngoại khoa,Exclude
2928,03.4035.0450,3.4035,"Phẫu thuật nội soi cắt toàn bộ dạ dày, vét hạch hệ thống",Ngoại khoa,Exclude
2929,03.4036.0457,3.4036,Phẫu thuật nội soi cắt toàn bộ đại tràng,Ngoại khoa,Exclude
2930,03.4037.0463,3.4037,Phẫu thuật nội soi cắt đoạn trực tràng do ung thư,Ngoại khoa,Exclude
2931,03.4038.0457,3.4038,"Phẫu thuật nội soi cắt cụt trực tràng đường bụng, đường tầng sinh môn",Ngoại khoa,Exclude
2932,03.4039.0457,3.4039,Phẫu thuật nội soi cắt trực tràng giữ lại cơ tròn,Ngoại khoa,Exclude
2933,03.4040.0457,3.4040,Phẫu thuật nội soi cắt đoạn đại tràng,Ngoại khoa,Exclude
2934,03.4041.0457,3.4041,"Phẫu thuật nội soi cắt đoạn đại tràng ngang, đại tràng sigma nối ngay",Ngoại khoa,Exclude
2935,03.4042.0457,3.4042,Phẫu thuật nội soi cắt một nửa đại tràng phải hoặc trái,Ngoại khoa,Exclude
2936,03.4044.0419,3.4044,Phẫu thuật nội soi cắt u sau phúc mạc,Ngoại khoa,Exclude
2937,03.4045.0457,3.4045,Phẫu thuật nội soi cắt u mạc treo có cắt ruột,Ngoại khoa,Exclude
2938,03.4046.0490,3.4046,Phẫu thuật nội soi cắt u mạc treo không cắt ruột,Ngoại khoa,Exclude
2939,03.4047.0443,3.4047,"Phẫu thuật nội soi cắt toàn bộ thực quản do ung thư, tạo hình thực quản",Ngoại khoa,Exclude
2940,03.4048.0457,3.4048,Phẫu thuật nội soi phình đại tràng bẩm sinh trẻ lớn,Ngoại khoa,Exclude
2941,03.4049.0457,3.4049,Phẫu thuật nội soi phình đại tràng bẩm sinh trẻ sơ sinh,Ngoại khoa,Exclude
2942,03.4050.0457,3.4050,"Cắt đoạn đại tràng nội soi, nối tay",Ngoại khoa,Exclude
2943,03.4051.0457,3.4051,"Cắt đại trực tràng nội soi, nối máy",Ngoại khoa,Exclude
2944,03.4052.0457,3.4052,Phẫu thuật nôi soi vỡ đại tràng,Ngoại khoa,Exclude
2945,03.4054.0457,3.4054,Phẫu thuật nội soi cắt đại tràng chậu hông điều trị sa đại tràng chậu hông (Sigmoidocele),Ngoại khoa,Exclude
2946,03.4055.0457,3.4055,Phẫu thuật nội soi cắt trực tràng cao,Ngoại khoa,Exclude
2947,03.4056.0457,3.4056,Phẫu thuật nội soi cắt trực tràng + tầng sinh môn (PT milor),Ngoại khoa,Exclude
2948,03.4057.0457,3.4057,Phẫu thuật nội soi u bóng trực tràng/ dị dạng hậu môn,Ngoại khoa,Exclude
2949,03.4059.0457,3.4059,Phẫu thuật nội soi cắt trực tràng nối mỏy qua nội soi ổ bụng,Ngoại khoa,Exclude
2950,03.4060.0463,3.4060,Phẫu thuật Miles qua nội soi,Ngoại khoa,Exclude
2951,03.4061.0457,3.4061,Phẫu thuật nội soi cắt trực tràng + bảo tồn cơ thắt,Ngoại khoa,Exclude
2952,03.4062.0461,3.4062,Phẫu thuật nội soi hạ búng trực tràng + tạo hình hậu môn/ dị dạng 1 thì,Ngoại khoa,Exclude
2953,03.4064.0462,3.4064,Phẫu thuật nội soi sa trực tràng,Ngoại khoa,Exclude
2954,03.4065.0462,3.4065,Phẫu thuật nội soi khõu treo trực tràng điêu trị sa trực tràng,Ngoại khoa,Exclude
2955,03.4068.0451,3.4068,Phẫu thuật nội soi khâu thủng dạ dày,Ngoại khoa,Exclude
2956,03.4071.2039,3.4071,Phẫu thuật nội soi cắt ruột thừa,Ngoại khoa,Exclude
2957,03.4074.0457,3.4074,Phẫu thuật nội soi vỡ ruột trong chấn thương bụng kín,Ngoại khoa,Exclude
2958,03.4075.0457,3.4075,Phẫu thuật nội soi lỗ thủng ruột do bệnh lý hoặc vết thương bụng,Ngoại khoa,Exclude
2959,03.4076.0451,3.4076,Phẫu thuật nội soi điều trị thủng tạng rỗng (trong chấn thương bụng),Ngoại khoa,Exclude
2960,03.4077.0457,3.4077,Phẫu thuật nội soi tắc ruột do dây chằng,Ngoại khoa,Exclude
2961,03.4078.0451,3.4078,Phẫu thuật nội soi viêm phúc mạc ruột thừa,Ngoại khoa,Exclude
2962,03.4079.0457,3.4079,Phẫu thuật nội soi cắt túi thừa Meckel,Ngoại khoa,Exclude
2963,03.4080.0457,3.4080,Phẫu thuật nội soi cắt ruột non,Ngoại khoa,Exclude
2964,03.4083.0419,3.4083,Phẫu thuật nội soi cắt thận,Ngoại khoa,Exclude
2965,03.4085.0419,3.4085,Phẫu thuật nội soi cắt đơn vị thận không chức năng với niệu quản lạc chỗ trong thận niệu quản đôi,Ngoại khoa,Exclude
2966,03.4086.0419,3.4086,Cắt thận bệnh lý lành tính nội soi qua phúc mạc,Ngoại khoa,Exclude
2967,03.4087.0419,3.4087,Cắt thận bệnh lý lành tính nội soi sau phúc mạc,Ngoại khoa,Exclude
2968,03.4088.0420,3.4088,Cắt chỏm nang thận nội soi sau phúc mạc,Ngoại khoa,Exclude
2969,03.4089.0419,3.4089,Cắt eo thận móng ngựa qua nội soi,Ngoại khoa,Exclude
2970,03.4090.0419,3.4090,Cắt thận tận gốc qua nội soi ổ bụng hay mổ mở (bướu wilm),Ngoại khoa,Exclude
2971,03.4095.0418,3.4095,Phẫu thuật nội soi lấy sỏi bể thận qua nội soi sau phúc mạc,Ngoại khoa,Exclude
2972,03.4096.0420,3.4096,Phẫu thuật nội soi qua phúc mạc cắt bỏ tuyến thượng thận 1 bên/2 bên,Ngoại khoa,Exclude
2973,03.4097.0420,3.4097,Phẫu thuật nội soi sau phúc mạc cắt u tuyến thượng thận,Ngoại khoa,Exclude
2974,03.4098.0418,3.4098,Phẫu thuật nội soi lấy sỏi niệu quản đoạn trên qua nội soi sau phúc mạc,Ngoại khoa,Exclude
2975,03.4103.0440,3.4103,Điều trị sỏi thận bằng phương pháp nội soi ngược dòng bằng ống soi mềm + tán sỏi bằng laser,Ngoại khoa,Exclude
2976,03.4106.0436,3.4106,Nội soi đặt sonde JJ,Ngoại khoa,Exclude
2977,03.4107.0152,3.4107,Nội soi tháo sonde JJ,Các thủ thuật và dịch vụ Nội soi,Exclude
2978,03.4108.0440,3.4108,Tán sỏi niệu quản đoạn giữa và dưới qua nội soi niệu quản ngược dòng bằng ống cứng và máy tán hơi,Ngoại khoa,Exclude
2979,03.4109.0440,3.4109,Tán sỏi niệu quản qua nội soi,Ngoại khoa,Exclude
2980,03.4112.0427,3.4112,Phẫu thuật nội soi cắt bàng quang,Ngoại khoa,Exclude
2981,03.4114.0426,3.4114,Nội soi cắt u bàng quang,Ngoại khoa,Exclude
2982,03.4115.0426,3.4115,Nội soi cắt u bàng quang tái phát,Ngoại khoa,Exclude
2983,03.4116.0418,3.4116,Nội soi lấy sỏi bàng quang,Ngoại khoa,Exclude
2984,03.4119.0440,3.4119,Bóp sỏi bàng quang qua nội soi (bóp sỏi cơ học),Ngoại khoa,Exclude
2985,03.4120.0423,3.4120,Phẫu thuật nội soi điều trị túi sa niệu quản trong bàng quang,Ngoại khoa,Exclude
2986,03.4121.0433,3.4121,Phẫu thuật nội soi cắt toàn bộ tuyến tiền liệt,Ngoại khoa,Exclude
2987,03.4122.0435,3.4122,Phẫu thuật nội soi cắt tinh hoàn ẩn trong ổ bụng,Ngoại khoa,Exclude
2988,03.4123.0691,3.4123,Phẫu thuật nội soi cắt tử cung hoàn toàn và vét hạch chậu 2 bên,Phụ Sản,Exclude
2989,03.4124.0701,3.4124,Phẫu thuật nội soi vét hạch tiểu khung,Phụ Sản,Exclude
2990,03.4131.0691,3.4131,Phẫu thuật nội soi cắt tử cung hoàn toàn + 2 phần phụ + vét hạch chậu 2 bên,Phụ Sản,Exclude
2991,03.4132.0692,3.4132,Phẫu thuật nội soi cắt ung thư buồng trứng kèm cắt tử cung hoàn toàn + 2 phần phụ + mạc nối lớn,Phụ Sản,Exclude
2992,03.4133.0702,3.4133,"Phẫu thuật nội soi xử trí viêm phúc mạc tiểu khung, viêm phần phụ, ứ mủ vòi trứng",Phụ Sản,Exclude
2993,03.4134.0690,3.4134,Phẫu thuật nội soi cắt tử cung bán phần,Phụ Sản,Exclude
2994,03.4135.0690,3.4135,Phẫu thuật nội soi cắt tử cung toàn phần,Phụ Sản,Exclude
2995,03.4136.0689,3.4136,Phẫu thuật nội soi bóc u lạc nội mạc buồng trứng,Phụ Sản,Exclude
2996,03.4137.0689,3.4137,Phẫu thuật nội soi cắt phần phụ,Phụ Sản,Exclude
2997,03.4138.0148,3.4138,"Nội soi niệu đạo, bàng quang chẩn đoán",Các thủ thuật và dịch vụ Nội soi,Exclude
2998,03.4139.0689,3.4139,Phẫu thuật nội soi điều trị buồng trứng bị xoắn,Phụ Sản,Exclude
2999,03.4140.0689,3.4140,Phẫu thuật nội soi cắt u nang buồng trứng,Phụ Sản,Exclude
3000,03.4141.0689,3.4141,Phẫu thuật nội soi cắt u buồng trứng và phần phụ,Phụ Sản,Exclude
3001,03.4142.0344,3.4142,Phẫu thuật nội soi hội chứng ống cổ tay,Da liễu,Exclude
3002,03.4143.0541,3.4143,Phẫu thuật nội soi ghép sụn xương điều trị tổn thương sụn khớp gối,Ngoại khoa,Exclude
3003,03.4144.0541,3.4144,Phẫu thuật nội soi điều trị khớp cổ chân đến muộn,Ngoại khoa,Exclude
3004,03.4145.0542,3.4145,Tái tạo dây chằng khớp gối qua nội soi,Ngoại khoa,Exclude
3005,03.4146.0541,3.4146,Phẫu thuật nội soi khớp cổ chân điều trị đau mãn tính sau chấn thương,Ngoại khoa,Exclude
3006,03.4149.0550,3.4149,Phẫu thuật nội soi điều trị xơ hoá cơ ức đòn chũm,Ngoại khoa,Exclude
3007,03.4150.0541,3.4150,Phẫu thuật nội soi điều trị cứng khớp cổ chân,Ngoại khoa,Exclude
3008,03.4151.0541,3.4151,Phẫu thuật nội soi hàn cứng khớp cổ chân,Ngoại khoa,Exclude
3009,03.4152.0541,3.4152,Phẫu thuật nội soi điều trị mất vững khớp vai,Ngoại khoa,Exclude
3010,03.4153.0541,3.4153,Phẫu thuật nội soi điều trị thoái hoá khớp cổ chân,Ngoại khoa,Exclude
3011,03.4154.0541,3.4154,Phẫu thuật nội soi khớp cổ chân,Ngoại khoa,Exclude
3012,03.4155.0542,3.4155,Phẫu thuật nội soi khớp gối tạo dây chằng chéo trước endo-button,Ngoại khoa,Exclude
3013,03.4156.0541,3.4156,Phẫu thuật nội soi cắt lọc khâu rách chóp xoay qua nội soi khớp vai,Ngoại khoa,Exclude
3014,03.4157.1205,3.4157,Phẫu thuật nội soi có Robot,Phẫu thuật Nội soi,Exclude
3015,03.4157.1206,3.4157,Phẫu thuật nội soi có Robot,Phẫu thuật Nội soi,Exclude
3016,03.4157.1207,3.4157,Phẫu thuật nội soi có Robot,Phẫu thuật Nội soi,Exclude
3017,03.4157.1208,3.4157,Phẫu thuật nội soi có Robot,Phẫu thuật Nội soi,Exclude
3018,03.4159.0962,3.4159,Phẫu thuật nội soi cắt bỏ u mạch máu vùng đầu cổ,Tai Mũi Họng,Exclude
3019,03.4160.0965,3.4160,Phẫu thuật nội soi cắt u nang hạ họng thanh quản,Tai Mũi Họng,Exclude
3020,03.4161.0968,3.4161,Phẫu thuật nội soi cắt u nhú đảo ngược vùng mũi xoang,Tai Mũi Họng,Exclude
3021,03.4162.0965,3.4162,Phẫu thuật nội soi cắt u nang hạ họng-thanh quản,Tai Mũi Họng,Exclude
3022,03.4163.0357,3.4163,Phẫu thuật nội soi cắt toàn bộ tuyến giáp do ung thư tuyến giáp,Nội tiết,Exclude
3023,03.4163.0358,3.4163,Phẫu thuật nội soi cắt toàn bộ tuyến giáp do ung thư tuyến giáp,Nội tiết,Exclude
3024,03.4165.0918,3.4165,"Phẫu thuật nội soi cắt u nhú tai, mũi, họng",Tai Mũi Họng,Exclude
3025,03.4165.0919,3.4165,"Phẫu thuật nội soi cắt u nhú tai, mũi, họng",Tai Mũi Họng,Exclude
3026,03.4175.0292,3.4175,Chạy máy ECMO mỗi 12h/lần,Hồi sức cấp cứu và Chống độc,Exclude
3027,03.4176.0292,3.4176,Hỗ trợ hô hấp bằng màng trao đổi oxy ngoài cơ thể (ECMO),Hồi sức cấp cứu và Chống độc,Exclude
3028,03.4177.0292,3.4177,Hỗ trợ hô hấp- tuần hoàn bằng màng trao đổi oxy ngoài cơ thể (ECMO),Hồi sức cấp cứu và Chống độc,Exclude
3029,03.4178.0230,3.4178,Điện nhĩ châm điều trị rối loạn đại tiện,Y học dân tộc và Phục hồi chức năng,Exclude
3030,03.4179.0230,3.4179,Điện nhĩ châm điều trị sa trực tràng,Y học dân tộc và Phục hồi chức năng,Exclude
3031,03.4180.0230,3.4180,Điện nhĩ châm điều trị táo bón,Y học dân tộc và Phục hồi chức năng,Exclude
3032,03.4181.0227,3.4181,Cấy chỉ điều trị sa trực tràng,Y học dân tộc và Phục hồi chức năng,Exclude
3033,03.4182.0230,3.4182,Điện châm điều trị sa trực tràng,Y học dân tộc và Phục hồi chức năng,Exclude
3034,03.4183.0271,3.4183,Thủy châm điều trị sa trực tràng,Y học dân tộc và Phục hồi chức năng,Exclude
3035,03.4185.1894,3.4185,Gây mê đặt canuyn ECMO,Gây mê,Exclude
3036,03.4186.1894,3.4186,Gây mê rút canuyn ECMO,Gây mê,Exclude
3037,03.4190.0192,3.4190,Tạo nhịp tim qua da,,Exclude
3038,03.4194.0312,3.4194,Test lẩy da với các dị nguyên hô hấp,Nội khoa,Exclude
3039,03.4195.0312,3.4195,Test lẩy da với các dị nguyên thức ăn,Nội khoa,Exclude
3040,03.4196.0312,3.4196,Test lẩy da với các dị nguyên sữa,Nội khoa,Exclude
3041,03.4207.0302,3.4207,Giảm mẫn cảm với thuốc tiêm,Nội khoa,Exclude
3042,03.4208.0302,3.4208,Giảm mẫn cảm với thức ăn,Nội khoa,Exclude
3043,03.4209.0302,3.4209,Giảm mẫn cảm với sữa,Nội khoa,Exclude
3044,03.4210.0302,3.4210,Giảm mẫn cảm dưới lưỡi mạt nhà,Nội khoa,Exclude
3045,03.4211.0168,3.4211,Kỹ thuật sinh thiết da,Các thủ thuật và dịch vụ Nội soi,Exclude
3046,03.4212.0076,3.4212,Chăm sóc da cho bn steven jonhson,Các thủ thuật và dịch vụ Nội soi,Exclude
3047,03.4215.0754,3.4215,Đo khúc xạ khách quan,Mắt,Exclude
3048,03.4223.0379,3.4223,Phẫu thuật vi phẫu u não bán cầu,Ngoại khoa,Exclude
3049,03.4224.0380,3.4224,Phẫu thuật vi phẫu u tiểu não,Ngoại khoa,Exclude
3050,03.4225.0378,3.4225,Phẫu thuật vi phẫu u tủy,Ngoại khoa,Exclude
3051,03.4226.0374,3.4226,Phẫu thuật nội soi phá sàn não thất III + sinh thiết u,Ngoại khoa,Exclude
3052,03.4227.0437,3.4227,Phẫu thuật chỉnh hình cong dương vật,Ngoại khoa,Exclude
3053,03.4230.0373,3.4230,Phẫu thuật dẫn lưu dưới màng cứng – màng bụng,Ngoại khoa,Exclude
3054,03.4232.0936,3.4232,Phẫu thuật bóc bao áp xe não,Tai Mũi Họng,Exclude
3055,03.4236.0387,3.4236,Phẫu thuật vi phẫu túi phình động mạch não,Ngoại khoa,Exclude
3056,03.4237.0374,3.4237,Phẫu thuật nội soi phá sàn não thất III,Ngoại khoa,Exclude
3057,03.4238.0374,3.4238,Phẫu thuật nội soi phá sàn não thất III + Đốt đám rối mạch mạc,Ngoại khoa,Exclude
3058,03.4239.0951,3.4239,Tạo hình hộp sọ sau chấn thương,Tai Mũi Họng,Exclude
3059,03.4241.0561,3.4241,Phẫu thuật điều trị hẹp hộp sọ,Ngoại khoa,Exclude
3060,03.4246.0198,3.4246,Tháo bột các loại,Các thủ thuật và dịch vụ Nội soi,Exclude
3061,03.4248.0004,3.4248,Siêu âm tim Doppler,Siêu âm,Exclude
3062,03.4249.0004,3.4249,Siêu âm tim Doppler tại giường,Siêu âm,Exclude
3063,03.4250.0008,3.4250,Siêu âm tim qua đường thực quản,Siêu âm,Exclude
3064,03.4252.0004,3.4252,Siêu âm tim thai qua thành bụng,Siêu âm,Exclude
3065,03.4253.0003,3.4253,Siêu âm tim thai qua đường âm đạo,Siêu âm,Exclude
3066,03.4254.1727,3.4254,Xét nghiệm cặn dư phân,Vi sinh,Exclude
3067,04.0001.0369,4.1,Phẫu thuật giải ép tuỷ trong lao cột sống cổ,Ngoại khoa,Exclude
3068,04.0002.0553,4.2,Phẫu thuật chỉnh hình lao cột sống cổ có ghép xương tự thân,Ngoại khoa,Exclude
3069,04.0003.0566,4.3,Phẫu thuật chỉnh hình lao cột sống cổ có ghép xương và nẹp vít phía trước,Ngoại khoa,Exclude
3070,04.0005.0543,4.5,Phẫu thuật đặt lại khớp háng tư thế xấu do lao,Ngoại khoa,Exclude
3071,04.0006.0547,4.6,Phẫu thuật thay khớp háng do lao,Ngoại khoa,Exclude
3072,04.0006.0545,4.6,Phẫu thuật thay khớp háng do lao,Ngoại khoa,Exclude
3073,04.0007.0551,4.7,Phẫu thuật chỉnh hình khớp gối do lao,Ngoại khoa,Exclude
3074,04.0008.0546,4.8,Phẫu thuật thay khớp gối do lao,Ngoại khoa,Exclude
3075,04.0009.0369,4.9,Phẫu thuật giải ép tuỷ trong lao cột sống ngực,Ngoại khoa,Exclude
3076,04.0010.0369,4.10,Phẫu thuật giải ép tuỷ trong lao cột sống lưng-thắt lưng,Ngoại khoa,Exclude
3077,04.0012.0551,4.12,Phẫu thuật nạo viêm lao xương sườn,Ngoại khoa,Exclude
3078,04.0013.0551,4.13,"Phẫu thuật nạo viêm lao khớp ức sườn, khớp ức đòn",Ngoại khoa,Exclude
3079,04.0014.0551,4.14,Phẫu thuật nạo viêm lao khớp vai,Ngoại khoa,Exclude
3080,04.0015.0551,4.15,Phẫu thuật nạo viêm lao khớp khuỷu,Ngoại khoa,Exclude
3081,04.0016.0551,4.16,Phẫu thuật nạo viêm lao khớp cổ-bàn tay,Ngoại khoa,Exclude
3082,04.0017.0571,4.17,Phẫu thuật nạo viêm lao xương cánh tay,Ngoại khoa,Exclude
3083,04.0018.0571,4.18,Phẫu thuật nạo viêm lao xương cẳng tay,Ngoại khoa,Exclude
3084,04.0019.0571,4.19,Phẫu thuật nạo viêm lao xương đốt bàn-ngón tay,Ngoại khoa,Exclude
3085,04.0020.0551,4.20,Phẫu thuật nạo viêm lao khớp cùng chậu,Ngoại khoa,Exclude
3086,04.0021.0571,4.21,Phẫu thuật nạo viêm lao xương chậu,Ngoại khoa,Exclude
3087,04.0022.0551,4.22,Phẫu thuật nạo viêm lao khớp háng,Ngoại khoa,Exclude
3088,04.0023.0551,4.23,Phẫu thuật nạo viêm lao khớp gối,Ngoại khoa,Exclude
3089,04.0024.0551,4.24,Phẫu thuật nạo viêm lao khớp cổ-bàn chân,Ngoại khoa,Exclude
3090,04.0025.0571,4.25,Phẫu thuật nạo viêm lao xương đùi,Ngoại khoa,Exclude
3091,04.0026.0571,4.26,Phẫu thuật nạo viêm lao xương cẳng chân,Ngoại khoa,Exclude
3092,04.0027.0571,4.27,Phẫu thuật nạo viêm lao xương bàn-ngón chân,Ngoại khoa,Exclude
3093,04.0028.0493,4.28,Phẫu thuật dẫn lưu áp xe lạnh thắt lưng do lao,Ngoại khoa,Exclude
3094,04.0029.0493,4.29,Phẫu thuật dẫn lưu áp xe lạnh hố chậu do lao,Ngoại khoa,Exclude
3095,04.0030.0207,4.30,Bơm rửa ổ lao khớp,Các thủ thuật và dịch vụ Nội soi,Exclude
3096,04.0031.0488,4.31,Phẫu thuật lấy hạch mạc treo trong ổ bụng do lao,Ngoại khoa,Exclude
3097,04.0032.0488,4.32,"Phẫu thuật bóc tách, cắt bỏ hạch lao to vùng cổ",Ngoại khoa,Exclude
3098,04.0033.0488,4.33,"Phẫu thuật bóc tách, cắt bỏ hạch lao to vùng nách",Ngoại khoa,Exclude
3099,04.0034.0488,4.34,"Phẫu thuật bóc tách, cắt bỏ hạch lao to vùng bẹn",Ngoại khoa,Exclude
3100,04.0035.1114,4.35,Phẫu thuật chỉnh hình cắt bỏ sẹo xấu do lao hạch cổ,Bỏng,Exclude
3101,04.0036.1114,4.36,Phẫu thuật chỉnh hình cắt bỏ sẹo xấu do lao thành ngực,Bỏng,Exclude
3102,04.0037.1114,4.37,Phẫu thuật chỉnh hình cắt bỏ sẹo xấu do lao các khớp ngoại biên,Bỏng,Exclude
3103,04.0038.0571,4.38,Phẫu thuật nạo viêm lao thành ngực,Ngoại khoa,Exclude
3104,04.0039.0571,4.39,Phẫu thuật nạo dò hạch lao vùng cổ,Ngoại khoa,Exclude
3105,04.0040.0571,4.40,Phẫu thuật nạo dò hạch lao vùng nách,Ngoại khoa,Exclude
3106,04.0041.0571,4.41,Phẫu thuật nạo dò hạch lao vùng bẹn,Ngoại khoa,Exclude
3107,04.0042.0583,4.42,Phẫu thuật dẫn lưu áp xe lạnh vùng cổ do lao cột sống cổ,Ngoại khoa,Exclude
3108,04.0044.0569,4.44,"Phẫu thuật giải ép tủy, thay thế thân đốt sống nhân tạo và cố định lối trước do lao cột sống cổ",Ngoại khoa,Exclude
3109,04.0045.0567,4.45,"Phẫu thuật giải ép tủy lối trước có ghép xương tự thân và cố định cột sống lối sau do lao cột sống ngực, thắt lưng",Ngoại khoa,Exclude
3110,04.0046.0567,4.46,"Phẫu thuật giải ép tủy lối sau, đặt dụng cụ liên thân đốt (cage) và nẹp vít cố định cột sống ngực, thắt lưng do lao",Ngoại khoa,Exclude
3111,04.0047.0569,4.47,"Phẫu thuật giải ép tủy, thay thế thân đốt sống nhân tạo và nẹp vít cố định lối trước do lao cột sống ngực, thắt lưng",Ngoại khoa,Exclude
3112,04.0048.0569,4.48,"Phẫu thuật giải ép tủy, thay thế thân đốt sống nhân tạo và nẹp vít cố định lối sau do lao cột sống ngực, thắt lưng",Ngoại khoa,Exclude
3113,04.0048.0567,4.48,"Phẫu thuật giải ép tủy, thay thế thân đốt sống nhân tạo và nẹp vít cố định lối sau do lao cột sống ngực, thắt lưng",Ngoại khoa,Exclude
3114,04.0050.0565,4.50,"Phẫu thuật chỉnh hình gù, vẹo do di chứng lao cột sống",Ngoại khoa,Exclude
3115,04.0051.0563,4.51,Phẫu thuật tháo bỏ dụng cụ kết hợp xương do lao cột sống,Ngoại khoa,Exclude
3116,04.0052.0541,4.52,Phẫu thuật nội soi lao khớp vai,Ngoại khoa,Exclude
3117,04.0053.0541,4.53,Phẫu thuật nội soi lao khớp gối,Ngoại khoa,Exclude
3118,04.0054.0541,4.54,Phẫu thuật nội soi lao khớp háng,Ngoại khoa,Exclude
3119,04.0055.0536,4.55,Phẫu thuật thay khớp vai do lao,Ngoại khoa,Exclude
3120,04.0056.0549,4.56,Phẫu thuật hàn cứng khớp gối do lao (Arthrodesis),Ngoại khoa,Exclude
3121,04.0057.0571,4.57,Phẫu thuật nạo viêm lao xương sọ,Ngoại khoa,Exclude
3122,04.0058.0571,4.58,Phẫu thuật nạo viêm lao xương ức,Ngoại khoa,Exclude
3123,09.9000.1894,9.9000,Gây mê khác,Gây mê,Exclude
3124,09.9001.2049,9.9001,Gây mê trong phẫu thuật mắt,,Exclude
3125,09.9002.2050,9.9002,Gây mê trong thủ thuật mắt,,Exclude
3126,09.0028.0099,9.28,Đặt catheter tĩnh mạch cảnh ngoài,Các thủ thuật và dịch vụ Nội soi,Exclude
3127,09.0123.0898,9.123,Khí dung đường thở ở bệnh nhân nặng,Tai Mũi Họng,Exclude
3128,09.0130.0118,9.130,Lọc máu liên tục,Các thủ thuật và dịch vụ Nội soi,Exclude
3129,09.0132.0119,9.132,Lọc máu thay huyết tương,Các thủ thuật và dịch vụ Nội soi,Exclude
3130,09.0151.0004,9.151,Siêu âm tim cấp cứu tại giường,Siêu âm,Exclude
3131,05.0002.0076,5.2,Chăm sóc bệnh nhân dị ứng thuốc nặng,Các thủ thuật và dịch vụ Nội soi,Exclude
3132,05.0003.0272,5.3,"Điều trị bệnh da bằng ngâm, tắm",Y học dân tộc và Phục hồi chức năng,Exclude
3133,05.0004.0334,5.4,Điều trị sùi mào gà bằng Laser CO2,Da liễu,Exclude
3134,05.0005.0329,5.5,Điều trị hạt cơm bằng Laser CO2,Da liễu,Exclude
3135,05.0006.0329,5.6,Điều trị u ống tuyến mồ hôi bằng Laser CO2,Da liễu,Exclude
3136,05.0007.0329,5.7,Điều trị u mềm treo bằng Laser CO2,Da liễu,Exclude
3137,05.0008.0329,5.8,Điều trị dày sừng da dầu bằng Laser CO2,Da liễu,Exclude
3138,05.0009.0329,5.9,Điều trị dày sừng ánh nắng bằng Laser CO2,Da liễu,Exclude
3139,05.0010.0329,5.10,Điều trị sẩn cục bằng Laser CO2,Da liễu,Exclude
3140,05.0011.0329,5.11,Điều trị bớt sùi bằng Laser CO2,Da liễu,Exclude
3141,05.0012.0329,5.12,Điều trị sùi mào gà bằng Plasma,Da liễu,Exclude
3142,05.0013.0326,5.13,Điều trị hạt cơm bằng Plasma,Da liễu,Exclude
3143,05.0014.0329,5.14,Điều trị u mềm treo bằng Plasma,Da liễu,Exclude
3144,05.0015.0329,5.15,Điều trị dày sừng da dầu bằng Plasma,Da liễu,Exclude
3145,05.0016.0329,5.16,Điều trị dày sừng ánh nắng bằng Plasma,Da liễu,Exclude
3146,05.0017.0329,5.17,Điều trị sẩn cục bằng Plasma,Da liễu,Exclude
3147,05.0018.0329,5.18,Điều trị bớt sùi bằng Plasma,Da liễu,Exclude
3148,05.0019.0324,5.19,Điều trị hạt cơm bằng Nitơ lỏng,Da liễu,Exclude
3149,05.0020.0324,5.20,Điều trị sẩn cục bằng Nitơ lỏng,Da liễu,Exclude
3150,05.0021.0324,5.21,Điều trị sẹo lồi bằng Nitơ lỏng,Da liễu,Exclude
3151,05.0022.0324,5.22,Điều trị bớt sùi bằng Nitơ lỏng,Da liễu,Exclude
3152,05.0023.0333,5.23,Điều trị rụng tóc bằng tiêm Triamcinolon dưới da,Da liễu,Exclude
3153,05.0024.0333,5.24,Điều trị sẹo lồi bằng tiêm Triamcinolon trong thương tổn,Da liễu,Exclude
3154,05.0025.0331,5.25,Điều trị u mạch máu bằng YAG-KTP,Da liễu,Exclude
3155,05.0026.0331,5.26,Điều trị bớt tăng sắc tố bằng YAG-KTP,Da liễu,Exclude
3156,05.0028.0331,5.28,Điều trị sẹo lồi bằng YAG-KTP,Da liễu,Exclude
3157,05.0029.0330,5.29,Điều trị u mạch máu bằng Laser màu (Pulsed Dye Laser),Da liễu,Exclude
3158,05.0030.0330,5.30,Điều trị giãn mạch máu bằng Laser màu,Da liễu,Exclude
3159,05.0031.0330,5.31,Điều trị sẹo lồi bằng Laser màu,Da liễu,Exclude
3160,05.0032.0335,5.32,Điều trị u mạch máu bằng IPL (Intense Pulsed Light),Da liễu,Exclude
3161,05.0033.0328,5.33,Điều trị giãn mạch máu bằng IPL,Da liễu,Exclude
3162,05.0034.0328,5.34,Điều chứng tăng sắc tố bằng IPL,Da liễu,Exclude
3163,05.0035.0328,5.35,Điều trị chứng rậm lông bằng IPL,Da liễu,Exclude
3164,05.0036.0328,5.36,Điều trị sẹo lồi bằng IPL,Da liễu,Exclude
3165,05.0037.0328,5.37,Điều trị trứng cá bằng IPL,Da liễu,Exclude
3166,05.0040.0325,5.40,Điều trị các bệnh lý của da bằng PUVA tại chỗ,Da liễu,Exclude
3167,05.0042.0275,5.42,Điều trị các bệnh lý của da bằng UVB tại chỗ,Y học dân tộc và Phục hồi chức năng,Exclude
3168,05.0043.0333,5.43,Điều trị sẹo lõm bằng TCA (trichloacetic acid),Da liễu,Exclude
3169,05.0044.0329,5.44,Điều trị sùi mào gà bằng đốt điện,Da liễu,Exclude
3170,05.0045.0329,5.45,Điều trị hạt cơm bằng đốt điện,Da liễu,Exclude
3171,05.0046.0329,5.46,Điều trị u mềm treo bằng đốt điện,Da liễu,Exclude
3172,05.0047.0329,5.47,Điều trị dày sừng da dầu bằng đốt điện,Da liễu,Exclude
3173,05.0048.0329,5.48,Điều trị dày sừng ánh nắng bằng đốt điện,Da liễu,Exclude
3174,05.0049.0329,5.49,Điều trị sẩn cục bằng đốt điện,Da liễu,Exclude
3175,05.0050.0329,5.50,Điều trị bớt sùi bằng đốt điện,Da liễu,Exclude
3176,05.0051.0324,5.51,Điều trị u mềm lây bằng nạo thương tổn,Da liễu,Exclude
3177,05.0052.0344,5.52,Phẫu thuật giải áp thần kinh cho người bệnh phong,Da liễu,Exclude
3178,05.0053.0176,5.53,Sinh thiết móng,Các thủ thuật và dịch vụ Nội soi,Exclude
3179,05.0054.0343,5.54,Phẫu thuật điều trị u dưới móng,Da liễu,Exclude
3180,05.0055.0538,5.55,Phẫu thuật chuyển gân cơ chày sau điều trị cất cần cho người bệnh phong,Ngoại khoa,Exclude
3181,05.0056.0535,5.56,Phẫu thuật chuyển gân gấp chung nông điều trị cò mềm các ngón tay cho người bệnh phong,Ngoại khoa,Exclude
3182,05.0057.0535,5.57,Phẫu thuật chuyển gân điều trị liệt đối chiếu ngón cái cho người bệnh phong,Ngoại khoa,Exclude
3183,05.0059.0337,5.59,Phẫu thuật chuyển gân điều trị hở mi (mắt thỏ) cho người bệnh phong,Da liễu,Exclude
3184,05.0060.0341,5.60,Phẫu thuật điều trị sa trễ mi dưới cho người bệnh phong,Da liễu,Exclude
3185,05.0061.0342,5.61,Phẫu thuật điều trị sập cầu mũi cho người bệnh phong,Da liễu,Exclude
3186,05.0062.0338,5.62,Phẫu thuật điều trị hẹp hố khẩu cái cho người bệnh phong,Da liễu,Exclude
3187,05.0063.0345,5.63,Phẫu thuật Mohs điều trị ung thư da,Da liễu,Exclude
3188,05.0065.0168,5.65,Sinh thiết niêm mạc,Các thủ thuật và dịch vụ Nội soi,Exclude
3189,05.0066.0339,5.66,Phẫu thuật điều trị lỗ đáo có viêm xương cho người bệnh phong,Da liễu,Exclude
3190,05.0067.0173,5.67,"Sinh thiết hạch, cơ, thần kinh và các u dưới da",Các thủ thuật và dịch vụ Nội soi,Exclude
3191,05.0068.0343,5.68,Phẫu thuật điều trị móng chọc thịt,Da liễu,Exclude
3192,05.0069.0343,5.69,"Phẫu thuật điều trị móng cuộn, móng quặp",Da liễu,Exclude
3193,05.0070.0340,5.70,Phẫu thuật điều trị lỗ đáo không viêm xương cho người bệnh phong,Da liễu,Exclude
3194,05.0071.0323,5.71,Đắp mặt nạ điều trị một số bệnh da,Da liễu,Exclude
3195,05.0072.0332,5.72,Điều trị loét lỗ đáo cho người bệnh phong bằng chiếu Laser Hé- Né,Da liễu,Exclude
3196,05.0073.0332,5.73,Điều trị đau do zona bằng chiếu Laser Hé- Né,Da liễu,Exclude
3197,05.0088.0336,5.88,Điều trị viêm da cơ địa bằng máy Acthyderm,Da liễu,Exclude
3198,05.0089.0322,5.89,Chụp và phân tích da bằng máy phân tích da,Da liễu,Exclude
3199,05.0090.0334,5.90,Phẫu thuật sùi mào gà đường kính 5 cm trở lên,Da liễu,Exclude
3200,05.0093.0327,5.93,"Điều trị sẹo lõm bằng Laser Fractional, Intracell",Da liễu,Exclude
3201,05.0095.0331,5.95,Điều trị các bớt sắc tố bằng Laser Ruby,Da liễu,Exclude
3202,05.0097.0327,5.97,Điều trị rám má bằng laser Fractional,Da liễu,Exclude
3203,05.0107.0254,5.107,Điều trị mụn trứng cá bằng chiếu đèn LED,Y học dân tộc và Phục hồi chức năng,Exclude
3204,06.0001.1809,6.1,Thang đánh giá trầm cảm Beck (BDI),Thăm dò chức năng,Exclude
3205,06.0002.1809,6.2,Thang đánh giá trầm cảm Hamilton,Thăm dò chức năng,Exclude
3206,06.0003.1813,6.3,Thang đánh giá trầm cảm ở cộng đồng (PHQ - 9),Thăm dò chức năng,Exclude
3207,06.0004.1813,6.4,Thang đánh giá trầm cảm ở trẻ em,Thăm dò chức năng,Exclude
3208,06.0005.1813,6.5,Thang đánh giá trầm cảm ở người già (GDS),Thăm dò chức năng,Exclude
3209,06.0006.1813,6.6,Thang đánh giá trầm cảm sau sinh (EPDS),Thăm dò chức năng,Exclude
3210,06.0007.1813,6.7,Thang đánh giá lo âu - trầm cảm - stress (DASS),Thăm dò chức năng,Exclude
3211,06.0008.1813,6.8,Thang đánh giá hưng cảm Young,Thăm dò chức năng,Exclude
3212,06.0009.1809,6.9,Thang đánh giá lo âu - zung,Thăm dò chức năng,Exclude
3213,06.0010.1809,6.10,Thang đánh giá lo âu - Hamilton,Thăm dò chức năng,Exclude
3214,06.0011.1814,6.11,Thang đánh giá sự phát triển ở trẻ em (DENVER II),Thăm dò chức năng,Exclude
3215,06.0012.1814,6.12,Thang sàng lọc tự kỷ cho trẻ nhỏ 18 - 36 tháng (CHAT),Thăm dò chức năng,Exclude
3216,06.0013.1814,6.13,Thang đánh giá mức độ tự kỷ (CARS),Thăm dò chức năng,Exclude
3217,06.0014.1814,6.14,Thang đánh giá hành vi trẻ em (CBCL),Thăm dò chức năng,Exclude
3218,06.0015.1813,6.15,Thang đánh giá ấn tượng lâm sàng chung (CGI-S),Thăm dò chức năng,Exclude
3219,06.0016.1813,6.16,Thang đánh giá tâm thần rút gọn (BPRS),Thăm dò chức năng,Exclude
3220,06.0017.1814,6.17,Thang đánh giá trạng thái tâm thần tối thiểu (MMSE),Thăm dò chức năng,Exclude
3221,06.0018.1808,6.18,Trắc nghiệm RAVEN,Thăm dò chức năng,Exclude
3222,06.0019.1814,6.19,Trắc nghiệm WAIS,Thăm dò chức năng,Exclude
3223,06.0020.1814,6.20,Trắc nghiệm WICS,Thăm dò chức năng,Exclude
3224,06.0021.1813,6.21,Thang đánh giá trí nhớ Wechsler (WMS),Thăm dò chức năng,Exclude
3225,06.0025.1810,6.25,Thang đánh giá nhân cách Roschach,Thăm dò chức năng,Exclude
3226,06.0026.1810,6.26,Thang đánh giá nhân cách (MMPI),Thăm dò chức năng,Exclude
3227,06.0027.1810,6.27,Thang đánh giá nhân cách (CAT),Thăm dò chức năng,Exclude
3228,06.0028.1810,6.28,Thang đánh giá nhân cách (TAT),Thăm dò chức năng,Exclude
3229,06.0029.1810,6.29,Thang đánh giá nhân cách catell,Thăm dò chức năng,Exclude
3230,06.0030.1810,6.30,Bảng nghiệm kê nhân cách hướng nội hướng ngoại (EPI),Thăm dò chức năng,Exclude
3231,06.0031.1809,6.31,Trắc nghiệm rối loạn giấc ngủ (PSQI),Thăm dò chức năng,Exclude
3232,06.0032.1809,6.32,Thang đánh giá vận động bất thường (AIMS),Thăm dò chức năng,Exclude
3233,06.0033.1809,6.33,Thang đánh giá bồn chồn bất an – BARNES,Thăm dò chức năng,Exclude
3234,06.0034.1809,6.34,Thang điểm thiếu máu cục bộ Hachinski,Thăm dò chức năng,Exclude
3235,06.0037.0004,6.37,Siêu âm Doppler xuyên sọ,Siêu âm,Exclude
3236,06.0038.1777,6.38,Đo điện não vi tính,Thăm dò chức năng,Exclude
3237,06.0040.1799,6.40,Đo lưu huyết não,Thăm dò chức năng,Exclude
3238,06.0073.1589,6.73,Test nhanh phát hiện chất opiats trong nước tiểu,Hóa sinh,Exclude
3239,06.0084.1813,6.84,Thang PANSS,Thăm dò chức năng,Exclude
3240,06.0086.1809,6.86,Thang VANDERBILT,Thăm dò chức năng,Exclude
3241,07.0227.0367,7.227,"Cắt lọc, lấy bỏ tổ chức hoại tử cho các nhiễm trùng bàn chân vết loét rộng < ¼ bàn chân trên người bệnh đái tháo đường",Nội tiết,Exclude
3242,07.0003.0354,7.3,Dẫn lưu áp xe tuyến giáp,Nội tiết,Exclude
3243,07.0006.0357,7.6,Cắt bán phần 2 thuỳ tuyến giáp trong bướu giáp đơn thuần không có nhân,Nội tiết,Exclude
3244,07.0007.0362,7.7,Cắt bán phần 1 thuỳ tuyến giáp trong bướu giáp nhân,Nội tiết,Exclude
3245,07.0008.0360,7.8,Cắt 1 thuỳ tuyến giáp trong bướu giáp nhân,Nội tiết,Exclude
3246,07.0009.0360,7.9,Cắt bán phần 1 thuỳ tuyến giáp và lấy nhân thùy còn lại trong bướu giáp nhân,Nội tiết,Exclude
3247,07.0010.0357,7.10,Cắt 1 thuỳ tuyến giáp và lấy nhân thùy còn lại trong bướu giáp nhân,Nội tiết,Exclude
3248,07.0011.0357,7.11,Cắt bán phần 2 thuỳ tuyến giáp trong bướu giáp đa nhân,Nội tiết,Exclude
3249,07.0012.0357,7.12,Cắt toàn bộ tuyến giáp trong bướu giáp đa nhân,Nội tiết,Exclude
3250,07.0013.0360,7.13,Cắt 1 thuỳ tuyến giáp trong bướu giáp nhân độc,Nội tiết,Exclude
3251,07.0014.0357,7.14,Cắt toàn bộ tuyến giáp trong bướu giáp đa nhân độc,Nội tiết,Exclude
3252,07.0015.0357,7.15,Cắt gần toàn bộ tuyến giáp trong Basedow,Nội tiết,Exclude
3253,07.0016.0357,7.16,Cắt 1 thuỳ tuyến giáp và cắt bán phần thùy còn lại trong Basedow,Nội tiết,Exclude
3254,07.0017.0357,7.17,Cắt toàn bộ tuyến giáp trong Basedow,Nội tiết,Exclude
3255,07.0018.0360,7.18,Cắt 1 thuỳ tuyến giáp trong ung thư tuyến giáp,Nội tiết,Exclude
3256,07.0019.0357,7.19,Cắt toàn bộ tuyến giáp trong ung thư tuyến giáp,Nội tiết,Exclude
3257,07.0020.0357,7.20,Cắt 1 thuỳ tuyến giáp kèm nạo vét hạch 1 bên trong ung thư tuyến giáp,Nội tiết,Exclude
3258,07.0021.0363,7.21,Cắt toàn bộ tuyến giáp kèm nạo vét hạch 1 bên trong ung thư tuyến giáp,Nội tiết,Exclude
3259,07.0022.0363,7.22,Cắt toàn bộ tuyến giáp kèm nạo vét hạch 2 bên trong ung thư tuyến giáp,Nội tiết,Exclude
3260,07.0023.0488,7.23,Nạo vét hạch cổ trong ung thư tuyến giáp đã phẫu thuật,Ngoại khoa,Exclude
3261,07.0024.0357,7.24,Cắt 1 thuỳ tuyến giáp lấy bướu thòng trong bướu giáp thòng,Nội tiết,Exclude
3262,07.0025.0357,7.25,Cắt 1 thuỳ tuyến giáp lấy bướu thòng và cắt bán phần thùy còn lại trong bướu giáp thòng,Nội tiết,Exclude
3263,07.0026.0363,7.26,Cắt toàn bộ tuyến giáp trong bướu giáp thòng,Nội tiết,Exclude
3264,07.0027.0357,7.27,Cắt 1 thuỳ tuyến giáp trong bướu giáp khồng lồ,Nội tiết,Exclude
3265,07.0028.0357,7.28,Cắt 1 thuỳ tuyến giáp và cắt bán phần thùy còn lại trong bướu giáp khổng lồ,Nội tiết,Exclude
3266,07.0029.0363,7.29,Cắt toàn bộ tuyến giáp trong bướu giáp khổng lồ,Nội tiết,Exclude
3267,07.0030.0360,7.30,Phẫu thuật cầm máu lại sau mổ tuyến giáp,Nội tiết,Exclude
3268,07.0031.0357,7.31,Cắt tuyến cận giáp trong cường tuyến cận giáp nguyên phát do quá sản tuyến hoặc u tuyến hoặc ung thư tuyến cận giáp,Nội tiết,Exclude
3269,07.0032.0357,7.32,Cắt tuyến cận giáp trong quá sản thứ phát sau suy thận mãn tính,Nội tiết,Exclude
3270,07.0033.0357,7.33,Cắt tuyến ức trong quá sản hoặc u tuyến ức,Nội tiết,Exclude
3271,07.0034.0357,7.34,Cắt bỏ tuyến thượng thận 1 bên,Nội tiết,Exclude
3272,07.0035.0363,7.35,Cắt bỏ tuyến thượng thận 2 bên,Nội tiết,Exclude
3273,07.0036.0357,7.36,Cắt u tuyến thượng thận 1 bên,Nội tiết,Exclude
3274,07.0037.0363,7.37,Cắt u tuyến thượng thận 2 bên,Nội tiết,Exclude
3275,07.0038.0356,7.38,Cắt bán phần 2 thuỳ tuyến giáp trong bướu giáp đơn thuần không có nhân bằng dao siêu âm,Nội tiết,Exclude
3276,07.0039.0361,7.39,Cắt bán phần 1 thuỳ tuyến giáp trong bướu giáp nhân bằng dao siêu âm,Nội tiết,Exclude
3277,07.0040.0359,7.40,Cắt 1 thuỳ tuyến giáp trong bướu giáp nhân bằng dao siêu âm,Nội tiết,Exclude
3278,07.0041.0359,7.41,Cắt bán phần 1 thuỳ tuyến giáp và lấy nhân thùy còn lại trong bướu giáp nhân bằng dao siêu âm,Nội tiết,Exclude
3279,07.0042.0356,7.42,Cắt 1 thuỳ tuyến giáp và lấy nhân thùy còn lại trong bướu giáp nhân bằng dao siêu âm,Nội tiết,Exclude
3280,07.0043.0356,7.43,Cắt bán phần 2 thuỳ tuyến giáp trong bướu giáp đa nhân bằng dao siêu âm,Nội tiết,Exclude
3281,07.0044.0356,7.44,Cắt toàn bộ tuyến giáp trong bướu giáp đa nhân bằng dao siêu âm,Nội tiết,Exclude
3282,07.0045.0359,7.45,Cắt 1 thuỳ tuyến giáp trong bướu giáp nhân độc bằng dao siêu âm,Nội tiết,Exclude
3283,07.0046.0356,7.46,Cắt toàn bộ tuyến giáp trong bướu giáp đa nhân độc bằng dao siêu âm,Nội tiết,Exclude
3284,07.0047.0356,7.47,Cắt gần toàn bộ tuyến giáp trong Basedow bằng dao siêu âm,Nội tiết,Exclude
3285,07.0048.0356,7.48,Cắt 1 thuỳ tuyến giáp và cắt bán phần thùy còn lại trong Basedow bằng dao siêu âm,Nội tiết,Exclude
3286,07.0049.0356,7.49,Cắt toàn bộ tuyến giáp trong Basedow bằng dao siêu âm,Nội tiết,Exclude
3287,07.0050.0359,7.50,Cắt 1 thuỳ tuyến giáp trong ung thư tuyến giáp bằng dao siêu âm,Nội tiết,Exclude
3288,07.0051.0356,7.51,Cắt toàn bộ tuyến giáp trong ung thư tuyến giáp bằng dao siêu âm,Nội tiết,Exclude
3289,07.0052.0356,7.52,Cắt 1 thuỳ tuyến giáp kèm nạo vét hạch 1 bên trong ung thư tuyến giáp bằng dao siêu âm,Nội tiết,Exclude
3290,07.0053.0364,7.53,Cắt toàn bộ tuyến giáp kèm nạo vét hạch 1 bên trong ung thư tuyến giáp bằng dao siêu âm,Nội tiết,Exclude
3291,07.0054.0364,7.54,Cắt toàn bộ tuyến giáp kèm nạo vét hạch 2 bên trong ung thư tuyến giáp bằng dao siêu âm,Nội tiết,Exclude
3292,07.0055.0488,7.55,Nạo vét hạch cổ trong ung thư tuyến giáp đã phẫu thuật bằng dao siêu âm,Ngoại khoa,Exclude
3293,07.0056.0356,7.56,Cắt 1 thuỳ tuyến giáp lấy bướu thòng trong bướu giáp thòng bằng dao siêu âm,Nội tiết,Exclude
3294,07.0057.0356,7.57,Cắt 1 thuỳ tuyến giáp lấy bướu thòng và cắt bán phần thùy còn lại trong bướu giáp thòng bằng dao siêu âm,Nội tiết,Exclude
3295,07.0058.0364,7.58,Cắt toàn bộ tuyến giáp trong bướu giáp thòng bằng dao siêu âm,Nội tiết,Exclude
3296,07.0059.0356,7.59,Cắt 1 thuỳ tuyến giáp trong bướu giáp khồng lồ bằng dao siêu âm,Nội tiết,Exclude
3297,07.0060.0356,7.60,Cắt 1 thuỳ tuyến giáp và cắt bán phần thùy còn lại trong bướu giáp khổng lồ bằng dao siêu âm,Nội tiết,Exclude
3298,07.0061.0364,7.61,Cắt toàn bộ tuyến giáp trong bướu giáp khổng lồ bằng dao siêu âm,Nội tiết,Exclude
3299,07.0062.0356,7.62,Cắt tuyến cận giáp trong cường tuyến cận giáp nguyên phát do quá sản tuyến hoặc u tuyến hoặc ung thư tuyến cận giáp bằng dao siêu âm,Nội tiết,Exclude
3300,07.0063.0356,7.63,Cắt tuyến cận giáp trong quá sản thứ phát sau suy thận mãn tính bằng dao siêu âm,Nội tiết,Exclude
3301,07.0064.0356,7.64,Cắt tuyến ức trong quá sản hoặc u tuyến ức bằng dao siêu âm,Nội tiết,Exclude
3302,07.0065.0356,7.65,Cắt bỏ tuyến thượng thận 1 bên bằng dao siêu âm,Nội tiết,Exclude
3303,07.0066.0364,7.66,Cắt bỏ tuyến thượng thận 2 bên bằng dao siêu âm,Nội tiết,Exclude
3304,07.0067.0356,7.67,Cắt u tuyến thượng thận 1 bên bằng dao siêu âm,Nội tiết,Exclude
3305,07.0068.0356,7.68,Cắt u tuyến thượng thận 2 bên bằng dao siêu âm,Nội tiết,Exclude
3306,07.0218.0571,7.218,Cắt đoạn xương bàn chân trên người bệnh đái tháo đường,Ngoại khoa,Exclude
3307,07.0219.1144,7.219,Nạo xương viêm trên người bệnh đái tháo đường,Bỏng,Exclude
3308,07.0220.1144,7.220,Tháo khớp ngón chân trên người bệnh đái tháo đường,Bỏng,Exclude
3309,07.0221.0574,7.221,Ghép da tự thân bằng mảnh da tròn nhỏ <5mm trên người bệnh đái tháo đường,Ngoại khoa,Exclude
3310,07.0222.0575,7.222,Ghép da tự thân bằng mảnh da dài mỏng trên người bệnh đái tháo đường,Ngoại khoa,Exclude
3311,07.0223.0574,7.223,Ghép da tự thân bằng mảnh da mắt lưới trên người bệnh đái tháo đường,Ngoại khoa,Exclude
3312,07.0224.0574,7.224,"Ghép da tự thân bằng các mảnh da lớn, dày toàn lớp da trên người bệnh đái tháo đường",Ngoại khoa,Exclude
3313,07.0225.0200,7.225,Thay băng trên người bệnh đái tháo đường,Các thủ thuật và dịch vụ Nội soi,Exclude
3314,07.0225.0201,7.225,Thay băng trên người bệnh đái tháo đường,Các thủ thuật và dịch vụ Nội soi,Exclude
3315,07.0225.0202,7.225,Thay băng trên người bệnh đái tháo đường,Các thủ thuật và dịch vụ Nội soi,Exclude
3316,07.0225.0203,7.225,Thay băng trên người bệnh đái tháo đường,Các thủ thuật và dịch vụ Nội soi,Exclude
3317,07.0225.0204,7.225,Thay băng trên người bệnh đái tháo đường,Các thủ thuật và dịch vụ Nội soi,Exclude
3318,07.0225.0205,7.225,Thay băng trên người bệnh đái tháo đường,Các thủ thuật và dịch vụ Nội soi,Exclude
3319,07.0226.0199,7.226,"Cắt lọc, lấy bỏ tổ chức hoại tử cho các nhiễm trùng bàn chân vết loét khu trú ở ngón chân trên người bệnh đái tháo đường",Các thủ thuật và dịch vụ Nội soi,Exclude
3320,07.0228.0366,7.228,"Cắt lọc, lấy bỏ tổ chức hoại tử cho các nhiễm trùng bàn chân vết loét rộng < ½ bàn chân trên người bệnh đái tháo đường",Nội tiết,Exclude
3321,07.0229.0366,7.229,"Cắt lọc, lấy bỏ tổ chức hoại tử cho các nhiễm trùng bàn chân vết loét rộng lan tỏa cả bàn chân trên người bệnh đái tháo đường",Nội tiết,Exclude
3322,07.0230.0199,7.230,"Cắt lọc, lấy bỏ tổ chức hoại tử cho các nhiễm trùng phần mềm trên người bệnh đái tháo đường",Các thủ thuật và dịch vụ Nội soi,Exclude
3323,07.0231.0505,7.231,"Chích rạch, dẫn lưu ổ áp xe trên người bệnh đái tháo đường",Ngoại khoa,Exclude
3324,07.0232.0367,7.232,Tháo móng quặp trên người bệnh đái tháo đường,Nội tiết,Exclude
3325,07.0233.0355,7.233,Gọt chai chân (gọt nốt chai) trên người bệnh đái tháo đường,Nội tiết,Exclude
3326,07.0237.0749,7.237,Điều trị bệnh lý võng mạc đái tháo đường bằng laser,Mắt,Exclude
3327,07.0242.0084,7.242,Chọc hút dịch điều trị u nang giáp,Các thủ thuật và dịch vụ Nội soi,Exclude
3328,07.0243.0085,7.243,Chọc hút dịch điều trị u nang giáp có hướng dẫn của siêu âm,Các thủ thuật và dịch vụ Nội soi,Exclude
3329,07.0244.0089,7.244,Chọc hút tế bào tuyến giáp,Các thủ thuật và dịch vụ Nội soi,Exclude
3330,07.0245.0090,7.245,Chọc hút u giáp có hướng dẫn của siêu âm,Các thủ thuật và dịch vụ Nội soi,Exclude
3331,08.0001.0224,8.1,Mai hoa châm,Y học dân tộc và Phục hồi chức năng,Exclude
3332,08.0002.0224,8.2,Hào châm,Y học dân tộc và Phục hồi chức năng,Exclude
3333,08.0003.2045,8.3,Mãng châm,Y học dân tộc và Phục hồi chức năng,Exclude
3334,08.0004.0224,8.4,Nhĩ châm,Y học dân tộc và Phục hồi chức năng,Exclude
3335,08.0005.0230,8.5,Điện châm,Y học dân tộc và Phục hồi chức năng,Exclude
3336,08.0005.2046,8.5,Điện châm,Y học dân tộc và Phục hồi chức năng,Exclude
3337,08.0006.0271,8.6,Thủy châm,Y học dân tộc và Phục hồi chức năng,Exclude
3338,08.0007.0227,8.7,Cấy chỉ,Y học dân tộc và Phục hồi chức năng,Exclude
3339,08.0008.2045,8.8,Ôn châm,Y học dân tộc và Phục hồi chức năng,Exclude
3340,08.0008.0224,8.8,Ôn châm,Y học dân tộc và Phục hồi chức năng,Exclude
3341,08.0009.0228,8.9,Cứu,Y học dân tộc và Phục hồi chức năng,Exclude
3342,08.0010.0224,8.10,Chích lể,Y học dân tộc và Phục hồi chức năng,Exclude
3343,08.0011.0243,8.11,Laser châm,Y học dân tộc và Phục hồi chức năng,Exclude
3344,08.0012.0224,8.12,Từ châm,Y học dân tộc và Phục hồi chức năng,Exclude
3345,08.0013.0238,8.13,Kéo nắn cột sống cổ,Y học dân tộc và Phục hồi chức năng,Exclude
3346,08.0014.0238,8.14,Kéo nắn cột sống thắt lưng,Y học dân tộc và Phục hồi chức năng,Exclude
3347,08.0015.0252,8.15,Sắc thuốc thang và đóng gói thuốc bằng máy,Y học dân tộc và Phục hồi chức năng,Exclude
3348,08.0016.0247,8.16,"Nắn, bó gẫy xương cẳng tay bằng phương pháp YHCT",Y học dân tộc và Phục hồi chức năng,Exclude
3349,08.0017.0248,8.17,"Nắn, bó gẫy xương cánh tay bằng phương pháp YHCT",Y học dân tộc và Phục hồi chức năng,Exclude
3350,08.0018.0246,8.18,"Nắn, bó gẫy xương cẳng chân bằng phương pháp YHCT",Y học dân tộc và Phục hồi chức năng,Exclude
3351,08.0019.0286,8.19,Xông thuốc bằng máy,Y học dân tộc và Phục hồi chức năng,Exclude
3352,08.0020.0284,8.20,Xông hơi thuốc,Y học dân tộc và Phục hồi chức năng,Exclude
3353,08.0021.0285,8.21,Xông khói thuốc,Y học dân tộc và Phục hồi chức năng,Exclude
3354,08.0022.0252,8.22,Sắc thuốc thang,Y học dân tộc và Phục hồi chức năng,Exclude
3355,08.0023.0249,8.23,Ngâm thuốc YHCT toàn thân,Y học dân tộc và Phục hồi chức năng,Exclude
3356,08.0024.0249,8.24,Ngâm thuốc YHCT bộ phận,Y học dân tộc và Phục hồi chức năng,Exclude
3357,08.0025.0229,8.25,Đặt thuốc YHCT,Y học dân tộc và Phục hồi chức năng,Exclude
3358,08.0026.0222,8.26,Bó thuốc,Y học dân tộc và Phục hồi chức năng,Exclude
3359,08.0027.0228,8.27,Chườm ngải,Y học dân tộc và Phục hồi chức năng,Exclude
3360,08.0028.0259,8.28,Luyện tập dưỡng sinh,Y học dân tộc và Phục hồi chức năng,Exclude
3361,08.0029.2046,8.29,Châm tê phẫu thuật cắt polip một đoạn đại tràng phải cắt đoạn đại tràng phía trên làm hậu môn nhân tạo,Y học dân tộc và Phục hồi chức năng,Exclude
3362,08.0030.2046,8.30,Châm tê phẫu thuật cứng duỗi khớp gối đơn thuần,Y học dân tộc và Phục hồi chức năng,Exclude
3363,08.0031.2046,8.31,Châm tê phẫu thuật cắt toàn bộ tuyến giáp và vét hạch cổ 2 bên,Y học dân tộc và Phục hồi chức năng,Exclude
3364,08.0032.2046,8.32,"Châm tê phẫu thuật cắt toàn bộ tuyến giáp, một thùy có vét hạch cổ 1 bên",Y học dân tộc và Phục hồi chức năng,Exclude
3365,08.0033.2046,8.33,Châm tê phẫu thuật cắt ung thư giáp trạng,Y học dân tộc và Phục hồi chức năng,Exclude
3366,08.0034.2046,8.34,Châm tê phẫu thuật cắt tuyến vú mở rộng có vét hạch,Y học dân tộc và Phục hồi chức năng,Exclude
3367,08.0035.2046,8.35,Châm tê phẫu thuật cắt u tuyến nước bọt mang tai,Y học dân tộc và Phục hồi chức năng,Exclude
3368,08.0036.2046,8.36,Châm tê phẫu thuật glaucoma,Y học dân tộc và Phục hồi chức năng,Exclude
3369,08.0037.2046,8.37,"Châm tê phẫu thuật lấy thể thủy tinh trong bao, ngoài bao, rửa hút các loại cataract già, bệnh lí, sa, lệch, vỡ",Y học dân tộc và Phục hồi chức năng,Exclude
3370,08.0038.2046,8.38,Châm tê phẫu thuật lác thông thường,Y học dân tộc và Phục hồi chức năng,Exclude
3371,08.0039.2046,8.39,Châm tê phẫu thuật cắt u xơ vòm mũi họng,Y học dân tộc và Phục hồi chức năng,Exclude
3372,08.0040.2046,8.40,Châm tê phẫu thuật cắt u cuộn cảnh,Y học dân tộc và Phục hồi chức năng,Exclude
3373,08.0041.2046,8.41,Châm tê phẫu thuật cắt u tuyến mang tai,Y học dân tộc và Phục hồi chức năng,Exclude
3374,08.0042.2046,8.42,Châm tê phẫu thuật tai xương chũm trong viêm tắc tĩnh mạch bên,Y học dân tộc và Phục hồi chức năng,Exclude
3375,08.0043.2046,8.43,Châm tê phẫu thuật xoang trán,Y học dân tộc và Phục hồi chức năng,Exclude
3376,08.0044.2046,8.44,Châm tê phẫu thuật cắt u thành sau họng,Y học dân tộc và Phục hồi chức năng,Exclude
3377,08.0045.2046,8.45,Châm tê phẫu thuật cắt toàn bộ thanh quản,Y học dân tộc và Phục hồi chức năng,Exclude
3378,08.0046.2046,8.46,Châm tê phẫu thuật sẹo hẹp thanh - khí quản,Y học dân tộc và Phục hồi chức năng,Exclude
3379,08.0047.2046,8.47,Châm tê phẫu thuật trong mềm sụn thanh quản,Y học dân tộc và Phục hồi chức năng,Exclude
3380,08.0048.2046,8.48,Châm tê phẫu thuật cắt dây thanh,Y học dân tộc và Phục hồi chức năng,Exclude
3381,08.0049.2046,8.49,Châm tê phẫu thuật cắt dính thanh quản,Y học dân tộc và Phục hồi chức năng,Exclude
3382,08.0050.2046,8.50,Châm tê phẫu thuật vùng chân bướm hàm,Y học dân tộc và Phục hồi chức năng,Exclude
3383,08.0051.2046,8.51,Châm tê phẫu thuật vách ngăn mũi,Y học dân tộc và Phục hồi chức năng,Exclude
3384,08.0052.2046,8.52,Châm tê phẫu thuật cắt polyp mũi,Y học dân tộc và Phục hồi chức năng,Exclude
3385,08.0053.2046,8.53,Châm tê phẫu thuật nạo xoang triệt để trong viêm xoang do răng,Y học dân tộc và Phục hồi chức năng,Exclude
3386,08.0054.2046,8.54,Châm tê phẫu thuật cắt u nang giáp móng,Y học dân tộc và Phục hồi chức năng,Exclude
3387,08.0055.2046,8.55,Châm tê phẫu thuật cắt u nang cạnh cổ,Y học dân tộc và Phục hồi chức năng,Exclude
3388,08.0056.2046,8.56,"Châm tê nhổ răng khôn mọc lệch hoặc ngầm dưới lợi, dưới niêm mạc, phải chụp phim răng để chẩn đoán xác định và chọn phương pháp phẫu thuật",Y học dân tộc và Phục hồi chức năng,Exclude
3389,08.0057.2046,8.57,"Châm tê phẫu thuật lấy tủy chân răng một chân hàng loạt 2 - 3 răng, lấy tủy chân răng nhiều chân",Y học dân tộc và Phục hồi chức năng,Exclude
3390,08.0058.2046,8.58,Châm tê phẫu thuật cắt hạch lao to vùng cổ,Y học dân tộc và Phục hồi chức năng,Exclude
3391,08.0059.2046,8.59,Châm tê phẫu thuật nạo áp xe lạnh hố chậu,Y học dân tộc và Phục hồi chức năng,Exclude
3392,08.0060.2046,8.60,Châm tê phẫu thuật nạo áp xe lạnh hố lưng,Y học dân tộc và Phục hồi chức năng,Exclude
3393,08.0061.2046,8.61,"Châm tê phẫu thuật cắt 2/3 dạ dày do loét, viêm, u lành",Y học dân tộc và Phục hồi chức năng,Exclude
3394,08.0062.2046,8.62,Châm tê phẫu thuật cắt túi thừa tá tràng,Y học dân tộc và Phục hồi chức năng,Exclude
3395,08.0063.2046,8.63,Châm tê phẫu thuật tắc ruột do dây chằng,Y học dân tộc và Phục hồi chức năng,Exclude
3396,08.0064.2046,8.64,Châm tê phẫu thuật cắt u mạc treo có cắt ruột,Y học dân tộc và Phục hồi chức năng,Exclude
3397,08.0065.2046,8.65,"Châm tê phẫu thuật cắt đoạn đại tràng, làm hậu môn nhân tạo",Y học dân tộc và Phục hồi chức năng,Exclude
3398,08.0066.2046,8.66,Châm tê phẫu thuật sa trực tràng không cắt ruột,Y học dân tộc và Phục hồi chức năng,Exclude
3399,08.0067.2046,8.67,Châm tê phẫu thuật cắt bỏ trĩ vòng,Y học dân tộc và Phục hồi chức năng,Exclude
3400,08.0068.2046,8.68,Châm tê phẫu thuật nối vị tràng,Y học dân tộc và Phục hồi chức năng,Exclude
3401,08.0069.2046,8.69,Châm tê phẫu thuật cắt u mạc treo không cắt ruột,Y học dân tộc và Phục hồi chức năng,Exclude
3402,08.0070.2046,8.70,Châm tê phẫu thuật cắt trĩ từ 2 bó trở lên,Y học dân tộc và Phục hồi chức năng,Exclude
3403,08.0071.2046,8.71,Châm tê phẫu thuật mở thông dạ dày,Y học dân tộc và Phục hồi chức năng,Exclude
3404,08.0072.2046,8.72,Châm tê phẫu thuật dẫn lưu áp xe ruột thừa,Y học dân tộc và Phục hồi chức năng,Exclude
3405,08.0073.2046,8.73,Châm tê phẫu thuật cắt ruột thừa ở vị trí bình thường,Y học dân tộc và Phục hồi chức năng,Exclude
3406,08.0074.2046,8.74,"Châm tê phẫu thuật thắt trĩ có kèm bóc tách, cắt một bó trĩ",Y học dân tộc và Phục hồi chức năng,Exclude
3407,08.0075.2046,8.75,Châm tê phẫu thuật nối nang tụy - hỗng tràng,Y học dân tộc và Phục hồi chức năng,Exclude
3408,08.0076.2046,8.76,Châm tê phẫu thuật cắt toàn bộ thận và niệu quản,Y học dân tộc và Phục hồi chức năng,Exclude
3409,08.0077.2046,8.77,Châm tê phẫu thuật lấy sỏi mở bể thận trong xoang,Y học dân tộc và Phục hồi chức năng,Exclude
3410,08.0078.2046,8.78,Châm tê phẫu thuật cắt một nửa bàng quang và cắt túi thừa bàng quang,Y học dân tộc và Phục hồi chức năng,Exclude
3411,08.0079.2046,8.79,Châm tê phẫu thuật đẫn lưu thận qua da,Y học dân tộc và Phục hồi chức năng,Exclude
3412,08.0080.2046,8.80,Châm tê phẫu thuật dẫn lưu nước tiểu bàng quang,Y học dân tộc và Phục hồi chức năng,Exclude
3413,08.0081.2046,8.81,"Châm tê phẫu thuật cắt dương vật không vét hạch, cắt một nửa dương vật",Y học dân tộc và Phục hồi chức năng,Exclude
3414,08.0082.2046,8.82,"Châm tê phẫu thuật dẫn lưu viêm tấy quanh thận, áp xe thận",Y học dân tộc và Phục hồi chức năng,Exclude
3415,08.0083.2046,8.83,Châm tê phẫu thuật dẫn lưu áp xe khoang retzius,Y học dân tộc và Phục hồi chức năng,Exclude
3416,08.0084.2046,8.84,Châm tê phẫu thuật áp xe tuyến tiền liệt,Y học dân tộc và Phục hồi chức năng,Exclude
3417,08.0085.2046,8.85,Châm tê phẫu thuật cắt u sùi đầu miệng sáo,Y học dân tộc và Phục hồi chức năng,Exclude
3418,08.0086.2046,8.86,Châm tê phẫu thuật cắt hẹp bao quy đầu,Y học dân tộc và Phục hồi chức năng,Exclude
3419,08.0087.2046,8.87,Châm tê phẫu thuật cắt túi thừa niệu đạo,Y học dân tộc và Phục hồi chức năng,Exclude
3420,08.0088.2046,8.88,Châm tê phẫu thuật mở rộng lỗ sáo,Y học dân tộc và Phục hồi chức năng,Exclude
3421,08.0089.2046,8.89,Châm tê phẫu thuật cắt cụt cổ tử cung,Y học dân tộc và Phục hồi chức năng,Exclude
3422,08.0090.2046,8.90,Châm tê phẫu thuật treo tử cung,Y học dân tộc và Phục hồi chức năng,Exclude
3423,08.0091.2046,8.91,Châm tê phẫu thuật khâu vòng cổ tử cung,Y học dân tộc và Phục hồi chức năng,Exclude
3424,08.0092.2046,8.92,Châm tê phẫu thuật điều trị hẹp môn vị phì đại,Y học dân tộc và Phục hồi chức năng,Exclude
3425,08.0093.2046,8.93,Châm tê phẫu thuật đóng hậu môn nhân tạo,Y học dân tộc và Phục hồi chức năng,Exclude
3426,08.0094.2046,8.94,Châm tê phẫu thuật lấy sỏi niệu đạo,Y học dân tộc và Phục hồi chức năng,Exclude
3427,08.0095.2046,8.95,Châm tê phẫu thuật phẫu thuật bàn chân thuổng,Y học dân tộc và Phục hồi chức năng,Exclude
3428,08.0096.2046,8.96,Châm tê phẫu thuật cố định nẹp vít gãy hai 2 xương cẳng tay,Y học dân tộc và Phục hồi chức năng,Exclude
3429,08.0097.2046,8.97,Châm tê phẫu thuật phẫu thuật vết thương khớp,Y học dân tộc và Phục hồi chức năng,Exclude
3430,08.0098.2046,8.98,Châm tê phẫu thuật nối gân gấp cổ chân,Y học dân tộc và Phục hồi chức năng,Exclude
3431,08.0099.2046,8.99,Châm tê phẫu thuật lấy bỏ toàn bộ xương bánh chè,Y học dân tộc và Phục hồi chức năng,Exclude
3432,08.0100.2046,8.100,Châm tê phẫu thuật cắt cụt cẳng chân,Y học dân tộc và Phục hồi chức năng,Exclude
3433,08.0101.2046,8.101,Châm tê phẫu thuật khâu vết thương phần mềm vùng đầu - cổ,Y học dân tộc và Phục hồi chức năng,Exclude
3434,08.0102.2046,8.102,Châm tê phẫu thuật cắt u lành dương vật,Y học dân tộc và Phục hồi chức năng,Exclude
3435,08.0103.2046,8.103,Châm tê phẫu thuật cắt u nang thừng tinh,Y học dân tộc và Phục hồi chức năng,Exclude
3436,08.0104.2046,8.104,Châm tê phẫu thuật tràn dịch màng tinh hoàn,Y học dân tộc và Phục hồi chức năng,Exclude
3437,08.0105.2046,8.105,Châm tê phẫu thuật cắt u nang tuyến giáp,Y học dân tộc và Phục hồi chức năng,Exclude
3438,08.0106.2046,8.106,Châm tê phẫu thuật cắt u tuyến giáp,Y học dân tộc và Phục hồi chức năng,Exclude
3439,08.0107.2046,8.107,Châm tê phẫu thuật cắt u lành phần mềm,Y học dân tộc và Phục hồi chức năng,Exclude
3440,08.0108.2046,8.108,Châm tê phẫu thuật cắt polip tử cung,Y học dân tộc và Phục hồi chức năng,Exclude
3441,08.0109.2046,8.109,Châm tê phẫu thuật cắt u thành âm đạo,Y học dân tộc và Phục hồi chức năng,Exclude
3442,08.0110.2046,8.110,Châm tê phẫu thuật bóc nhân tuyến giáp,Y học dân tộc và Phục hồi chức năng,Exclude
3443,08.0111.2046,8.111,"Châm tê phẫu thuật cắt u da đầu lành, đường kính trên 5 cm",Y học dân tộc và Phục hồi chức năng,Exclude
3444,08.0112.2046,8.112,"Châm tê phẫu thuật cắt u da đầu lành, đường kính từ 2- 5 cm",Y học dân tộc và Phục hồi chức năng,Exclude
3445,08.0113.2046,8.113,Châm tê phẫu thuật quặm,Y học dân tộc và Phục hồi chức năng,Exclude
3446,08.0114.2046,8.114,Điện mãng châm điều trị hội chứng thắt lưng- hông,Y học dân tộc và Phục hồi chức năng,Exclude
3447,08.0115.2046,8.115,Điện mãng châm điều trị béo phì,Y học dân tộc và Phục hồi chức năng,Exclude
3448,08.0116.2046,8.116,Điện mãng châm điều trị liệt nửa người do tai biến mạch máu não,Y học dân tộc và Phục hồi chức năng,Exclude
3449,08.0117.2046,8.117,Điện mãng châm điều trị hội chứng- dạ dày tá tràng,Y học dân tộc và Phục hồi chức năng,Exclude
3450,08.0118.2046,8.118,Điện mãng châm điều trị sa dạ dày,Y học dân tộc và Phục hồi chức năng,Exclude
3451,08.0119.2046,8.119,Điện mãng châm điều trị tâm căn suy nhược,Y học dân tộc và Phục hồi chức năng,Exclude
3452,08.0120.2046,8.120,Điện mãng châm điều trị trĩ,Y học dân tộc và Phục hồi chức năng,Exclude
3453,08.0121.2046,8.121,Điện mãng châm phục hồi chức năng vận động cho trẻ bại liệt,Y học dân tộc và Phục hồi chức năng,Exclude
3454,08.0122.2046,8.122,Điện mãng châm điều trị liệt do bệnh cơ ở trẻ em,Y học dân tộc và Phục hồi chức năng,Exclude
3455,08.0123.2046,8.123,Điện mãng châm điều trị liệt do tổn thương đám rối thần kinh cánh tay ở trẻ em,Y học dân tộc và Phục hồi chức năng,Exclude
3456,08.0124.2046,8.124,Điện mãng châm điều trị sa tử cung,Y học dân tộc và Phục hồi chức năng,Exclude
3457,08.0125.2046,8.125,Điện mãng châm điều trị hội chứng tiền mãn kinh,Y học dân tộc và Phục hồi chức năng,Exclude
3458,08.0126.2046,8.126,Điện mãng châm điều trị đái dầm,Y học dân tộc và Phục hồi chức năng,Exclude
3459,08.0127.2046,8.127,Điện mãng châm điều trị thống kinh,Y học dân tộc và Phục hồi chức năng,Exclude
3460,08.0128.2046,8.128,Điện mãng châm điều trị rối loạn kinh nguyệt,Y học dân tộc và Phục hồi chức năng,Exclude
3461,08.0129.2046,8.129,Điện mãng châm điều trị hội chứng tiền đình,Y học dân tộc và Phục hồi chức năng,Exclude
3462,08.0130.2046,8.130,Điện mãng châm điều trị hội chứng vai gáy,Y học dân tộc và Phục hồi chức năng,Exclude
3463,08.0131.2046,8.131,Điện mãng châm điều trị hen phế quản,Y học dân tộc và Phục hồi chức năng,Exclude
3464,08.0132.2046,8.132,Điện mãng châm điều trị huyết áp thấp,Y học dân tộc và Phục hồi chức năng,Exclude
3465,08.0133.2046,8.133,Điện mãng châm điều trị liệt dây thần kinh VII ngoại biên,Y học dân tộc và Phục hồi chức năng,Exclude
3466,08.0134.2046,8.134,Điện mãng châm điều trị tắc tia sữa,Y học dân tộc và Phục hồi chức năng,Exclude
3467,08.0135.2046,8.135,Điện mãng châm điều trị đau dây thần kinh liên sườn,Y học dân tộc và Phục hồi chức năng,Exclude
3468,08.0136.2046,8.136,Điện mãng châm điều trị thất vận ngôn,Y học dân tộc và Phục hồi chức năng,Exclude
3469,08.0137.2046,8.137,Điện mãng châm điều trị đau thần kinh V,Y học dân tộc và Phục hồi chức năng,Exclude
3470,08.0138.2046,8.138,Điện mãng châm điều trị liệt tứ chi do chấn thương cột sống,Y học dân tộc và Phục hồi chức năng,Exclude
3471,08.0139.2046,8.139,Điện mãng châm điều trị rối loạn thần kinh chức năng do chấn thương sọ não,Y học dân tộc và Phục hồi chức năng,Exclude
3472,08.0140.2046,8.140,Điện mãng châm điều trị khàn tiếng,Y học dân tộc và Phục hồi chức năng,Exclude
3473,08.0141.2046,8.141,Điện mãng châm điều trị liệt chi trên,Y học dân tộc và Phục hồi chức năng,Exclude
3474,08.0142.2046,8.142,Điện mãng châm điều trị liệt chi dưới,Y học dân tộc và Phục hồi chức năng,Exclude
3475,08.0143.2046,8.143,Điện mãng châm điều trị đau hố mắt,Y học dân tộc và Phục hồi chức năng,Exclude
3476,08.0144.2046,8.144,Điện mãng châm điều trị viêm kết mạc,Y học dân tộc và Phục hồi chức năng,Exclude
3477,08.0145.2046,8.145,Điện mãng châm điều trị giảm thị lực,Y học dân tộc và Phục hồi chức năng,Exclude
3478,08.0146.2046,8.146,Điện mãng châm điều trị,Y học dân tộc và Phục hồi chức năng,Exclude
3479,08.0150.2046,8.150,Điện mãng châm điều trị táo bón kéo dài,Y học dân tộc và Phục hồi chức năng,Exclude
3480,08.0151.2046,8.151,Điện mãng châm điều trị viêm mũi xoang,Y học dân tộc và Phục hồi chức năng,Exclude
3481,08.0152.2046,8.152,Điện mãng châm điều trị rối loạn tiêu hóa,Y học dân tộc và Phục hồi chức năng,Exclude
3482,08.0153.2046,8.153,Điện mãng châm điều trị đau răng,Y học dân tộc và Phục hồi chức năng,Exclude
3483,08.0154.2046,8.154,Điện mãng châm điều trị viêm đa khớp dạng thấp,Y học dân tộc và Phục hồi chức năng,Exclude
3484,08.0155.2046,8.155,Điện mãng châm điều trị viêm quanh khớp vai,Y học dân tộc và Phục hồi chức năng,Exclude
3485,08.0156.2046,8.156,Điện mãng châm điều trị giảm đau do thoái hóa khớp,Y học dân tộc và Phục hồi chức năng,Exclude
3486,08.0157.2046,8.157,Điện mãng châm điều trị đau lưng,Y học dân tộc và Phục hồi chức năng,Exclude
3487,08.0158.2046,8.158,Điện mãng châm điều trị di tinh,Y học dân tộc và Phục hồi chức năng,Exclude
3488,08.0159.2046,8.159,Điện mãng châm điều trị liệt dương,Y học dân tộc và Phục hồi chức năng,Exclude
3489,08.0160.2046,8.160,Điện mãng châm điều trị rối loạn tiểu tiện,Y học dân tộc và Phục hồi chức năng,Exclude
3490,08.0161.2046,8.161,Điện mãng châm điều trị bí đái cơ năng,Y học dân tộc và Phục hồi chức năng,Exclude
3491,08.0162.0230,8.162,Điện nhĩ châm điều trị hội chứng tiền đình,Y học dân tộc và Phục hồi chức năng,Exclude
3492,08.0163.0230,8.163,Điện nhĩ châm điều trị hội chứng vai gáy,Y học dân tộc và Phục hồi chức năng,Exclude
3493,08.0164.0230,8.164,Điện nhĩ châm điều trị hen phế quản,Y học dân tộc và Phục hồi chức năng,Exclude
3494,08.0165.0230,8.165,Điện nhĩ châm điều trị huyết áp thấp,Y học dân tộc và Phục hồi chức năng,Exclude
3495,08.0166.0230,8.166,Điện nhĩ châm điều trị liệt dây VII ngoại biên,Y học dân tộc và Phục hồi chức năng,Exclude
3496,08.0167.0230,8.167,Điện nhĩ châm điều trị tắc tia sữa,Y học dân tộc và Phục hồi chức năng,Exclude
3497,08.0168.0230,8.168,Điện nhĩ châm điều trị thiểu năng tuần hoàn não mạn tính,Y học dân tộc và Phục hồi chức năng,Exclude
3498,08.0169.0230,8.169,"Điện nhĩ châm điều trị đau đau đầu, đau nửa đầu",Y học dân tộc và Phục hồi chức năng,Exclude
3499,08.0170.0230,8.170,Điện nhĩ châm điều trị mất ngủ,Y học dân tộc và Phục hồi chức năng,Exclude
3500,08.0171.0230,8.171,Điện nhĩ châm điều trị hội chứng stress,Y học dân tộc và Phục hồi chức năng,Exclude
3501,08.0172.0230,8.172,Điện nhĩ châm điều trị nôn,Y học dân tộc và Phục hồi chức năng,Exclude
3502,08.0173.0230,8.173,Điện nhĩ châm điều trị nấc,Y học dân tộc và Phục hồi chức năng,Exclude
3503,08.0174.0230,8.174,Điện nhĩ châm điều trị cảm mạo,Y học dân tộc và Phục hồi chức năng,Exclude
3504,08.0177.0230,8.177,Điện nhĩ châm điều trị liệt nửa người do tai biến mạch máu não,Y học dân tộc và Phục hồi chức năng,Exclude
3505,08.0178.0230,8.178,Điện nhĩ châm điều trị hội chứng dạ dày-tá tràng,Y học dân tộc và Phục hồi chức năng,Exclude
3506,08.0179.0230,8.179,Điện nhĩ châm phục hồi chức năng cho trẻ bại liệt,Y học dân tộc và Phục hồi chức năng,Exclude
3507,08.0180.0230,8.180,Điện nhĩ châm điều trị giảm thính lực,Y học dân tộc và Phục hồi chức năng,Exclude
3508,08.0181.0230,8.181,Điện nhĩ châm điều trị hội chứng tự kỷ ở trẻ em,Y học dân tộc và Phục hồi chức năng,Exclude
3509,08.0182.0230,8.182,Điện nhĩ châm điều trị chậm phát triển trí tuệ ở trẻ bại não,Y học dân tộc và Phục hồi chức năng,Exclude
3510,08.0183.0230,8.183,Điện nhĩ châm điều trị phục hồi chức năng ở trẻ bại não,Y học dân tộc và Phục hồi chức năng,Exclude
3511,08.0184.0230,8.184,Điện nhĩ châm điều trị cơn đau quặn thận,Y học dân tộc và Phục hồi chức năng,Exclude
3512,08.0185.0230,8.185,Điện nhĩ châm điều trị viêm bàng quang,Y học dân tộc và Phục hồi chức năng,Exclude
3513,08.0186.0230,8.186,Điện nhĩ châm điều di tinh,Y học dân tộc và Phục hồi chức năng,Exclude
3514,08.0187.0230,8.187,Điện nhĩ châm điều trị liệt dương,Y học dân tộc và Phục hồi chức năng,Exclude
3515,08.0188.0230,8.188,Điện nhĩ châm điều trị rối loạn tiểu tiện,Y học dân tộc và Phục hồi chức năng,Exclude
3516,08.0189.0230,8.189,Điện nhĩ châm điều trị bí đái cơ năng,Y học dân tộc và Phục hồi chức năng,Exclude
3517,08.0190.0230,8.190,Điện nhĩ châm điều trị cơn động kinh cục bộ,Y học dân tộc và Phục hồi chức năng,Exclude
3518,08.0191.0230,8.191,Điện nhĩ châm điều trị sa tử cung,Y học dân tộc và Phục hồi chức năng,Exclude
3519,08.0192.0230,8.192,Điện nhĩ châm điều trị hội chứng tiền mãn kinh,Y học dân tộc và Phục hồi chức năng,Exclude
3520,08.0193.0230,8.193,Điện nhĩ châm điều trị thất vận ngôn,Y học dân tộc và Phục hồi chức năng,Exclude
3521,08.0194.0230,8.194,Điện nhĩ châm điều trị đau dây thần kinh V,Y học dân tộc và Phục hồi chức năng,Exclude
3522,08.0195.0230,8.195,Điện nhĩ châm điều trị liệt tứ chi do chấn thương cột sống,Y học dân tộc và Phục hồi chức năng,Exclude
3523,08.0196.0230,8.196,Điện nhĩ châm điều trị rối loạn thần kinh chức năng sau chấn thương sọ não,Y học dân tộc và Phục hồi chức năng,Exclude
3524,08.0197.0230,8.197,Điện nhĩ châm điều trị khàn tiếng,Y học dân tộc và Phục hồi chức năng,Exclude
3525,08.0198.0230,8.198,Điện nhĩ châm điều trị rối loạn cảm giác đầu chi,Y học dân tộc và Phục hồi chức năng,Exclude
3526,08.0199.0230,8.199,Điện nhĩ châm điều trị liệt chi trên,Y học dân tộc và Phục hồi chức năng,Exclude
3527,08.0200.0230,8.200,Điện nhĩ châm điều trị liệt chi dưới,Y học dân tộc và Phục hồi chức năng,Exclude
3528,08.0201.0230,8.201,Điện nhĩ châm điều trị thống kinh,Y học dân tộc và Phục hồi chức năng,Exclude
3529,08.0202.0230,8.202,Điện nhĩ châm điều trị rối loạn kinh nguyệt,Y học dân tộc và Phục hồi chức năng,Exclude
3530,08.0203.0230,8.203,Điện nhĩ châm điều trị đau hố mắt,Y học dân tộc và Phục hồi chức năng,Exclude
3531,08.0204.0230,8.204,Điện nhĩ châm điều trị viêm kết mạc,Y học dân tộc và Phục hồi chức năng,Exclude
3532,08.0205.0230,8.205,Điện nhĩ châm điều trị viêm thần kinh thị giác sau giai đoạn cấp,Y học dân tộc và Phục hồi chức năng,Exclude
3533,08.0206.0230,8.206,Điện nhĩ châm điều trị giảm thị lực,Y học dân tộc và Phục hồi chức năng,Exclude
3534,08.0208.0230,8.208,Điện nhĩ châm điều trị táo bón kéo dài,Y học dân tộc và Phục hồi chức năng,Exclude
3535,08.0209.0230,8.209,Điện nhĩ châm điều trị viêm mũi xoang,Y học dân tộc và Phục hồi chức năng,Exclude
3536,08.0211.0230,8.211,Điện nhĩ châm điều trị đái dầm,Y học dân tộc và Phục hồi chức năng,Exclude
3537,08.0212.0230,8.212,Điện nhĩ châm điều trị rối loạn tiêu hóa,Y học dân tộc và Phục hồi chức năng,Exclude
3538,08.0213.0230,8.213,Điện nhĩ châm điều trị đau răng,Y học dân tộc và Phục hồi chức năng,Exclude
3539,08.0215.0230,8.215,Điện nhĩ châm điều trị viêm khớp dạng thấp,Y học dân tộc và Phục hồi chức năng,Exclude
3540,08.0216.0230,8.216,Điện nhĩ châm điều trị viêm quanh khớp vai,Y học dân tộc và Phục hồi chức năng,Exclude
3541,08.0217.0230,8.217,Điện nhĩ châm điều trị đau do thoái hóa khớp,Y học dân tộc và Phục hồi chức năng,Exclude
3542,08.0218.0230,8.218,Điện nhĩ châm điều trị đau lưng,Y học dân tộc và Phục hồi chức năng,Exclude
3543,08.0219.0230,8.219,Điện nhĩ châm điều trị ù tai,Y học dân tộc và Phục hồi chức năng,Exclude
3544,08.0220.0230,8.220,Điện nhĩ châm điều trị giảm khứu giác,Y học dân tộc và Phục hồi chức năng,Exclude
3545,08.0221.0230,8.221,"Điện nhĩ châm điều trị liệt rễ, đám rối dây thần kinh",Y học dân tộc và Phục hồi chức năng,Exclude
3546,08.0222.0230,8.222,Điện nhĩ châm điều trị rối loạn cảm giác nông,Y học dân tộc và Phục hồi chức năng,Exclude
3547,08.0223.0230,8.223,Điện nhĩ châm điều trị rối loạn thần kinh thực vật,Y học dân tộc và Phục hồi chức năng,Exclude
3548,08.0224.0230,8.224,Điện nhĩ châm điều trị giảm đau do ung thư,Y học dân tộc và Phục hồi chức năng,Exclude
3549,08.0225.0230,8.225,Điện nhĩ châm điều trị giảm đau do Zona,Y học dân tộc và Phục hồi chức năng,Exclude
3550,08.0226.0230,8.226,"Điện nhĩ châm điều trị viêm đa rễ, đa dây thần kinh",Y học dân tộc và Phục hồi chức năng,Exclude
3551,08.0227.0230,8.227,Điện nhĩ châm điều trị chứng tíc cơ mặt,Y học dân tộc và Phục hồi chức năng,Exclude
3552,08.0228.0227,8.228,Cấy chỉ điều trị liệt nửa người do tai biến mạch máu não,Y học dân tộc và Phục hồi chức năng,Exclude
3553,08.0229.0227,8.229,Cấy chỉ điều trị tâm căn suy nhược,Y học dân tộc và Phục hồi chức năng,Exclude
3554,08.0230.0227,8.230,Cấy chỉ điều trị viêm mũi dị ứng,Y học dân tộc và Phục hồi chức năng,Exclude
3555,08.0231.0227,8.231,Cấy chỉ điều trị sa dạ dày,Y học dân tộc và Phục hồi chức năng,Exclude
3556,08.0232.0227,8.232,Cấy chỉ châm điều trị hội chứng dạ dày- tá tràng,Y học dân tộc và Phục hồi chức năng,Exclude
3557,08.0233.0227,8.233,Cấy chỉ điều trị mày đay,Y học dân tộc và Phục hồi chức năng,Exclude
3558,08.0234.0227,8.234,Cấy chỉ hỗ trợ điều trị vẩy nến,Y học dân tộc và Phục hồi chức năng,Exclude
3559,08.0235.0227,8.235,Cấy chỉ điều trị giảm thính lực,Y học dân tộc và Phục hồi chức năng,Exclude
3560,08.0236.0227,8.236,Cấy chỉ điều trị giảm thị lực,Y học dân tộc và Phục hồi chức năng,Exclude
3561,08.0237.0227,8.237,Cấy chỉ điều trị hội chứng tự kỷ,Y học dân tộc và Phục hồi chức năng,Exclude
3562,08.0238.0227,8.238,Cấy chỉ điều trị liệt do tổn thương đám rối cánh tay ở trẻ em,Y học dân tộc và Phục hồi chức năng,Exclude
3563,08.0239.0227,8.239,Cấy chỉ điều trị chậm phát triển trí tuệ ở trẻ bại não,Y học dân tộc và Phục hồi chức năng,Exclude
3564,08.0240.0227,8.240,Cấy chỉ châm điều trị phục hồi chức năng vận động ở trẻ bại não,Y học dân tộc và Phục hồi chức năng,Exclude
3565,08.0241.0227,8.241,Cấy chỉ điều trị hội chứng thắt lưng- hông,Y học dân tộc và Phục hồi chức năng,Exclude
3566,08.0242.0227,8.242,"Cấy chỉ điều trị đau đầu, đau nửa đầu",Y học dân tộc và Phục hồi chức năng,Exclude
3567,08.0243.0227,8.243,Cấy chỉ điều trị mất ngủ,Y học dân tộc và Phục hồi chức năng,Exclude
3568,08.0244.0227,8.244,Cấy chỉ điều trị nấc,Y học dân tộc và Phục hồi chức năng,Exclude
3569,08.0245.0227,8.245,Cấy chỉ điều trị hội chứng tiền đình,Y học dân tộc và Phục hồi chức năng,Exclude
3570,08.0246.0227,8.246,Cấy chỉ điều trị hội chứng vai gáy,Y học dân tộc và Phục hồi chức năng,Exclude
3571,08.0247.0227,8.247,Cấy chỉ điều trị hen phế quản,Y học dân tộc và Phục hồi chức năng,Exclude
3572,08.0248.0227,8.248,Cấy chỉ điều trị huyết áp thấp,Y học dân tộc và Phục hồi chức năng,Exclude
3573,08.0249.0227,8.249,Cấy chỉ điều trị liệt dây thần kinh VII ngoại biên,Y học dân tộc và Phục hồi chức năng,Exclude
3574,08.0250.0227,8.250,Cấy chỉ điều trị thiểu năng tuần hoàn não mạn tính,Y học dân tộc và Phục hồi chức năng,Exclude
3575,08.0251.0227,8.251,Cấy chỉ điều trị đau thần kinh liên sườn,Y học dân tộc và Phục hồi chức năng,Exclude
3576,08.0252.0227,8.252,Cấy chỉ điều trị thất vận ngôn,Y học dân tộc và Phục hồi chức năng,Exclude
3577,08.0253.0227,8.253,Cấy chỉ điều trị liệt tứ chi do chấn thương cột sống,Y học dân tộc và Phục hồi chức năng,Exclude
3578,08.0254.0227,8.254,Cấy chỉ điều trị rối loạn thần kinh chức năng sau chấn thương sọ não,Y học dân tộc và Phục hồi chức năng,Exclude
3579,08.0255.0227,8.255,Cấy chỉ điều trị hội chứng ngoại tháp,Y học dân tộc và Phục hồi chức năng,Exclude
3580,08.0256.0227,8.256,Cấy chỉ điều trị khàn tiếng,Y học dân tộc và Phục hồi chức năng,Exclude
3581,08.0257.0227,8.257,Cấy chỉ điều trị liệt chi trên,Y học dân tộc và Phục hồi chức năng,Exclude
3582,08.0258.0227,8.258,Cấy chỉ điều trị liệt chi dưới,Y học dân tộc và Phục hồi chức năng,Exclude
3583,08.0262.0227,8.262,Cấy chỉ điều trị viêm mũi xoang,Y học dân tộc và Phục hồi chức năng,Exclude
3584,08.0263.0227,8.263,Cấy chỉ điều trị rối loạn tiêu hóa,Y học dân tộc và Phục hồi chức năng,Exclude
3585,08.0264.0227,8.264,Cấy chỉ điều trị táo bón kéo dài,Y học dân tộc và Phục hồi chức năng,Exclude
3586,08.0265.0227,8.265,Cấy chỉ hỗ trợ điều trị viêm khớp dạng thấp,Y học dân tộc và Phục hồi chức năng,Exclude
3587,08.0266.0227,8.266,Cấy chỉ điều trị viêm quanh khớp vai,Y học dân tộc và Phục hồi chức năng,Exclude
3588,08.0267.0227,8.267,Cấy chỉ điều trị đau do thoái hóa khớp,Y học dân tộc và Phục hồi chức năng,Exclude
3589,08.0268.0227,8.268,Cấy chỉ điều trị đau lưng,Y học dân tộc và Phục hồi chức năng,Exclude
3590,08.0269.0227,8.269,Cấy chỉ điều trị đái dầm,Y học dân tộc và Phục hồi chức năng,Exclude
3591,08.0270.0227,8.270,Cấy chỉ điều trị cơn động kinh cục bộ,Y học dân tộc và Phục hồi chức năng,Exclude
3592,08.0271.0227,8.271,Cấy chỉ điều trị rối loạn kinh nguyệt,Y học dân tộc và Phục hồi chức năng,Exclude
3593,08.0272.0227,8.272,Cấy chỉ điều trị đau bụng kinh,Y học dân tộc và Phục hồi chức năng,Exclude
3594,08.0273.0227,8.273,Cấy chỉ điều trị sa tử cung,Y học dân tộc và Phục hồi chức năng,Exclude
3595,08.0274.0227,8.274,Cấy chỉ điều trị hội chứng tiền mãn kinh,Y học dân tộc và Phục hồi chức năng,Exclude
3596,08.0275.0227,8.275,Cấy chỉ điều trị di tinh,Y học dân tộc và Phục hồi chức năng,Exclude
3597,08.0276.0227,8.276,Cấy chỉ điều trị liệt dương,Y học dân tộc và Phục hồi chức năng,Exclude
3598,08.0277.0227,8.277,Cấy chỉ điều trị rối loạn tiểu tiện không tự chủ,Y học dân tộc và Phục hồi chức năng,Exclude
3599,08.0278.0230,8.278,Điện châm điều trị hội chứng tiền đình,Y học dân tộc và Phục hồi chức năng,Exclude
3600,08.0279.0230,8.279,Điện châm điều trị huyết áp thấp,Y học dân tộc và Phục hồi chức năng,Exclude
3601,08.0280.0230,8.280,Điện châm điều trị thiểu năng tuần hoàn não mạn tính,Y học dân tộc và Phục hồi chức năng,Exclude
3602,08.0281.0230,8.281,Điện châm điều trị hội chứng stress,Y học dân tộc và Phục hồi chức năng,Exclude
3603,08.0282.0230,8.282,Điện châm điều trị cảm mạo,Y học dân tộc và Phục hồi chức năng,Exclude
3604,08.0283.0230,8.283,Điện châm điều trị viêm amidan,Y học dân tộc và Phục hồi chức năng,Exclude
3605,08.0284.0230,8.284,Điện châm điều trị trĩ,Y học dân tộc và Phục hồi chức năng,Exclude
3606,08.0285.0230,8.285,Điện châm điều trị phục hồi chức năng cho trẻ bại liệt,Y học dân tộc và Phục hồi chức năng,Exclude
3607,08.0287.0230,8.287,Điện châm điều trị liệt tay do tổn thương đám rối cánh tay ở trẻ em,Y học dân tộc và Phục hồi chức năng,Exclude
3608,08.0288.0230,8.288,Điện châm điều trị chậm phát triển trí tuệ ở trẻ bại não,Y học dân tộc và Phục hồi chức năng,Exclude
3609,08.0289.0230,8.289,Điện châm điều trị phục hồi chức năng vận động ở trẻ bại não,Y học dân tộc và Phục hồi chức năng,Exclude
3610,08.0290.0230,8.290,Điện châm điều trị cơn đau quặn thận,Y học dân tộc và Phục hồi chức năng,Exclude
3611,08.0291.0230,8.291,Điện châm điều trị viêm bàng quang,Y học dân tộc và Phục hồi chức năng,Exclude
3612,08.0292.0230,8.292,Điện châm điều trị rối loạn tiểu tiện,Y học dân tộc và Phục hồi chức năng,Exclude
3613,08.0293.0230,8.293,Điện châm điều trị bí đái cơ năng,Y học dân tộc và Phục hồi chức năng,Exclude
3614,08.0294.0230,8.294,Điện châm điều trị sa tử cung,Y học dân tộc và Phục hồi chức năng,Exclude
3615,08.0295.0230,8.295,Điện châm điều trị hội chứng tiền mãn kinh,Y học dân tộc và Phục hồi chức năng,Exclude
3616,08.0296.0230,8.296,Điện châm điều trị liệt tứ chi do chấn thương cột sống,Y học dân tộc và Phục hồi chức năng,Exclude
3617,08.0297.0230,8.297,Điện châm điều trị rối loạn thần kinh chức năng sau chấn thương sọ não,Y học dân tộc và Phục hồi chức năng,Exclude
3618,08.0298.0230,8.298,Điện châm điều trị hội chứng ngoại tháp,Y học dân tộc và Phục hồi chức năng,Exclude
3619,08.0299.0230,8.299,Điện châm điều trị khàn tiếng,Y học dân tộc và Phục hồi chức năng,Exclude
3620,08.0300.0230,8.300,Điện châm điều trị rối loạn cảm giác đầu chi,Y học dân tộc và Phục hồi chức năng,Exclude
3621,08.0301.0230,8.301,Điện châm điều trị liệt chi trên,Y học dân tộc và Phục hồi chức năng,Exclude
3622,08.0302.0230,8.302,Điện châm điều trị chắp lẹo,Y học dân tộc và Phục hồi chức năng,Exclude
3623,08.0303.0230,8.303,Điện châm điều trị đau hố mắt,Y học dân tộc và Phục hồi chức năng,Exclude
3624,08.0304.0230,8.304,Điện châm điều trị viêm kết mạc,Y học dân tộc và Phục hồi chức năng,Exclude
3625,08.0305.0230,8.305,Điện châm điều trị viêm thần kinh thị giác sau giai đoạn cấp,Y học dân tộc và Phục hồi chức năng,Exclude
3626,08.0306.0230,8.306,Điện châm điều trị lác cơ năng,Y học dân tộc và Phục hồi chức năng,Exclude
3627,08.0307.0230,8.307,Điện châm điều trị rối loạn cảm giác nông,Y học dân tộc và Phục hồi chức năng,Exclude
3628,08.0310.0230,8.310,Điện châm điều trị viêm mũi xoang,Y học dân tộc và Phục hồi chức năng,Exclude
3629,08.0311.0230,8.311,Điện châm điều trị rối loạn tiêu hóa,Y học dân tộc và Phục hồi chức năng,Exclude
3630,08.0312.0230,8.312,Điện châm điều trị đau răng,Y học dân tộc và Phục hồi chức năng,Exclude
3631,08.0313.0230,8.313,Điện châm điều trị đau do thoái hóa khớp,Y học dân tộc và Phục hồi chức năng,Exclude
3632,08.0314.0230,8.314,Điện châm điều trị ù tai,Y học dân tộc và Phục hồi chức năng,Exclude
3633,08.0315.0230,8.315,Điện châm điều trị giảm khứu giác,Y học dân tộc và Phục hồi chức năng,Exclude
3634,08.0316.0230,8.316,Điện châm điều trị liệt do tổn thương đám rối dây thần kinh,Y học dân tộc và Phục hồi chức năng,Exclude
3635,08.0317.0230,8.317,Điện châm điều trị rối loạn thần kinh thực vật,Y học dân tộc và Phục hồi chức năng,Exclude
3636,08.0318.0230,8.318,Điện châm điều trị giảm đau do ung thư,Y học dân tộc và Phục hồi chức năng,Exclude
3637,08.0319.0230,8.319,Điện châm điều trị giảm đau do zona,Y học dân tộc và Phục hồi chức năng,Exclude
3638,08.0320.0230,8.320,"Điện châm điều trị liệt do viêm đa rễ, đa dây thần kinh",Y học dân tộc và Phục hồi chức năng,Exclude
3639,08.0321.0230,8.321,Điện châm điều trị chứng tic cơ mặt,Y học dân tộc và Phục hồi chức năng,Exclude
3640,08.0322.0271,8.322,Thuỷ châm điều trị hội chứng thắt lưng- hông,Y học dân tộc và Phục hồi chức năng,Exclude
3641,08.0323.0271,8.323,"Thuỷ châm điều trị đau đầu, đau nửa đầu",Y học dân tộc và Phục hồi chức năng,Exclude
3642,08.0324.0271,8.324,Thuỷ châm điều trị mất ngủ,Y học dân tộc và Phục hồi chức năng,Exclude
3643,08.0325.0271,8.325,Thuỷ châm điều trị hội chứng stress,Y học dân tộc và Phục hồi chức năng,Exclude
3644,08.0326.0271,8.326,Thuỷ châm điều trị nấc,Y học dân tộc và Phục hồi chức năng,Exclude
3645,08.0327.0271,8.327,"Thuỷ châm điều trị cảm mạo, cúm",Y học dân tộc và Phục hồi chức năng,Exclude
3646,08.0328.0271,8.328,Thuỷ châm điều trị viêm amydan,Y học dân tộc và Phục hồi chức năng,Exclude
3647,08.0330.0271,8.330,Thuỷ châm điều trị liệt nửa người do tai biến mạch máu não,Y học dân tộc và Phục hồi chức năng,Exclude
3648,08.0331.0271,8.331,Thuỷ châm điều trị hội chứng dạ dày tá tràng,Y học dân tộc và Phục hồi chức năng,Exclude
3649,08.0332.0271,8.332,Thuỷ châm điều trị sa dạ dày,Y học dân tộc và Phục hồi chức năng,Exclude
3650,08.0333.0271,8.333,Thuỷ châm điều trị trĩ,Y học dân tộc và Phục hồi chức năng,Exclude
3651,08.0334.0271,8.334,Thuỷ châm hỗ trợ điều trị bệnh vẩy nến,Y học dân tộc và Phục hồi chức năng,Exclude
3652,08.0335.0271,8.335,Thuỷ châm điều trị mày đay,Y học dân tộc và Phục hồi chức năng,Exclude
3653,08.0336.0271,8.336,Thuỷ châm điều trị bệnh viêm mũi dị ứng,Y học dân tộc và Phục hồi chức năng,Exclude
3654,08.0337.0271,8.337,Thuỷ châm điều trị tâm căn suy nhược,Y học dân tộc và Phục hồi chức năng,Exclude
3655,08.0338.0271,8.338,Thuỷ châm điều trị bại liệt trẻ em,Y học dân tộc và Phục hồi chức năng,Exclude
3656,08.0339.0271,8.339,Thuỷ châm điều trị giảm thính lực,Y học dân tộc và Phục hồi chức năng,Exclude
3657,08.0340.0271,8.340,Thuỷ châm điều trị liệt trẻ em,Y học dân tộc và Phục hồi chức năng,Exclude
3658,08.0341.0271,8.341,Thuỷ châm điều trị bệnh tự kỷ ở trẻ em,Y học dân tộc và Phục hồi chức năng,Exclude
3659,08.0342.0271,8.342,Thuỷ châm điều trị liệt do tổn thương đám rối cánh tay ở trẻ em,Y học dân tộc và Phục hồi chức năng,Exclude
3660,08.0343.0271,8.343,Thuỷ châm điều trị chậm phát triển trí tuệ ở trẻ bại não,Y học dân tộc và Phục hồi chức năng,Exclude
3661,08.0344.0271,8.344,Thuỷ châm điều trị phục hồi chức năng vận động ở trẻ bại não,Y học dân tộc và Phục hồi chức năng,Exclude
3662,08.0345.0271,8.345,Thuỷ châm điều trị cơn động kinh cục bộ,Y học dân tộc và Phục hồi chức năng,Exclude
3663,08.0346.0271,8.346,Thuỷ châm điều trị sa tử cung,Y học dân tộc và Phục hồi chức năng,Exclude
3664,08.0347.0271,8.347,Thuỷ châm điều trị hội chứng tiền mãn kinh,Y học dân tộc và Phục hồi chức năng,Exclude
3665,08.0348.0271,8.348,Thuỷ châm điều trị thống kinh,Y học dân tộc và Phục hồi chức năng,Exclude
3666,08.0349.0271,8.349,Thuỷ châm điều trị rối loạn kinh nguyệt,Y học dân tộc và Phục hồi chức năng,Exclude
3667,08.0350.0271,8.350,Thuỷ châm điều trị đái dầm,Y học dân tộc và Phục hồi chức năng,Exclude
3668,08.0351.0271,8.351,Thuỷ châm điều trị hội chứng tiền đình,Y học dân tộc và Phục hồi chức năng,Exclude
3669,08.0352.0271,8.352,Thuỷ châm điều trị đau vai gáy,Y học dân tộc và Phục hồi chức năng,Exclude
3670,08.0353.0271,8.353,Thuỷ châm điều trị hen phế quản,Y học dân tộc và Phục hồi chức năng,Exclude
3671,08.0354.0271,8.354,Thuỷ châm điều trị huyết áp thấp,Y học dân tộc và Phục hồi chức năng,Exclude
3672,08.0355.0271,8.355,Thuỷ châm điều trị thiểu năng tuần hoàn não mạn tính,Y học dân tộc và Phục hồi chức năng,Exclude
3673,08.0356.0271,8.356,Thuỷ châm điều trị liệt dây thần kinh VII ngoại biên,Y học dân tộc và Phục hồi chức năng,Exclude
3674,08.0357.0271,8.357,Thuỷ châm điều trị đau dây thần kinh liên sườn,Y học dân tộc và Phục hồi chức năng,Exclude
3675,08.0358.0271,8.358,Thuỷ châm điều trị thất vận ngôn,Y học dân tộc và Phục hồi chức năng,Exclude
3676,08.0359.0271,8.359,Thuỷ châm điều trị đau dây V,Y học dân tộc và Phục hồi chức năng,Exclude
3677,08.0360.0271,8.360,Thuỷ châm điều trị đau liệt tứ chi do chấn thương cột sống,Y học dân tộc và Phục hồi chức năng,Exclude
3678,08.0361.0271,8.361,Thuỷ châm điều trị loạn chức năng do chấn thương sọ não,Y học dân tộc và Phục hồi chức năng,Exclude
3679,08.0362.0271,8.362,Thuỷ châm điều trị hội chứng ngoại tháp,Y học dân tộc và Phục hồi chức năng,Exclude
3680,08.0363.0271,8.363,Thuỷ châm điều trị khàn tiếng,Y học dân tộc và Phục hồi chức năng,Exclude
3681,08.0364.0271,8.364,Thuỷ châm điều trị rối loạn cảm giác đầu chi,Y học dân tộc và Phục hồi chức năng,Exclude
3682,08.0365.0271,8.365,Thuỷ châm điều trị liệt chi trên,Y học dân tộc và Phục hồi chức năng,Exclude
3683,08.0366.0271,8.366,Thuỷ châm điều trị liệt hai chi dưới,Y học dân tộc và Phục hồi chức năng,Exclude
3684,08.0367.0271,8.367,Thuỷ châm điều trị sụp mi,Y học dân tộc và Phục hồi chức năng,Exclude
3685,08.0371.0271,8.371,Thuỷ châm điều trị viêm mũi xoang,Y học dân tộc và Phục hồi chức năng,Exclude
3686,08.0372.0271,8.372,Thuỷ châm điều trị rối loạn tiêu hóa,Y học dân tộc và Phục hồi chức năng,Exclude
3687,08.0373.0271,8.373,Thuỷ châm điều trị đau răng,Y học dân tộc và Phục hồi chức năng,Exclude
3688,08.0374.0271,8.374,Thuỷ châm điều trị táo bón kéo dài,Y học dân tộc và Phục hồi chức năng,Exclude
3689,08.0375.0271,8.375,Thuỷ châm hỗ trợ điều trị viêm khớp dạng thấp,Y học dân tộc và Phục hồi chức năng,Exclude
3690,08.0376.0271,8.376,Thuỷ châm điều trị đau do thoái hóa khớp,Y học dân tộc và Phục hồi chức năng,Exclude
3691,08.0377.0271,8.377,Thuỷ châm điều trị viêm quanh khớp vai,Y học dân tộc và Phục hồi chức năng,Exclude
3692,08.0378.0271,8.378,Thuỷ châm điều trị đau lưng,Y học dân tộc và Phục hồi chức năng,Exclude
3693,08.0379.0271,8.379,Thuỷ châm điều trị sụp mi,Y học dân tộc và Phục hồi chức năng,Exclude
3694,08.0380.0271,8.380,Thuỷ châm điều trị đau hố mắt,Y học dân tộc và Phục hồi chức năng,Exclude
3695,08.0381.0271,8.381,Thuỷ châm điều trị viêm thần kinh thị giác sau giai đoạn cấp,Y học dân tộc và Phục hồi chức năng,Exclude
3696,08.0382.0271,8.382,Thuỷ châm điều trị lác cơ năng,Y học dân tộc và Phục hồi chức năng,Exclude
3697,08.0383.0271,8.383,Thuỷ châm điều trị giảm thị lực,Y học dân tộc và Phục hồi chức năng,Exclude
3698,08.0384.0271,8.384,Thuỷ châm điều trị viêm bàng quang,Y học dân tộc và Phục hồi chức năng,Exclude
3699,08.0385.0271,8.385,Thuỷ châm điều trị di tinh,Y học dân tộc và Phục hồi chức năng,Exclude
3700,08.0386.0271,8.386,Thuỷ châm điều trị liệt dương,Y học dân tộc và Phục hồi chức năng,Exclude
3701,08.0387.0271,8.387,Thuỷ châm điều trị rối loạn tiểu tiện,Y học dân tộc và Phục hồi chức năng,Exclude
3702,08.0388.0271,8.388,Thuỷ châm điều trị bí đái cơ năng,Y học dân tộc và Phục hồi chức năng,Exclude
3703,08.0389.0280,8.389,Xoa bóp bấm huyệt điều trị liệt chi trên,Y học dân tộc và Phục hồi chức năng,Exclude
3704,08.0390.0280,8.390,Xoa bóp bấm huyệt điều trị liệt chi dưới,Y học dân tộc và Phục hồi chức năng,Exclude
3705,08.0391.0280,8.391,Xoa bóp bấm huyệt điều trị liệt nửa người do tai biến mạch máu não,Y học dân tộc và Phục hồi chức năng,Exclude
3706,08.0392.0280,8.392,Xoa bóp bấm huyệt điều trị hội chứng thắt lưng- hông,Y học dân tộc và Phục hồi chức năng,Exclude
3707,08.0393.0280,8.393,Xoa bóp bấm huyệt điều trị liệt do viêm não,Y học dân tộc và Phục hồi chức năng,Exclude
3708,08.0394.0280,8.394,Xoa bóp bấm huyệt điều trị chậm phát triển trí tuệ ở trẻ bại não,Y học dân tộc và Phục hồi chức năng,Exclude
3709,08.0395.0280,8.395,Xoa bóp bấm huyệt phục hồi chức năng vận động ở trẻ bại não,Y học dân tộc và Phục hồi chức năng,Exclude
3710,08.0396.0280,8.396,Xoa bóp bấm huyệt điều trị cứng khớp chi trên,Y học dân tộc và Phục hồi chức năng,Exclude
3711,08.0397.0280,8.397,Xoa bóp bấm huyệt điều trị cứng khớp chi dưới,Y học dân tộc và Phục hồi chức năng,Exclude
3712,08.0398.0280,8.398,"Xoa bóp bấm huyệt điều trị choáng, ngất",Y học dân tộc và Phục hồi chức năng,Exclude
3713,08.0399.0280,8.399,Xoa bóp bấm huyệt điều trị bệnh tự kỷ ở trẻ em,Y học dân tộc và Phục hồi chức năng,Exclude
3714,08.0400.0280,8.400,Xoa bóp bấm huyệt điều trị chứng ù tai,Y học dân tộc và Phục hồi chức năng,Exclude
3715,08.0401.0280,8.401,Xoa bóp bấm huyệt điều trị giảm khứu giác,Y học dân tộc và Phục hồi chức năng,Exclude
3716,08.0402.0280,8.402,Xoa bóp bấm huyệt điều trị liệt do bệnh của cơ,Y học dân tộc và Phục hồi chức năng,Exclude
3717,08.0406.0280,8.406,Xoa bóp bấm huyệt điều trị tâm căn suy nhược,Y học dân tộc và Phục hồi chức năng,Exclude
3718,08.0407.0280,8.407,Xoa bóp bấm huyệt điều trị hội chứng ngoại tháp,Y học dân tộc và Phục hồi chức năng,Exclude
3719,08.0408.0280,8.408,"Xoa bóp bấm huyệt điều trị đau đầu, đau nửa đầu",Y học dân tộc và Phục hồi chức năng,Exclude
3720,08.0409.0280,8.409,Xoa bóp bấm huyệt điều trị mất ngủ,Y học dân tộc và Phục hồi chức năng,Exclude
3721,08.0410.0280,8.410,Xoa bóp bấm huyệt điều trị hội chứng stress,Y học dân tộc và Phục hồi chức năng,Exclude
3722,08.0411.0280,8.411,Xoa bóp bấm huyệt điều trị thiểu năng tuần hoàn não mạn tính,Y học dân tộc và Phục hồi chức năng,Exclude
3723,08.0412.0280,8.412,"Xoa bóp bấm huyệt điều trị tổn thương rễ, đám rối và dây thần kinh",Y học dân tộc và Phục hồi chức năng,Exclude
3724,08.0413.0280,8.413,Xoa bóp bấm huyệt điều trị tổn thương dây thần kinh V,Y học dân tộc và Phục hồi chức năng,Exclude
3725,08.0414.0280,8.414,Xoa bóp bấm huyệt điều trị liệt dây thần kinh số VII ngoại biên,Y học dân tộc và Phục hồi chức năng,Exclude
3726,08.0415.0280,8.415,Xoa bóp bấm huyệt điều trị sụp mi,Y học dân tộc và Phục hồi chức năng,Exclude
3727,08.0416.0280,8.416,Xoa bóp bấm huyệt điều trị viêm thần kinh thị giác sau giai đoạn cấp,Y học dân tộc và Phục hồi chức năng,Exclude
3728,08.0417.0280,8.417,Xoa bóp bấm huyệt điều trị lác cơ năng,Y học dân tộc và Phục hồi chức năng,Exclude
3729,08.0418.0280,8.418,Xoa bóp bấm huyệt điều trị giảm thị lực,Y học dân tộc và Phục hồi chức năng,Exclude
3730,08.0419.0280,8.419,Xoa bóp bấm huyệt điều trị hội chứng tiền đình,Y học dân tộc và Phục hồi chức năng,Exclude
3731,08.0420.0280,8.420,Xoa bóp bấm huyệt điều trị giảm thính lực,Y học dân tộc và Phục hồi chức năng,Exclude
3732,08.0421.0280,8.421,Xoa bóp bấm huyệt điều trị viêm mũi xoang,Y học dân tộc và Phục hồi chức năng,Exclude
3733,08.0422.0280,8.422,Xoa bóp bấm huyệt điều trị hen phế quản,Y học dân tộc và Phục hồi chức năng,Exclude
3734,08.0423.0280,8.423,Xoa bóp bấm huyệt hỗ trợ điều trị tăng huyết áp,Y học dân tộc và Phục hồi chức năng,Exclude
3735,08.0424.0280,8.424,Xoa bóp bấm huyệt điều trị huyết áp thấp,Y học dân tộc và Phục hồi chức năng,Exclude
3736,08.0425.0280,8.425,Xoa bóp bấm huyệt điều trị đau thần kinh liên sườn,Y học dân tộc và Phục hồi chức năng,Exclude
3737,08.0426.0280,8.426,Xoa bóp bấm huyệt điều trị hội chứng dạ dày- tá tràng,Y học dân tộc và Phục hồi chức năng,Exclude
3738,08.0427.0280,8.427,Xoa búp bấm huyệt điều trị nấc,Y học dân tộc và Phục hồi chức năng,Exclude
3739,08.0428.0280,8.428,Xoa bóp bấm huyệt điều trị viêm khớp dạng thấp,Y học dân tộc và Phục hồi chức năng,Exclude
3740,08.0429.0280,8.429,Xoa bóp bấm huyệt điều trị đau do thoái hoá khớp,Y học dân tộc và Phục hồi chức năng,Exclude
3741,08.0430.0280,8.430,Xoa bóp bấm huyệt điều trị đau lưng,Y học dân tộc và Phục hồi chức năng,Exclude
3742,08.0431.0280,8.431,Xoa bóp bấm huyệt điều trị viêm quanh khớp vai,Y học dân tộc và Phục hồi chức năng,Exclude
3743,08.0432.0280,8.432,Xoa bóp bấm huyệt điều trị hội chứng vai gáy,Y học dân tộc và Phục hồi chức năng,Exclude
3744,08.0433.0280,8.433,Xoa bóp bấm huyệt điều trị chứng tic cơ mặt,Y học dân tộc và Phục hồi chức năng,Exclude
3745,08.0434.0280,8.434,Xoa bóp bấm huyệt điều trị rối loạn cảm giác đầu chi,Y học dân tộc và Phục hồi chức năng,Exclude
3746,08.0435.0280,8.435,Xoa bóp bấm huyệt điều trị tắc tia sữa,Y học dân tộc và Phục hồi chức năng,Exclude
3747,08.0436.0280,8.436,Xoa bóp bấm huyệt điều trị rối loạn kinh nguyệt,Y học dân tộc và Phục hồi chức năng,Exclude
3748,08.0437.0280,8.437,Xoa bóp bấm huyệt điều trị đau bụng kinh,Y học dân tộc và Phục hồi chức năng,Exclude
3749,08.0438.0280,8.438,Xoa bóp bấm huyệt điều trị hội chứng tiền mãn kinh,Y học dân tộc và Phục hồi chức năng,Exclude
3750,08.0439.0280,8.439,Xoa bóp bấm huyệt điều trị táo bón,Y học dân tộc và Phục hồi chức năng,Exclude
3751,08.0440.0280,8.440,Xoa bóp bấm huyệt điều trị rối loạn tiêu hoá,Y học dân tộc và Phục hồi chức năng,Exclude
3752,08.0441.0280,8.441,Xoa bóp bấm huyệt điều trị rối loạn cảm giác nông,Y học dân tộc và Phục hồi chức năng,Exclude
3753,08.0442.0280,8.442,Xoa bóp bấm huyệt điều trị bí đái cơ năng,Y học dân tộc và Phục hồi chức năng,Exclude
3754,08.0443.0280,8.443,Xoa bóp bấm huyệt điều trị rối loạn thần kinh thực vật,Y học dân tộc và Phục hồi chức năng,Exclude
3755,08.0444.0280,8.444,Xoa bóp bấm huyệt điều trị béo phì,Y học dân tộc và Phục hồi chức năng,Exclude
3756,08.0445.0280,8.445,Xoa bóp bấm huyệt điều trị rối loạn chức năng vận động do chấn thương sọ não,Y học dân tộc và Phục hồi chức năng,Exclude
3757,08.0446.0280,8.446,Xoa bóp bấm huyệt điều trị liệt tứ chi do chấn thương cột sống,Y học dân tộc và Phục hồi chức năng,Exclude
3758,08.0447.0280,8.447,Xoa bóp bấm huyệt điều trị giảm đau sau phẫu thuật,Y học dân tộc và Phục hồi chức năng,Exclude
3759,08.0448.0280,8.448,Xoa bóp bấm huyệt điều trị giảm đau do ung thư,Y học dân tộc và Phục hồi chức năng,Exclude
3760,08.0449.0280,8.449,Xoa bóp bấm huyệt điều trị đái dầm,Y học dân tộc và Phục hồi chức năng,Exclude
3761,08.0450.0280,8.450,Xoa bóp bấm huyệt điều trị hội chứng phân ly,Y học dân tộc và Phục hồi chức năng,Exclude
3762,08.0451.0228,8.451,Cứu điều trị hội chứng thắt lưng- hông thể phong hàn,Y học dân tộc và Phục hồi chức năng,Exclude
3763,08.0452.0228,8.452,"Cứu điều trị đau đầu, đau nửa đầu thể hàn",Y học dân tộc và Phục hồi chức năng,Exclude
3764,08.0453.0228,8.453,Cứu điều trị nấc thể hàn,Y học dân tộc và Phục hồi chức năng,Exclude
3765,08.0454.0228,8.454,Cứu điều trị ngoại cảm phong hàn,Y học dân tộc và Phục hồi chức năng,Exclude
3766,08.0455.0228,8.455,Cứu điều trị khàn tiếng thể hàn,Y học dân tộc và Phục hồi chức năng,Exclude
3767,08.0456.0228,8.456,Cứu điều trị rối loạn cảm giác đầu chi thể hàn,Y học dân tộc và Phục hồi chức năng,Exclude
3768,08.0457.0228,8.457,Cứu điều trị liệt chi trên thể hàn,Y học dân tộc và Phục hồi chức năng,Exclude
3769,08.0458.0228,8.458,Cứu điều trị liệt chi dưới thể hàn,Y học dân tộc và Phục hồi chức năng,Exclude
3770,08.0459.0228,8.459,Cứu điều trị liệt nửa người thể hàn,Y học dân tộc và Phục hồi chức năng,Exclude
3771,08.0460.0228,8.460,Cứu điều trị liệt dây thần kinh số VII ngoại biên thể hàn,Y học dân tộc và Phục hồi chức năng,Exclude
3772,08.0461.0228,8.461,Cứu điều trị đau vai gáy cấp thể hàn,Y học dân tộc và Phục hồi chức năng,Exclude
3773,08.0462.0228,8.462,Cứu điều trị giảm thính lực thể hàn,Y học dân tộc và Phục hồi chức năng,Exclude
3774,08.0463.0228,8.463,Cứu hỗ trợ điều trị bệnh tự kỷ thể hàn,Y học dân tộc và Phục hồi chức năng,Exclude
3775,08.0464.0228,8.464,Cứu điều trị chậm phát triển trí tuệ ở trẻ bại não,Y học dân tộc và Phục hồi chức năng,Exclude
3776,08.0465.0228,8.465,Cứu điều trị di tinh thể hàn,Y học dân tộc và Phục hồi chức năng,Exclude
3777,08.0466.0228,8.466,Cứu điều trị liệt dương thể hàn,Y học dân tộc và Phục hồi chức năng,Exclude
3778,08.0467.0228,8.467,Cứu điều trị rối loạn tiểu tiện thể hàn,Y học dân tộc và Phục hồi chức năng,Exclude
3779,08.0468.0228,8.468,Cứu điều trị bí đái thể hàn,Y học dân tộc và Phục hồi chức năng,Exclude
3780,08.0469.0228,8.469,Cứu điều trị sa tử cung thể hàn,Y học dân tộc và Phục hồi chức năng,Exclude
3781,08.0470.0228,8.470,Cứu điều trị đau bụng kinh thể hàn,Y học dân tộc và Phục hồi chức năng,Exclude
3782,08.0471.0228,8.471,Cứu điều trị rối loạn kinh nguyệt thể hàn,Y học dân tộc và Phục hồi chức năng,Exclude
3783,08.0472.0228,8.472,Cứu điều trị đái dầm thể hàn,Y học dân tộc và Phục hồi chức năng,Exclude
3784,08.0473.0228,8.473,Cứu điều trị đau lưng thể hàn,Y học dân tộc và Phục hồi chức năng,Exclude
3785,08.0474.0228,8.474,Cứu điều trị giảm khứu giác thể hàn,Y học dân tộc và Phục hồi chức năng,Exclude
3786,08.0475.0228,8.475,Cứu điều trị rối loạn thần kinh thực vật thể hàn,Y học dân tộc và Phục hồi chức năng,Exclude
3787,08.0476.0228,8.476,Cứu điều trị cảm cúm thể hàn,Y học dân tộc và Phục hồi chức năng,Exclude
3788,08.0477.0228,8.477,Cứu điều trị rối loạn tiêu hóa thể hàn,Y học dân tộc và Phục hồi chức năng,Exclude
3789,08.0479.0235,8.479,Giác hơi điều trị ngoại cảm phong hàn,Y học dân tộc và Phục hồi chức năng,Exclude
3790,08.0480.0235,8.480,Giác hơi điều trị ngoại cảm phong nhiệt,Y học dân tộc và Phục hồi chức năng,Exclude
3791,08.0481.0235,8.481,Giác hơi điều trị các chứng đau,Y học dân tộc và Phục hồi chức năng,Exclude
3792,08.0482.0235,8.482,Giác hơi điều trị cảm cúm,Y học dân tộc và Phục hồi chức năng,Exclude
3793,08.0483.0280,8.483,Xoa bóp bấm huyệt bằng tay,Y học dân tộc và Phục hồi chức năng,Exclude
3794,08.0484.0281,8.484,Xoa bóp bấm huyệt bằng máy,Y học dân tộc và Phục hồi chức năng,Exclude
3795,08.0485.0235,8.485,Giác hơi,Y học dân tộc và Phục hồi chức năng,Exclude
3796,08.0486.0238,8.486,Nắn bó trật khớp bằng phương pháp YHCT,Y học dân tộc và Phục hồi chức năng,Exclude
3797,10.0001.0577,10.1,Phẫu thuật xử lý vết thương da đầu phức tạp,Ngoại khoa,Exclude
3798,10.0002.0386,10.2,Phẫu thuật vỡ lún xương sọ hở,Ngoại khoa,Exclude
3799,10.0003.0386,10.3,Phẫu thuật vết thương sọ não (có rách màng não),Ngoại khoa,Exclude
3800,10.0004.0386,10.4,Phẫu thuật xử lý lún sọ không có vết thương,Ngoại khoa,Exclude
3801,10.0005.0370,10.5,Phẫu thuật lấy máu tụ ngoài màng cứng trên lều tiểu não,Ngoại khoa,Exclude
3802,10.0006.0370,10.6,Phẫu thuật lấy máu tụ ngoài mầng cứng dưới lều tiểu não (hố sau),Ngoại khoa,Exclude
3803,10.0007.0370,10.7,Phẫu thuật lấy máu tụ ngoài màng cứng nhiều vị trí trên lều và/hoặc dưới lều tiểu não,Ngoại khoa,Exclude
3804,10.0008.0370,10.8,Phẫu thuật lấy máu tụ dưới màng cứng cấp tính,Ngoại khoa,Exclude
3805,10.0009.0370,10.9,Phẫu thuật lấy màu tụ dưới màng cứng mạn tính một bên,Ngoại khoa,Exclude
3806,10.0010.0370,10.10,Phẫu thuật lấy máu tụ dưới màng cứng mạn tính hai bên,Ngoại khoa,Exclude
3807,10.0011.0370,10.11,Phẫu thuật dẫn lưu máu tụ trong não thất,Ngoại khoa,Exclude
3808,10.0012.0370,10.12,Phẫu thuật lấy máu tụ trong não thất,Ngoại khoa,Exclude
3809,10.0013.0386,10.13,Phẫu thuật xử lý vết thương xoang hơi trán,Ngoại khoa,Exclude
3810,10.0014.0386,10.14,Phẫu thuật xử lý vết thương xoang tĩnh mạch sọ,Ngoại khoa,Exclude
3811,10.0015.0370,10.15,"Phẫu thuật mở nắp sọ giải ép trong tăng áp lực nội sọ (do máu tụ, thiếu máu não, phù não)",Ngoại khoa,Exclude
3812,10.0016.0373,10.16,Phẫu thuật dẫn lưu não thất ra ngoài trong chấn thương sọ não (CTSN),Ngoại khoa,Exclude
3813,10.0017.0384,10.17,Phẫu thuật vá khuyết sọ sau chấn thương sọ não,Ngoại khoa,Exclude
3814,10.0018.0373,10.18,Phẫu thuật đặt catheter vào não thất đo áp lực nội sọ,Ngoại khoa,Exclude
3815,10.0019.0373,10.19,Phẫu thuật đặt catheter vào nhu mô đo áp lực nội sọ,Ngoại khoa,Exclude
3816,10.0020.0373,10.20,Phẫu thuật đặt catheter vào ống sống thắt lưng đo áp lực dịch não tuỷ,Ngoại khoa,Exclude
3817,10.0021.0376,10.21,Phẫu thuật vá đường dò dịch não tủy ở vòm sọ sau CTSN,Ngoại khoa,Exclude
3818,10.0022.0376,10.22,Phẫu thuật vá đường dò dịch não tủy nền sọ sau CTSN,Ngoại khoa,Exclude
3819,10.0023.0370,10.23,Phẫu thuật lấy máu tụ quanh ổ mắt sau CTSN,Ngoại khoa,Exclude
3820,10.0024.0370,10.24,Phẫu thuật giải chèn ép thần kinh thị giác do vỡ ống thị giác,Ngoại khoa,Exclude
3821,10.0025.0372,10.25,"Phẫu thuật chọc hút áp xe não, bán cầu đại não",Ngoại khoa,Exclude
3822,10.0026.0372,10.26,"Phẫu thuật chọc hút áp xe não, tiểu não",Ngoại khoa,Exclude
3823,10.0027.0372,10.27,"Phẫu thuật lấy bao áp xe não, đại não, bằng đường mở nắp sọ",Ngoại khoa,Exclude
3824,10.0028.0372,10.28,"Phẫu thuật lấy bao áp xe não, tiểu não, bằng đường mở nắp sọ",Ngoại khoa,Exclude
3825,10.0029.0383,10.29,Phẫu thuật viêm xương sọ,Ngoại khoa,Exclude
3826,10.0030.0372,10.30,Phẫu thuật áp xe não bằng đường qua xương đá,Ngoại khoa,Exclude
3827,10.0031.0372,10.31,Phẫu thuật áp xe não bằng đường qua mê nhĩ,Ngoại khoa,Exclude
3828,10.0033.0372,10.33,Phẫu thuật tụ mủ dưới màng cứng,Ngoại khoa,Exclude
3829,10.0034.0372,10.34,Phẫu thuật tụ mủ ngoài màng cứng,Ngoại khoa,Exclude
3830,10.0035.0373,10.35,Phẫu thuật áp xe ngoài màng tủy,Ngoại khoa,Exclude
3831,10.0036.0369,10.36,Phẫu thuật áp xe dưới màng tủy,Ngoại khoa,Exclude
3832,10.0037.0571,10.37,Phẫu thuật điều trị viêm xương đốt sống,Ngoại khoa,Exclude
3833,10.0041.0378,10.41,"Phẫu thuật lấy bỏ u mỡ (lipoma) ở vùng đuôi ngựa + đóng thoát vị màng tủy hoặc thoát vị tuỷ-màng tuỷ, bằng đường vào phía sau",Ngoại khoa,Exclude
3834,10.0042.0377,10.42,"Phẫu thuật đóng dị tật nứt đốt sống (spina bifida) kèm theo thoát vị màng tuỷ, bằng đường vào phía sau",Ngoại khoa,Exclude
3835,10.0043.0377,10.43,"Phẫu thuật đóng dị tật nứt đốt sống (spina bifida) kèm theo thoát vị tuỷ-màng tuỷ, bằng đường vào phía sau",Ngoại khoa,Exclude
3836,10.0044.0377,10.44,"Giải phóng dị tật tủy sống chẻ đôi, bằng đường vào phía sau",Ngoại khoa,Exclude
3837,10.0045.0369,10.45,Phẫu thuật cắt bỏ đường dò dưới da-dưới màng tuỷ,Ngoại khoa,Exclude
3838,10.0046.0374,10.46,Phẫu thuật lấy bỏ nang màng tủy (meningeal cysts) trong ống sống bằng đường vào phía sau,Ngoại khoa,Exclude
3839,10.0047.0377,10.47,Phẫu thuật đóng đường dò dịch não tủy hoặc một thoát vị màng tủy sau mổ tủy sống,Ngoại khoa,Exclude
3840,10.0048.0374,10.48,"Phãu thuật u dưới trong màng tủy, ngoài tuỷ, bằng đường vào phía sau hoặc sau –ngoài",Ngoại khoa,Exclude
3841,10.0049.0374,10.49,"Phẫu thuật u dưới màng tủy, ngoài tủy kèm theo tái tạo đốt sống, bằng đường vào phía trước hoặc trước ngoài",Ngoại khoa,Exclude
3842,10.0050.0374,10.50,"Phẫu thuật u ngoài màng cứng tủy sống-rễ thần kinh, bằng đường vào phía sau",Ngoại khoa,Exclude
3843,10.0051.0374,10.51,"Phẫu thuật u rễ thần kinh ngoài màng tủy kèm tái tạo đốt sống, bằng đường vào phía sau",Ngoại khoa,Exclude
3844,10.0052.0374,10.52,"Phẫu thuật u trong và ngoài ống sống, không tái tạo đốt sống, bằng đường vào phía sau hoặc sau-ngoài",Ngoại khoa,Exclude
3845,10.0053.0374,10.53,"Phẫu thuật u trong và ngoài ống sống, kèm tái tạo đốt sống, bằng đường vào trước hoặc trước-ngoài",Ngoại khoa,Exclude
3846,10.0054.0369,10.54,Phẫu thuật mở cung sau đốt sống đơn thuần kết hợp với tạo hình màng cứng tủy,Ngoại khoa,Exclude
3847,10.0055.0378,10.55,"Cắt u máu tủy sống, dị dạng động tĩnh mạch trong tuỷ",Ngoại khoa,Exclude
3848,10.0056.0566,10.56,"Phẫu thuật cố định cột sống, lấy u có ghép xương hoặc lồng titan",Ngoại khoa,Exclude
3849,10.0056.0567,10.56,"Phẫu thuật cố định cột sống, lấy u có ghép xương hoặc lồng titan",Ngoại khoa,Exclude
3850,10.0057.0083,10.57,Chọc dịch não tủy thắt lưng (thủ thuật),Các thủ thuật và dịch vụ Nội soi,Exclude
3851,10.0058.0373,10.58,Phẫu thuật dẫn lưu não thất ổ bụng trong dãn não thất,Ngoại khoa,Exclude
3852,10.0059.0373,10.59,Phẫu thuật dẫn lưu não thất-tâm nhĩ trong dãn não thất,Ngoại khoa,Exclude
3853,10.0060.0373,10.60,Phẫu thật dẫn lưu dịch não tủy thắt lưng-ổ bụng,Ngoại khoa,Exclude
3854,10.0061.0373,10.61,Phẫu thuật dẫn lưu nang dưới nhện nội sọ-ổ bụng,Ngoại khoa,Exclude
3855,10.0062.0373,10.62,Phẫu thuật dẫn lưu nang dưới nhện nội sọ-tâm nhĩ,Ngoại khoa,Exclude
3856,10.0063.0369,10.63,"Phẫu thuật mở thông não thất, mở thông nang dưới nhện qua mở nắp sọ",Ngoại khoa,Exclude
3857,10.0064.0373,10.64,"Phẫu thuật lấy bỏ dẫn lưu não thất (ổ bụng, tâm nhĩ) hoặc dẫn lưu nang dịch não tủy (ổ bụng, não thất)",Ngoại khoa,Exclude
3858,10.0065.0377,10.65,Phẫu thuật đóng đường dò dịch não tủy hoặc thoát vị màng não ở tầng trước nền sọ qua đường mở nắp sọ,Ngoại khoa,Exclude
3859,10.0066.0976,10.66,Phẫu thuật đóng đườn dò dịch não tủy hoặc thoát vị màng não tầng trước nền sọ bằng đường qua xoang bướm,Tai Mũi Họng,Exclude
3860,10.0067.0377,10.67,Phẫu thuật đóng đường dò dịch não tủy hoặc thoát vị màng não tầng trước nền sọ bằng đường qua xoang sàng,Ngoại khoa,Exclude
3861,10.0068.0377,10.68,Phẫu thuật đóng đường dò dịch não tủy qua xoang trán,Ngoại khoa,Exclude
3862,10.0069.0377,10.69,Phẫu thuật đóng đường dò dịch não tủy tầng giữa nền sọ qua mở nắp sọ,Ngoại khoa,Exclude
3863,10.0070.0377,10.70,Phẫu thuật đóng đường dò dịch não tủy tầng giữa nền sọ bằng đường vào trên xương đá,Ngoại khoa,Exclude
3864,10.0071.0377,10.71,Phẫu thuật đóng đường dò dịch não tủy sau mổ các thương tổn nền sọ,Ngoại khoa,Exclude
3865,10.0072.0369,10.72,Phẫu thuật mở nắp sọ sinh thiết tổn thương nội sọ,Ngoại khoa,Exclude
3866,10.0073.0369,10.73,Phẫu thuật sinh thiết tổn thương nội sọ có định vị dẫn đường,Ngoại khoa,Exclude
3867,10.0074.0369,10.74,Phẫu thuật sinh thiết tổn thương ở nền sọ qua đường miệng hoặc mũi,Ngoại khoa,Exclude
3868,10.0075.0561,10.75,Phẫu thuật tạo hình hộp sọ trong hẹp hộp sọ,Ngoại khoa,Exclude
3869,10.0076.0376,10.76,Phẫu thuật dị dạng cổ chẩm,Ngoại khoa,Exclude
3870,10.0077.0377,10.77,Phẫu thuật thoát vị não màng não vòm sọ,Ngoại khoa,Exclude
3871,10.0078.0377,10.78,Phẫu thuật thoát vị não màng não nền sọ,Ngoại khoa,Exclude
3872,10.0079.0377,10.79,Phẫu thuật thoát vị tủy-màng tủy,Ngoại khoa,Exclude
3873,10.0080.0387,10.80,Phẫu thuật kẹp cổ túi phình mạch não phần trước đa giác Willis,Ngoại khoa,Exclude
3874,10.0081.0387,10.81,Phẫu thuật kẹp cổ túi phình mạch não phần sau đa giác Willis,Ngoại khoa,Exclude
3875,10.0082.0387,10.82,Phẫu thuật dị dạng động-tĩnh mạch não,Ngoại khoa,Exclude
3876,10.0083.0381,10.83,Phẫu thuật u máu thể hang (cavernoma) đại não,Ngoại khoa,Exclude
3877,10.0084.0381,10.84,Phẫu thuật u máu thể hang tiểu não,Ngoại khoa,Exclude
3878,10.0085.0381,10.85,Phẫu thuật u máu thể hang thân não,Ngoại khoa,Exclude
3879,10.0086.0388,10.86,Phẫu thuật nối động mạch trong-ngoài sọ,Ngoại khoa,Exclude
3880,10.0087.0387,10.87,Phẫu thuật dị dạng động-tĩnh mạch màng cứng (fistula durale),Ngoại khoa,Exclude
3881,10.0088.0380,10.88,Phẫu thuật u tầng trước nền sọ bằng mở nắp sọ trán một bên,Ngoại khoa,Exclude
3882,10.0089.0380,10.89,Phẫu thuật u tầng trước nền sọ bằng mở nắp sọ trán 2 bên,Ngoại khoa,Exclude
3883,10.0090.0380,10.90,Phẫu thuật u tầng trước nền sọ bằng đường mở nắp sọ trán và đường qua xoang sàng,Ngoại khoa,Exclude
3884,10.0091.0380,10.91,Phẫu thuật u vùng giao thoa thị giác và/hoặc vùng dưới đồi bằng đường mở nắp sọ,Ngoại khoa,Exclude
3885,10.0092.0380,10.92,Phẫu thuật u vùng tầng giữa nền sọ bằng mở năp sọ,Ngoại khoa,Exclude
3886,10.0093.0380,10.93,Phẫu thuật u 1/3 trong cánh nhỏ xương bướm bằng đường mở nắp sọ,Ngoại khoa,Exclude
3887,10.0094.0380,10.94,Phẫu thuật u đỉnh xương đá bằng đường qua xương đá,Ngoại khoa,Exclude
3888,10.0095.0380,10.95,Phẫu thuật u vùng rãnh trượt (petroclivan) bằng đường qua xương đá,Ngoại khoa,Exclude
3889,10.0096.0380,10.96,"Phẫu thuật u rãnh trượt, bằng đường mở nắp sọ",Ngoại khoa,Exclude
3890,10.0097.0380,10.97,Phẫu thuật u vùng rãnh trượt bằng đường qua miệng hoặc qua xương bướm,Ngoại khoa,Exclude
3891,10.0098.0983,10.98,Phẫu thuật u góc cầu tiểu não và/hoặc lỗ tai trong bằng đường sau mê nhĩ-trước xoang sigma,Tai Mũi Họng,Exclude
3892,10.0099.0983,10.99,Phẫu thuật u góc cầu tiểu não và/hoặc lỗ tai trong bằng đường dưới chẩm-sau xoang sigma,Tai Mũi Họng,Exclude
3893,10.0100.0983,10.100,Phẫu thuật u góc cầu tiểu não và/ hoặc lỗ tai trong kết hợp hai đường vào phẫu thuật,Tai Mũi Họng,Exclude
3894,10.0101.0380,10.101,Phẫu thuật u lỗ chẩn bằng đường mở nắp sọ,Ngoại khoa,Exclude
3895,10.0102.0381,10.102,"Phẫu thuật u nội sọ, vòm đại não không xâm lấn xoang tĩnh mạch, bằng đường mở nắp sọ",Ngoại khoa,Exclude
3896,10.0103.0379,10.103,"Phẫu thuật u nội sọ, vòm đại não, xâm lấn xoang tĩnh mạch, bằng đường mở nắp sọ",Ngoại khoa,Exclude
3897,10.0104.0381,10.104,"Phẫu thuật u hố sau không xâm lấn xoang tĩnh mạch, bằng đường mở nắp sọ",Ngoại khoa,Exclude
3898,10.0105.0379,10.105,"Phẫu thuật u hố sau xâm lấn xoang tĩnh mạch, bằng đường mở nắp sọ",Ngoại khoa,Exclude
3899,10.0106.0381,10.106,"Phẫu thuật u liềm não, bằng đường mở nắp sọ",Ngoại khoa,Exclude
3900,10.0107.0382,10.107,"Phẫu thuật u lều tiểu não, bằng đường vào dưới lều tiểu não",Ngoại khoa,Exclude
3901,10.0108.0382,10.108,"Phẫu thuật u bờ tự do lều tiểu não, bằng đường vào trên lều tiểu não (bao gồm cả u tuyến tùng)",Ngoại khoa,Exclude
3902,10.0109.0381,10.109,Phẫu thuật u não thất bên bằng đường mở nắp sọ,Ngoại khoa,Exclude
3903,10.0110.0381,10.110,Phẫu thuật u não thất ba bằng đường mở nắp sọ,Ngoại khoa,Exclude
3904,10.0111.0381,10.111,Phẫu thuật u não thất tư bằng đường mở nắp sọ,Ngoại khoa,Exclude
3905,10.0112.0382,10.112,Phẫu thuật u tuyến yên bằng đường mở nắp sọ,Ngoại khoa,Exclude
3906,10.0113.0375,10.113,Phẫu thuật u tuyến yên bằng đường qua xoang bướm,Ngoại khoa,Exclude
3907,10.0114.0382,10.114,Phẫu thuật u sọ hầu bằng đường mở nắp sọ,Ngoại khoa,Exclude
3908,10.0115.0375,10.115,Phẫu thuật u sọ hầu bằng đường qua xoang bướm,Ngoại khoa,Exclude
3909,10.0116.0375,10.116,Phẫu thuật u nguyên sống (chordoma) xương bướm bằng đường qua xoang bướm,Ngoại khoa,Exclude
3910,10.0117.0381,10.117,"Phẫu thuật lấy bỏ vùng gây động kinh, bằng đường mở nắp sọ",Ngoại khoa,Exclude
3911,10.0118.0381,10.118,"Phẫu thuật u thể trai, vách trong suốt bằng đường mở nắp sọ",Ngoại khoa,Exclude
3912,10.0119.0381,10.119,Phẫu thuật u đại não bằng đường mở nắp sọ,Ngoại khoa,Exclude
3913,10.0120.0381,10.120,"Phẫu thuật u trong nhu mô tiểu não, bằng đường mở nắp sọ",Ngoại khoa,Exclude
3914,10.0121.0381,10.121,"Phẫu thuật u thân não, bằng đường mở nắp sọ",Ngoại khoa,Exclude
3915,10.0122.0385,10.122,Phẫu thuật u xương sọ vòm sọ,Ngoại khoa,Exclude
3916,10.0124.0385,10.124,Phẫu thuật u da đầu thâm nhiễm xương-màng cứng sọ,Ngoại khoa,Exclude
3917,10.0126.0379,10.126,Phẫu thuật đặt điện cực sâu điều trị bệnh Parkinson,Ngoại khoa,Exclude
3918,10.0127.0369,10.127,"Phẫu thuật giải phóng chèn ép thần kinh tam thoa (dây V) trong đau nửa mặt, bằng đường mở nắp sọ",Ngoại khoa,Exclude
3919,10.0128.0369,10.128,"Phẫu thuật giải phóng chèn ép thần kinh mặt (dây VII) trong co giật nửa mặt (facial tics), bằng đường mở nắp sọ",Ngoại khoa,Exclude
3920,10.0129.0582,10.129,"Phẫu thuật phong bế hạch thần kinh tam thoa (hạch Gasser) bằng nhiệt, qua da, dưới hướng dẫn huỳnh quang",Ngoại khoa,Exclude
3921,10.0130.0582,10.130,Phẫu thuật điều trị giảm đau trong ung thư,Ngoại khoa,Exclude
3922,10.0132.0582,10.132,"Phẫu thuật đặt điện cực vỏ não, qua đường mở nắp sọ",Ngoại khoa,Exclude
3923,10.0134.0582,10.134,"Phẫu thuật đặt điện cực tủy sống qua da, kèm theo bộ phát kích thích dưới da",Ngoại khoa,Exclude
3924,10.0135.0582,10.135,"Phẫu thuật đặt điện cực tủy sống, bằng đường mở cung sau",Ngoại khoa,Exclude
3925,10.0140.0391,10.140,"Phẫu thuật thay bộ phát kích thích điện cực thần kinh, đặt dưới da",Ngoại khoa,Exclude
3926,10.0141.0391,10.141,Phẫu thuật đặt dưới da bộ phát kích thích điện cực thần kinh,Ngoại khoa,Exclude
3927,10.0142.0391,10.142,Phẫu thuật đặt bộ phát kích thích điện cực tủy sống,Ngoại khoa,Exclude
3928,10.0143.0391,10.143,Phẫu thuật lấy bỏ bộ phát kích thích điện cực thần kinh,Ngoại khoa,Exclude
3929,10.0144.0385,10.144,Phẫu thuật u xơ cơ ổ mắt,Ngoại khoa,Exclude
3930,10.0145.0385,10.145,Phẫu thuật u thần kinh hốc mắt,Ngoại khoa,Exclude
3931,10.0146.0385,10.146,Phẫu thuật u xương hốc mắt,Ngoại khoa,Exclude
3932,10.0147.0371,10.147,Phẫu thuật u đỉnh hốc mắt,Ngoại khoa,Exclude
3933,10.0148.0344,10.148,Phẫu thuật u thần kinh ngoại biên,Da liễu,Exclude
3934,10.0149.0344,10.149,Phẫu thuật giải phóng chèn ép TK ngoại biên,Da liễu,Exclude
3935,10.0150.0344,10.150,Phẫu thuật nối thần kinh ngoại biên và ghép TK ngoại biên,Da liễu,Exclude
3936,10.0151.1044,10.151,Phẫu thuật u thần kinh trên da,Răng Hàm Mặt,Exclude
3937,10.0151.1045,10.151,Phẫu thuật u thần kinh trên da,Răng Hàm Mặt,Exclude
3938,10.0152.0410,10.152,Phẫu thuật dẫn lưu tối thiểu khoang màng phổi,Ngoại khoa,Exclude
3939,10.0153.0414,10.153,Phẫu thuật điều trị vết thương ngực hở đơn thuần,Ngoại khoa,Exclude
3940,10.0154.0414,10.154,Phẫu thuật điều trị vết thương ngực hở nặng có chỉ định mở ngực cấp cứu,Ngoại khoa,Exclude
3941,10.0155.0404,10.155,Phẫu thuật điều trị vết thương tim,Ngoại khoa,Exclude
3942,10.0156.0404,10.156,Phẫu thuật điều trị vỡ tim do chấn thương,Ngoại khoa,Exclude
3943,10.0157.0580,10.157,Phẫu thuật điều trị vết thương – chấn thương khí quản cổ,Ngoại khoa,Exclude
3944,10.0158.0580,10.158,Phẫu thuật điều trị vỡ phế quản do chấn thương ngực,Ngoại khoa,Exclude
3945,10.0159.0411,10.159,Phẫu thuật khâu vết thương nhu mô phổi,Ngoại khoa,Exclude
3946,10.0160.0411,10.160,Phẫu thuật lấy dị vật trong phổi – màng phổi,Ngoại khoa,Exclude
3947,10.0163.0411,10.163,Phẫu thuật điều trị mảng sườn di động,Ngoại khoa,Exclude
3948,10.0165.0393,10.165,Phẫu thuật điều trị vỡ eo động mạch chủ,Ngoại khoa,Exclude
3949,10.0166.0393,10.166,Phẫu thuật cấp cứu lồng ngực có dùng máy tim phổi nhân tạo,Ngoại khoa,Exclude
3950,10.0167.0582,10.167,Phẫu thuật điều trị vết thương - chấn thương mạch máu chi,Ngoại khoa,Exclude
3951,10.0168.0393,10.168,Phẫu thuật điều trị vết thương - chấn thương mạch cảnh,Ngoại khoa,Exclude
3952,10.0169.0401,10.169,Phẫu thuật điều trị vết thương - chấn thương mạch chậu,Ngoại khoa,Exclude
3953,10.0170.0401,10.170,Phẫu thuật điều trị vết thương - chấn thương mạch dưới đòn,Ngoại khoa,Exclude
3954,10.0171.0581,10.171,Phẫu thuật điều trị vết thương mạch đốt sống,Ngoại khoa,Exclude
3955,10.0172.0582,10.172,Phẫu thuật thắt các mạch máu lớn ngoại vi,Ngoại khoa,Exclude
3956,10.0173.0581,10.173,Phẫu thuật điều trị chấn thương – vết thương mạch máu ngoại vi ở trẻ em,Ngoại khoa,Exclude
3957,10.0174.0393,10.174,"Phẫu thuật điều trị vết thương – chấn thương động – tĩnh mạch chủ, mạch tạng, mạch thận",Ngoại khoa,Exclude
3958,10.0175.0581,10.175,Phẫu thuật Hybrid trong cấp cứu mạch máu (phẫu thuật mạch + can thiệp mạch),Ngoại khoa,Exclude
3959,10.0177.0403,10.177,Phẫu thuật ghép van tim đồng loài,Ngoại khoa,Exclude
3960,10.0178.0395,10.178,Phẫu thuật điều trị bệnh còn ống động mạch ở trẻ nhỏ,Ngoại khoa,Exclude
3961,10.0179.0395,10.179,Phẫu thuật điều trị bệnh còn ống động mạch ở trẻ lớn và người lớn,Ngoại khoa,Exclude
3962,10.0180.0581,10.180,Phẫu thuật thắt hẹp động mạch phổi trong bệnh tim bẩm sinh có tăng áp lực động mạch phổi nặng,Ngoại khoa,Exclude
3963,10.0181.0405,10.181,Phẫu thuật bắc cầu động mạch chủ - động mạch phổi phổi trong bệnh tim bẩm sinh có hẹp đường ra thất phải,Ngoại khoa,Exclude
3964,10.0182.0393,10.182,Phẫu thuật nối tắt tĩnh mạch chủ - động mạch phổi điều trị bệnh tim bẩm sinh phức tạp,Ngoại khoa,Exclude
3965,10.0183.0403,10.183,Phẫu thuật Fontan,Ngoại khoa,Exclude
3966,10.0184.0403,10.184,Phẫu thuật đóng thông liên nhĩ,Ngoại khoa,Exclude
3967,10.0185.0403,10.185,Phẫu thuật vá thông liên thất,Ngoại khoa,Exclude
3968,10.0186.0403,10.186,Phẫu thuật sửa toàn bộ tứ chứng Fallot,Ngoại khoa,Exclude
3969,10.0187.0403,10.187,Phẫu thuật sửa toàn bộ kênh sàn nhĩ – thất bán phần,Ngoại khoa,Exclude
3970,10.0188.0403,10.188,Phẫu thuật sửa toàn bộ kênh sàn nhĩ – thất toàn bộ,Ngoại khoa,Exclude
3971,10.0189.0403,10.189,Phẫu thuật sửa toàn bộ bệnh thất phải hai đường ra,Ngoại khoa,Exclude
3972,10.0190.0403,10.190,Phẫu thuật sửa toàn bộ bệnh đảo ngược các mạch máu lớn,Ngoại khoa,Exclude
3973,10.0191.0403,10.191,Phẫu thuật sửa toàn bộ vỡ phình xoang Valsalva,Ngoại khoa,Exclude
3974,10.0192.0403,10.192,Phẫu thuật sửa toàn bộ bệnh nhĩ 3 buồng,Ngoại khoa,Exclude
3975,10.0193.0403,10.193,"Phẫu thuật điều trị hẹp đường ra thất phải đơn thuần (hẹp phễu thất phải, van động mạch phổi …)",Ngoại khoa,Exclude
3976,10.0194.0393,10.194,Phẫu thuật sửa toàn bộ bệnh tĩnh mạch phổi đổ lạc chỗ bán phần,Ngoại khoa,Exclude
3977,10.0195.0403,10.195,Phẫu thuật sửa toàn bộ bệnh tĩnh mạch phổi đổ lạc chỗ hoàn toàn,Ngoại khoa,Exclude
3978,10.0196.0403,10.196,Phẫu thuật sửa van ba lá điều trị bệnh Ebstein,Ngoại khoa,Exclude
3979,10.0197.0403,10.197,Phẫu thuật thay van ba lá điều trị bệnh Ebstein,Ngoại khoa,Exclude
3980,10.0198.0393,10.198,Phẫu thuật đóng dò động mạch vành vào các buồng tim,Ngoại khoa,Exclude
3981,10.0199.0403,10.199,Phẫu thuật sửa toàn bộ ≥ 2 bệnh tim bẩm sinh phối hợp,Ngoại khoa,Exclude
3982,10.0200.0408,10.200,Phẫu thuật điều trị dò động – tĩnh mạch phổi,Ngoại khoa,Exclude
3983,10.0201.0393,10.201,"Phẫu thuật điều trị teo, dị dạng quai động mạch chủ",Ngoại khoa,Exclude
3984,10.0202.0397,10.202,Phẫu thuật điều trị hẹp eo động mạch chủ ở trẻ nhỏ,Ngoại khoa,Exclude
3985,10.0203.0397,10.203,Phẫu thuật điều trị hẹp eo động mạch chủ ở trẻ lớn và người lớn,Ngoại khoa,Exclude
3986,10.0205.0406,10.205,Phẫu thuật bệnh tim bẩm sinh có dùng máy tim phổi nhân tạo,Ngoại khoa,Exclude
3987,10.0206.0290,10.206,Kỹ thuật chạy máy hỗ trợ tim phổi (ECMO) ở trẻ em,Hồi sức cấp cứu và Chống độc,Exclude
3988,10.0206.0291,10.206,Kỹ thuật chạy máy hỗ trợ tim phổi (ECMO) ở trẻ em,Hồi sức cấp cứu và Chống độc,Exclude
3989,10.0206.0292,10.206,Kỹ thuật chạy máy hỗ trợ tim phổi (ECMO) ở trẻ em,Hồi sức cấp cứu và Chống độc,Exclude
3990,10.0206.0293,10.206,Kỹ thuật chạy máy hỗ trợ tim phổi (ECMO) ở trẻ em,Hồi sức cấp cứu và Chống độc,Exclude
3991,10.0207.0396,10.207,Phẫu thuật mở hẹp van động mạch phổi bằng ngừng tuần hoàn tạm thời,Ngoại khoa,Exclude
3992,10.0208.0403,10.208,Phẫu thuật Hybrid điều trị bệnh tim bẩm sinh (phẫu thuật tim + can thiệp tim mạch),Ngoại khoa,Exclude
3993,10.0213.0392,10.213,Phẫu thuật bắc cầu động mạch chủ - động mạch vành có dùng máy tim phổi nhân tạo,Ngoại khoa,Exclude
3994,10.0214.0395,10.214,Phẫu thuật bắc cầu động mạch chủ - động mạch vành không dùng máy tim phổi nhân tạo,Ngoại khoa,Exclude
3995,10.0215.0392,10.215,"Phẫu thuật bắc cầu động mạch chủ - động mạch vành kết hợp can thiệp khác trên tim (thay van, cắt khối phồng thất trái …)",Ngoại khoa,Exclude
3996,10.0216.0404,10.216,Phẫu thuật tách hẹp van hai lá tim kín lần đầu,Ngoại khoa,Exclude
3997,10.0217.0404,10.217,Phẫu thuật tách hẹp van hai lá tim kín lần hai,Ngoại khoa,Exclude
3998,10.0218.0403,10.218,Phẫu thuật tạo hình van hai lá bị hẹp do thấp,Ngoại khoa,Exclude
3999,10.0219.0403,10.219,Phẫu thuật tạo hình van hai lá ở bệnh van hai lá không do thấp,Ngoại khoa,Exclude
4000,10.0220.0403,10.220,Phẫu thuật thay van hai lá,Ngoại khoa,Exclude
4001,10.0221.0403,10.221,Phẫu thuật thay van động mạch chủ,Ngoại khoa,Exclude
4002,10.0222.0403,10.222,Phẫu thuật thay van động mạch chủ và động mạch chủ lên,Ngoại khoa,Exclude
4003,10.0223.0403,10.223,Phẫu thuật tạo hình van động mạch chủ,Ngoại khoa,Exclude
4004,10.0224.0403,10.224,Phẫu thuật thay hoặc tạo hình van hai lá kết hợp thay hoặc tạo hình van động mạch chủ,Ngoại khoa,Exclude
4005,10.0225.0403,10.225,Phẫu thuật tạo hình hoặc thay van ba lá đơn thuần,Ngoại khoa,Exclude
4006,10.0226.0403,10.226,"Phẫu thuật tạo hình hoặc thay van ba lá kết hợp can thiệp khác trên tim (thay, tạo hình … các van tim khác)",Ngoại khoa,Exclude
4007,10.0227.0403,10.227,Phẫu thuật thay lại 1 van tim,Ngoại khoa,Exclude
4008,10.0228.0403,10.228,Phẫu thuật thay lại 2 van tim,Ngoại khoa,Exclude
4009,10.0229.0402,10.229,Phẫu thuật điều trị lóc động mạch chủ type A,Ngoại khoa,Exclude
4010,10.0230.0402,10.230,Phẫu thuật thay đoạn động mạch chủ lên,Ngoại khoa,Exclude
4011,10.0231.0402,10.231,Phẫu thuật thay động mạch chủ lên và quai động mạch chủ,Ngoại khoa,Exclude
4012,10.0232.0402,10.232,"Phẫu thuật thay động mạch chủ lên, quai động mạch chủ và động mạch chủ xuống",Ngoại khoa,Exclude
4013,10.0233.0406,10.233,Phẫu thuật cắt u nhày nhĩ trái,Ngoại khoa,Exclude
4014,10.0234.0406,10.234,Phẫu thuật cắt u cơ tim,Ngoại khoa,Exclude
4015,10.0235.0403,10.235,Phẫu thuật cắt túi phồng thất trái,Ngoại khoa,Exclude
4016,10.0236.0394,10.236,Phẫu thuật cắt màng tim điều trị viêm màng ngoài tim co thắt,Ngoại khoa,Exclude
4017,10.0237.0394,10.237,Phẫu thuật điều trị viêm mủ màng tim,Ngoại khoa,Exclude
4018,10.0238.0400,10.238,Phẫu thuật dẫn lưu dịch khoang màng tim,Ngoại khoa,Exclude
4019,10.0239.0581,10.239,Phẫu thuật điều trị viêm xương ức sau mổ tim hở,Ngoại khoa,Exclude
4020,10.0240.0406,10.240,Phẫu thuật bệnh tim mắc phải có dùng máy tim phổi nhân tạo,Ngoại khoa,Exclude
4021,10.0241.0583,10.241,Kỹ thuật đặt bóng đối xung động mạch chủ,Ngoại khoa,Exclude
4022,10.0242.0290,10.242,Kỹ thuật chạy máy hỗ trợ tim phổi (ECMO) ở người lớn,Hồi sức cấp cứu và Chống độc,Exclude
4023,10.0242.0291,10.242,Kỹ thuật chạy máy hỗ trợ tim phổi (ECMO) ở người lớn,Hồi sức cấp cứu và Chống độc,Exclude
4024,10.0242.0292,10.242,Kỹ thuật chạy máy hỗ trợ tim phổi (ECMO) ở người lớn,Hồi sức cấp cứu và Chống độc,Exclude
4025,10.0242.0293,10.242,Kỹ thuật chạy máy hỗ trợ tim phổi (ECMO) ở người lớn,Hồi sức cấp cứu và Chống độc,Exclude
4026,10.0243.0403,10.243,Phẫu thuật Hybrid điều trị bệnh tim mắc phải (phẫu thuật tim + can thiệp tim mạch),Ngoại khoa,Exclude
4027,10.0244.0402,10.244,Phẫu thuật thay đoạn động mạch chủ ngực,Ngoại khoa,Exclude
4028,10.0245.0402,10.245,Phẫu thuật thay đoạn động mạch chủ trên thận,Ngoại khoa,Exclude
4029,10.0246.0401,10.246,"Phẫu thuật thay đoạn động mạch chủ bụng dưới thận, động mạch chậu",Ngoại khoa,Exclude
4030,10.0247.0402,10.247,Phẫu thuật thay đoạn động mạch chủ bụng trên và dưới thận,Ngoại khoa,Exclude
4031,10.0248.0393,10.248,Phẫu thuật bắc cầu động mạch chủ lên - động mạch lớn xuất phát từ quai động mạch chủ,Ngoại khoa,Exclude
4032,10.0249.0582,10.249,Phẫu thuật bắc cầu điều trị thiếu máu mạn tính chi,Ngoại khoa,Exclude
4033,10.0250.0582,10.250,"Phẫu thuật điều trị tắc động mạch chi cấp tính do huyết khối, mảnh sùi, dị vật",Ngoại khoa,Exclude
4034,10.0251.0582,10.251,Phẫu thuật điều trị tắc động mạch chi bán cấp tính,Ngoại khoa,Exclude
4035,10.0252.0399,10.252,Phẫu thuật bắc cầu động mạch chủ bụng – động mạch tạng,Ngoại khoa,Exclude
4036,10.0253.0581,10.253,Phẫu thuật điều trị phồng và giả phồng động mạch tạng,Ngoại khoa,Exclude
4037,10.0254.0393,10.254,Phẫu thuật điều trị hẹp khít động mạch cảnh do xơ vữa,Ngoại khoa,Exclude
4038,10.0255.0393,10.255,Phẫu thuật điều trị phồng động mạch cảnh,Ngoại khoa,Exclude
4039,10.0256.0393,10.256,Phẫu thuật điều trị thông động – tĩnh mạch cảnh,Ngoại khoa,Exclude
4040,10.0257.0393,10.257,"Phẫu thuật bắc cầu các động mạch vùng cổ - nền cổ (cảnh – dưới đòn, cảnh – cảnh)",Ngoại khoa,Exclude
4041,10.0258.0582,10.258,Phẫu thuật bắc cầu động mạch nách – động mạch đùi,Ngoại khoa,Exclude
4042,10.0259.0582,10.259,Phẫu thuật điều trị bệnh suy – giãn tĩnh mạch chi dưới,Ngoại khoa,Exclude
4043,10.0260.0399,10.260,Phẫu thuật tạo thông động – tĩnh mạch để chạy thận nhân tạo,Ngoại khoa,Exclude
4044,10.0261.0582,10.261,Phẫu thuật cắt đường thông động – tĩnh mạch chạy thận nhân tạo do biến chứng hoặc sau ghép thận,Ngoại khoa,Exclude
4045,10.0262.0582,10.262,"Phẫu thuật điều trị phồng, giả phồng động mạch chi",Ngoại khoa,Exclude
4046,10.0263.0582,10.263,Phẫu thuật điều trị giả phồng động mạch do tiêm chích ma túy,Ngoại khoa,Exclude
4047,10.0264.0407,10.264,Phẫu thuật cắt u máu lớn (đường kính ≥ 10 cm),Ngoại khoa,Exclude
4048,10.0265.0407,10.265,Phẫu thuật cắt u máu nhỏ (đường kính < 10 cm),Ngoại khoa,Exclude
4049,10.0266.0582,10.266,Phẫu thuật điều trị thông động – tĩnh mạch chi,Ngoại khoa,Exclude
4050,10.0267.0581,10.267,Phẫu thuật bắc cầu tĩnh mạch cửa – tĩnh mạch chủ dưới điều trị tăng áp lực tĩnh mạch cửa,Ngoại khoa,Exclude
4051,10.0268.0581,10.268,Phẫu thuật lại trong các bệnh lý mạch máu ngoại vi,Ngoại khoa,Exclude
4052,10.0269.0406,10.269,Phẫu thuật bệnh mạch máu có dùng máy tim phổi nhân tạo,Ngoại khoa,Exclude
4053,10.0270.0581,10.270,Phẫu thuật Hybrid điều trị bệnh mạch máu (phẫu thuật mạch + can thiệp mạch),Ngoại khoa,Exclude
4054,10.0271.0411,10.271,"Phẫu thuật cắt một phân thùy phổi, cắt phổi không điển hình do bệnh lý",Ngoại khoa,Exclude
4055,10.0272.0408,10.272,Phẫu thuật cắt một thùy phổi bệnh lý,Ngoại khoa,Exclude
4056,10.0273.0408,10.273,Phẫu thuật cắt một bên phổi bệnh lý,Ngoại khoa,Exclude
4057,10.0274.0408,10.274,Phẫu thuật cắt phổi do ung thư kèm nạo vét hạch,Ngoại khoa,Exclude
4058,10.0275.0409,10.275,Phẫu thuật cắt u trung thất,Ngoại khoa,Exclude
4059,10.0276.0401,10.276,Phẫu thuật cắt u trung thất lớn kèm bắc cầu phục hồi lưu thông hệ tĩnh mạch chủ trên,Ngoại khoa,Exclude
4060,10.0277.0408,10.277,Phẫu thuật cắt u nang phế quản,Ngoại khoa,Exclude
4061,10.0278.0583,10.278,Phẫu thuật cắt u thành ngực,Ngoại khoa,Exclude
4062,10.0279.0582,10.279,Phẫu thuật điều trị lõm ngực bẩm sinh,Ngoại khoa,Exclude
4063,10.0280.0582,10.280,Phẫu thuật điều trị lồi xương ức (ức gà),Ngoại khoa,Exclude
4064,10.0281.0411,10.281,"Phẫu thuật bóc màng phổi điều trị ổ cặn, dầy dính màng phổi",Ngoại khoa,Exclude
4065,10.0282.0580,10.282,Phẫu thuật điều trị sẹo hẹp khí quản cổ - ngực cao,Ngoại khoa,Exclude
4066,10.0283.0411,10.283,Phẫu thuật điều trị lỗ dò phế quản,Ngoại khoa,Exclude
4067,10.0284.0410,10.284,Phẫu thuật mở ngực nhỏ tạo dính màng phổi,Ngoại khoa,Exclude
4068,10.0285.0411,10.285,Phẫu thuật cắt xương sườn do u xương sườn,Ngoại khoa,Exclude
4069,10.0286.0411,10.286,Phẫu thuật cắt xương sườn do viêm xương,Ngoại khoa,Exclude
4070,10.0287.0411,10.287,Phẫu thuật đánh xẹp ngực điều trị ổ cặn màng phổi,Ngoại khoa,Exclude
4071,10.0288.0583,10.288,Phẫu thuật điều trị nhiễm trùng vết mổ ngực,Ngoại khoa,Exclude
4072,10.0289.0400,10.289,"Mở ngực thăm dò, sinh thiết",Ngoại khoa,Exclude
4073,10.0290.0411,10.290,Phẫu thuật cắt – khâu kén khí phổi,Ngoại khoa,Exclude
4074,10.0291.0411,10.291,Phẫu thuật điều trị máu đông màng phổi,Ngoại khoa,Exclude
4075,10.0292.0411,10.292,Phẫu thuật lấy dị vật phổi – màng phổi,Ngoại khoa,Exclude
4076,10.0293.0411,10.293,Phẫu thuật điều trị bệnh lý mủ màng phổi,Ngoại khoa,Exclude
4077,10.0294.0411,10.294,Phẫu thuật điều trị bệnh lý phổi – trung thất ở trẻ em dưới 5 tuổi,Ngoại khoa,Exclude
4078,10.0296.0415,10.296,Ghép thận tự thân trong cấp cứu do chấn thương cuống thận,Ngoại khoa,Exclude
4079,10.0297.0581,10.297,Tán sỏi thận qua da bằng máy tán hơi + siêu âm/ có C.Arm,Ngoại khoa,Exclude
4080,10.0298.0581,10.298,Tán sỏi thận qua da có C.Arm + siêu âm/ Laser,Ngoại khoa,Exclude
4081,10.0299.0421,10.299,"Lấy sỏi thận bệnh lý, thận móng ngựa, thận đa nang",Ngoại khoa,Exclude
4082,10.0300.0455,10.300,"Bóc bạch mạch quanh thận, điều trị bệnh đái dưỡng chấp",Ngoại khoa,Exclude
4083,10.0301.0416,10.301,Cắt thận thận phụ (thận dư số) với niệu quản lạc chỗ,Ngoại khoa,Exclude
4084,10.0302.0416,10.302,Cắt toàn bộ thận và niệu quản,Ngoại khoa,Exclude
4085,10.0303.0416,10.303,Cắt thận đơn thuần,Ngoại khoa,Exclude
4086,10.0304.0416,10.304,Cắt một nửa thận (cắt thận bán phần),Ngoại khoa,Exclude
4087,10.0305.0710,10.305,Phẫu thuật treo thận,Phụ Sản,Exclude
4088,10.0306.0421,10.306,Lấy sỏi san hô thận,Ngoại khoa,Exclude
4089,10.0307.0421,10.307,Lấy sỏi mở bể thận trong xoang,Ngoại khoa,Exclude
4090,10.0308.0421,10.308,"Lấy sỏi mở bể thận, đài thận có dẫn lưu thận",Ngoại khoa,Exclude
4091,10.0309.0421,10.309,Lấy sỏi san hô mở rộng thận (Bivalve) có hạ nhiệt,Ngoại khoa,Exclude
4092,10.0310.0421,10.310,Lấy sỏi bể thận ngoài xoang,Ngoại khoa,Exclude
4093,10.0311.0439,10.311,Tán sỏi ngoài cơ thể,Ngoại khoa,Exclude
4094,10.0312.0087,10.312,Chọc hút và bơm thuốc vào nang thận,Các thủ thuật và dịch vụ Nội soi,Exclude
4095,10.0312.0088,10.312,Chọc hút và bơm thuốc vào nang thận,Các thủ thuật và dịch vụ Nội soi,Exclude
4096,10.0313.0104,10.313,Dẫn lưu đài bể thận qua da,Các thủ thuật và dịch vụ Nội soi,Exclude
4097,10.0314.0416,10.314,Cắt eo thận móng ngựa,Ngoại khoa,Exclude
4098,10.0315.0582,10.315,Phẫu thuật khâu bảo tồn hoặc cắt thận bán phần trong chấn thương thận,Ngoại khoa,Exclude
4099,10.0316.0581,10.316,Phẫu thuật hở lấy sỏi thận sỏi niệu quản + kết hợp nội soi mềm để lấy toàn bộ sỏi,Ngoại khoa,Exclude
4100,10.0317.0436,10.317,Dẫn lưu bể thận tối thiểu,Ngoại khoa,Exclude
4101,10.0318.0104,10.318,Dẫn lưu thận qua da dưới hướng dẫn của siêu âm,Các thủ thuật và dịch vụ Nội soi,Exclude
4102,10.0319.0436,10.319,"Dẫn lưu viêm tấy quanh thận, áp xe thận",Ngoại khoa,Exclude
4103,10.0320.0423,10.320,"Tạo hình khúc nối bể thận – niệu quản (Phương pháp Foley, Anderson – Hynes",Ngoại khoa,Exclude
4104,10.0321.0417,10.321,Cắt u tuyến thượng thận (mổ mở),Ngoại khoa,Exclude
4105,10.0322.0416,10.322,Cắt thận rộng rãi + nạo vét hạch,Ngoại khoa,Exclude
4106,10.0323.0423,10.323,Nối niệu quản - đài thận,Ngoại khoa,Exclude
4107,10.0324.0423,10.324,Cắt nối niệu quản,Ngoại khoa,Exclude
4108,10.0325.0421,10.325,Lấy sỏi niệu quản đơn thuần,Ngoại khoa,Exclude
4109,10.0326.0421,10.326,"Lấy sỏi niệu quản tái phát, phẫu thuật lại",Ngoại khoa,Exclude
4110,10.0327.0421,10.327,Lấy sỏi niệu quản đoạn sát bàng quang,Ngoại khoa,Exclude
4111,10.0330.0429,10.330,Phẫu thuật rò niệu quản - âm đạo,Ngoại khoa,Exclude
4112,10.0331.0423,10.331,Tạo hình niệu quản do phình to niệu quản,Ngoại khoa,Exclude
4113,10.0332.0422,10.332,Tạo hình niệu quản bằng đoạn ruột,Ngoại khoa,Exclude
4114,10.0334.0464,10.334,Đưa niệu quản ra da đơn thuần ± thắt ĐM chậu trong,Ngoại khoa,Exclude
4115,10.0335.0104,10.335,Đặt ống thông JJ trong hẹp niệu quản,Các thủ thuật và dịch vụ Nội soi,Exclude
4116,10.0336.0423,10.336,Phẫu thuật mở rộng bàng quang bằng đoạn hồi tràng,Ngoại khoa,Exclude
4117,10.0337.0424,10.337,"Cắt toàn bộ bàng quang kèm tạo hình bàng quang kiểu Studder, Camey",Ngoại khoa,Exclude
4118,10.0338.0582,10.338,Phẫu thuật ghép cơ cổ bàng quang,Ngoại khoa,Exclude
4119,10.0339.0581,10.339,Phẫu thuật bàng quang lộ ngoài bằng nối bàng quang với trực tràng theo kiểu Duhamel,Ngoại khoa,Exclude
4120,10.0340.0583,10.340,Treo cổ bàng quang điều trị đái rỉ ở nữ,Ngoại khoa,Exclude
4121,10.0341.0583,10.341,Mổ sa bàng quang qua ngõ âm đạo (tạo hình thành trước âm đạo),Ngoại khoa,Exclude
4122,10.0342.0582,10.342,"Lấy sỏi bàng quang lần 2, đóng lỗ rò bàng quang",Ngoại khoa,Exclude
4123,10.0344.0585,10.344,Dẫn lưu bàng quang bằng chọc trôca,Ngoại khoa,Exclude
4124,10.0345.0424,10.345,"Cắt toàn bộ bàng quang, cắm niệu quản vào ruột",Ngoại khoa,Exclude
4125,10.0346.0429,10.346,"Phẫu thuật rò bàng quang-âm đạo, bàng quang-tử cung, trực tràng",Ngoại khoa,Exclude
4126,10.0347.0424,10.347,"Cắt bàng quang, đưa niệu quản ra ngoài da",Ngoại khoa,Exclude
4127,10.0348.0582,10.348,Cắm niệu quản bàng quang,Ngoại khoa,Exclude
4128,10.0349.0424,10.349,Cắt cổ bàng quang,Ngoại khoa,Exclude
4129,10.0350.0434,10.350,Phẫu thuật cấp cứu vỡ bàng quang,Ngoại khoa,Exclude
4130,10.0351.0583,10.351,Phẫu thuật đặt võng nâng cổ bàng quang (Sling) trong tiểu không kiểm soát khi gắng sức,Ngoại khoa,Exclude
4131,10.0352.0425,10.352,Phẫu thuật cắt túi thừa bàng quang,Ngoại khoa,Exclude
4132,10.0353.0158,10.353,"Bơm rửa bàng quang, bơm hóa chất",Các thủ thuật và dịch vụ Nội soi,Exclude
4133,10.0355.0421,10.355,Lấy sỏi bàng quang,Ngoại khoa,Exclude
4134,10.0356.0436,10.356,Dẫn lưu nước tiểu bàng quang,Ngoại khoa,Exclude
4135,10.0357.0436,10.357,Dẫn lưu áp xe khoang Retzius,Ngoại khoa,Exclude
4136,10.0358.0424,10.358,"Cắt bàng quan toàn bộ, nạo vét hạch và chuyển lưu dòng nước tiểu bằng ruột",Ngoại khoa,Exclude
4137,10.0359.0584,10.359,Dẫn lưu bàng quang đơn thuần,Ngoại khoa,Exclude
4138,10.0360.0425,10.360,Cắt u ống niệu rốn và một phần bàng quang,Ngoại khoa,Exclude
4139,10.0361.0423,10.361,Phẫu thuật dò niệu đạo - trực tràng bẩm sinh,Ngoại khoa,Exclude
4140,10.0362.0423,10.362,Phẫu thuật dò niệu đạo - âm đạo bẩm sinh,Ngoại khoa,Exclude
4141,10.0363.0423,10.363,Phẫu thuật dò niệu đạo - âm đạo-trực tràng bẩm sinh,Ngoại khoa,Exclude
4142,10.0364.0434,10.364,Phẫu thuật sa niệu đạo nữ,Ngoại khoa,Exclude
4143,10.0365.0423,10.365,"Phẫu thuật cắt dị tật hậu môn-trực tràng, làm lại niệu đạo",Ngoại khoa,Exclude
4144,10.0366.0581,10.366,Phẫu thuật cắt toàn bộ tuyến tiền liệt trong điều trị ung thư tuyến tiền liệt,Ngoại khoa,Exclude
4145,10.0367.0434,10.367,Cắt nối niệu đạo trước,Ngoại khoa,Exclude
4146,10.0368.0434,10.368,Cắt nối niệu đạo sau,Ngoại khoa,Exclude
4147,10.0369.0434,10.369,Cấp cứu nối niệu đạo do vỡ xương chậu,Ngoại khoa,Exclude
4148,10.0370.0436,10.370,Đưa một đầu niệu đạo ra ngoài da,Ngoại khoa,Exclude
4149,10.0371.0436,10.371,Dẫn lưu viêm tấy khung chậu do rò nước tiểu,Ngoại khoa,Exclude
4150,10.0372.0436,10.372,Phẫu thuật áp xe tuyến tiền liệt,Ngoại khoa,Exclude
4151,10.0373.0434,10.373,"Phẫu thuật lỗ tiểu lệch thấp, tạo hình một thì",Ngoại khoa,Exclude
4152,10.0374.0435,10.374,"Phẫu thuật lỗ tiều lệch thấp, tạo hình thì 2",Ngoại khoa,Exclude
4153,10.0375.0432,10.375,Bóc u tiền liệt tuyến qua đường sau xương mu,Ngoại khoa,Exclude
4154,10.0376.0432,10.376,Bóc u tiền liệt tuyến qua đường bàng quang,Ngoại khoa,Exclude
4155,10.0378.0436,10.378,"Dẫn lưu bàng quang, đặt Tuteur niệu đạo",Ngoại khoa,Exclude
4156,10.0379.0435,10.379,Tạo hình miệng niệu đạo lệch thấp ở nữ giới,Ngoại khoa,Exclude
4157,10.0383.0436,10.383,Đặt ống Stent chữa bí đái do phì đại tiền liệt tuyến,Ngoại khoa,Exclude
4158,10.0384.0437,10.384,Tạo hình dương vật do lệch lạc phái tính do gien,Ngoại khoa,Exclude
4159,10.0386.0435,10.386,Cắt bỏ tinh hoàn lạc chỗ,Ngoại khoa,Exclude
4160,10.0387.0581,10.387,Phẫu thuật tạo hình điều trị dị tật lộ bàng quang bẩm sinh,Ngoại khoa,Exclude
4161,10.0388.0581,10.388,"Phẫu thuật tạo hình điều trị đa dị tật bàng quang âm đạo, niệu đạo, trực tràng",Ngoại khoa,Exclude
4162,10.0391.0435,10.391,Phẫu thuật tạo hình điều trị lỗ niệu đạo mặt lưng dương vật,Ngoại khoa,Exclude
4163,10.0392.0583,10.392,Phẫu thuật điều trị són tiểu,Ngoại khoa,Exclude
4164,10.0393.0583,10.393,Điều trị đái rỉ ở nữ bàng đặt miếng nâng niệu đạo TOT,Ngoại khoa,Exclude
4165,10.0394.0435,10.394,"Hạ tinh hoàn ẩn, tinh hoàn lạc chổ",Ngoại khoa,Exclude
4166,10.0398.0584,10.398,Phẫu thuật tái tạo miệng sáo do hẹp miệng sáo,Ngoại khoa,Exclude
4167,10.0400.0584,10.400,Thắt tĩnh mạch tinh trên bụng,Ngoại khoa,Exclude
4168,10.0401.0583,10.401,"Cắt dương vật không vét hạch, cắt một nửa dương vật",Ngoại khoa,Exclude
4169,10.0402.0584,10.402,Phẫu thuật vỡ vật hang do gẫy dương vật,Ngoại khoa,Exclude
4170,10.0403.0436,10.403,Phẫu thuật chữa cương cứng dương vật,Ngoại khoa,Exclude
4171,10.0405.0156,10.405,Nong niệu đạo,Các thủ thuật và dịch vụ Nội soi,Exclude
4172,10.0406.0435,10.406,Cắt bỏ tinh hoàn,Ngoại khoa,Exclude
4173,10.0407.0435,10.407,"Phẫu thuật xoắn, vỡ tinh hoàn",Ngoại khoa,Exclude
4174,10.0408.0584,10.408,Phẫu thuật tràn dịch màng tinh hoàn,Ngoại khoa,Exclude
4175,10.0409.0423,10.409,Phẫu thuật chữa xơ cứng dương vật (Peyronie),Ngoại khoa,Exclude
4176,10.0410.0584,10.410,Cắt bỏ bao da qui đầu do dính hoặc dài,Ngoại khoa,Exclude
4177,10.0411.0584,10.411,Cắt hẹp bao quy đầu,Ngoại khoa,Exclude
4178,10.0412.0584,10.412,Mở rộng lỗ sáo,Ngoại khoa,Exclude
4179,10.0414.0400,10.414,Mở ngực thăm dò,Ngoại khoa,Exclude
4180,10.0415.0400,10.415,"Mở ngực thăm dò, sinh thiết",Ngoại khoa,Exclude
4181,10.0416.0491,10.416,Mở thông dạ dày,Ngoại khoa,Exclude
4182,10.0417.0491,10.417,Đưa thực quản ra ngoài,Ngoại khoa,Exclude
4183,10.0418.0493,10.418,"Dẫn lưu áp xe thực quản, trung thất",Ngoại khoa,Exclude
4184,10.0419.0465,10.419,Khâu lỗ thủng hoặc vết thương thực quản,Ngoại khoa,Exclude
4185,10.0420.0465,10.420,Lấy dị vật thực quản đường cổ,Ngoại khoa,Exclude
4186,10.0421.0465,10.421,Lấy dị vật thực quản đường ngực,Ngoại khoa,Exclude
4187,10.0422.0465,10.422,Lấy dị vật thực quản đường bụng,Ngoại khoa,Exclude
4188,10.0423.0465,10.423,Đóng rò thực quản,Ngoại khoa,Exclude
4189,10.0424.0465,10.424,Đóng lỗ rò thực quản – khí quản,Ngoại khoa,Exclude
4190,10.0425.0442,10.425,Cắt túi thừa thực quản cổ,Ngoại khoa,Exclude
4191,10.0426.0442,10.426,Cắt túi thừa thực quản ngực,Ngoại khoa,Exclude
4192,10.0427.0441,10.427,"Lấy u cơ, xơ…thực quản đường ngực",Ngoại khoa,Exclude
4193,10.0428.0441,10.428,"Lấy u cơ, xơ…thực quản đường cổ hoặc đường bụng",Ngoại khoa,Exclude
4194,10.0429.0442,10.429,"Cắt đoạn thực quản, dẫn lưu hai đầu ra ngoài",Ngoại khoa,Exclude
4195,10.0430.0442,10.430,Cắt nối thực quản,Ngoại khoa,Exclude
4196,10.0431.0442,10.431,"Cắt thực quản, tạo hình thực quản bằng dạ dày không mở ngực",Ngoại khoa,Exclude
4197,10.0432.0442,10.432,"Cắt thực quản, tạo hình thực quản bằng dạ dày đường bụng, ngực, cổ",Ngoại khoa,Exclude
4198,10.0433.0442,10.433,"Cắt thực quản, tạo hình thực quản bằng dạ dày đường bụng, ngực",Ngoại khoa,Exclude
4199,10.0434.0442,10.434,"Cắt thực quản, tạo hình thực quản bằng đại tràng không mở ngực",Ngoại khoa,Exclude
4200,10.0435.0442,10.435,"Cắt thực quản, tạo hình thực quản bằng đại tràng đường bụng, ngực, cổ",Ngoại khoa,Exclude
4201,10.0436.0442,10.436,"Cắt thực quản, tạo hình thực quản bằng đại tràng đường bụng, ngực",Ngoại khoa,Exclude
4202,10.0437.0442,10.437,"Cắt thực quản, cắt toàn bộ dạ dày, tạo hình thực quản bằng đoạn đại tràng hoặc ruột non",Ngoại khoa,Exclude
4203,10.0438.0442,10.438,"Cắt thực quản, hạ họng, thanh quản",Ngoại khoa,Exclude
4204,10.0439.0442,10.439,"Cắt thực quản, tạo hình thực quản bằng quai ruột (ruột non, đại tràng vi phẫu)",Ngoại khoa,Exclude
4205,10.0440.0446,10.440,Tạo hình thực quản bằng dạ dày không cắt thực quản,Ngoại khoa,Exclude
4206,10.0441.0446,10.441,Tạo hình thực quản bằng đại tràng không cắt thực quản,Ngoại khoa,Exclude
4207,10.0442.0441,10.442,Phẫu thuật điều trị thực quản đôi,Ngoại khoa,Exclude
4208,10.0443.0442,10.443,Phẫu thuật điều trị teo thực quản,Ngoại khoa,Exclude
4209,10.0444.0488,10.444,Nạo vét hạch trung thất,Ngoại khoa,Exclude
4210,10.0445.0488,10.445,Nạo vét hạch cổ,Ngoại khoa,Exclude
4211,10.0446.0452,10.446,Phẫu thuật điều trị co thắt thực quản lan tỏa,Ngoại khoa,Exclude
4212,10.0447.0582,10.447,Phẫu thuật Heller,Ngoại khoa,Exclude
4213,10.0449.0446,10.449,Tạo hình tại chỗ sẹo hẹp thực quản đường cổ,Ngoại khoa,Exclude
4214,10.0451.0491,10.451,Mở bụng thăm dò,Ngoại khoa,Exclude
4215,10.0452.0491,10.452,"Mở bụng thăm dò, sinh thiết",Ngoại khoa,Exclude
4216,10.0453.0464,10.453,Nối vị tràng,Ngoại khoa,Exclude
4217,10.0454.0465,10.454,Cắt dạ dày hình chêm,Ngoại khoa,Exclude
4218,10.0455.0449,10.455,Cắt đoạn dạ dày,Ngoại khoa,Exclude
4219,10.0456.0449,10.456,Cắt đoạn dạ dày và mạc nối lớn,Ngoại khoa,Exclude
4220,10.0457.0449,10.457,Cắt toàn bộ dạ dày,Ngoại khoa,Exclude
4221,10.0458.0449,10.458,Cắt lại dạ dày,Ngoại khoa,Exclude
4222,10.0459.0488,10.459,Nạo vét hạch D1,Ngoại khoa,Exclude
4223,10.0460.0488,10.460,Nạo vét hạch D2,Ngoại khoa,Exclude
4224,10.0461.0488,10.461,Nạo vét hạch D3,Ngoại khoa,Exclude
4225,10.0462.0488,10.462,Nạo vét hạch D4,Ngoại khoa,Exclude
4226,10.0463.0465,10.463,Khâu lỗ thủng dạ dày tá tràng,Ngoại khoa,Exclude
4227,10.0465.0465,10.465,Khâu cầm máu ổ loét dạ dày,Ngoại khoa,Exclude
4228,10.0466.0455,10.466,Cắt thần kinh X toàn bộ,Ngoại khoa,Exclude
4229,10.0467.0455,10.467,Cắt thần kinh X chọn lọc,Ngoại khoa,Exclude
4230,10.0468.0455,10.468,Cắt thần kinh X siêu chọn lọc,Ngoại khoa,Exclude
4231,10.0471.0465,10.471,Mở dạ dày xử lý tổn thương,Ngoại khoa,Exclude
4232,10.0473.0459,10.473,Cắt u tá tràng,Ngoại khoa,Exclude
4233,10.0474.0458,10.474,Cắt tá tràng bảo tồn đầu tụy,Ngoại khoa,Exclude
4234,10.0475.0459,10.475,Khâu vùi túi thừa tá tràng,Ngoại khoa,Exclude
4235,10.0476.0459,10.476,Cắt túi thừa tá tràng,Ngoại khoa,Exclude
4236,10.0477.0482,10.477,"Cắt bóng Vater và tạo hình ống mật chủ, ống Wirsung qua đường mở D2 tá tràng",Ngoại khoa,Exclude
4237,10.0478.0455,10.478,Cắt màng ngăn tá tràng,Ngoại khoa,Exclude
4238,10.0479.0491,10.479,Mở thông hỗng tràng hoặc mở thông hồi tràng,Ngoại khoa,Exclude
4239,10.0480.0465,10.480,Khâu lỗ thủng hoặc khâu vết thương ruột non,Ngoại khoa,Exclude
4240,10.0481.0455,10.481,"Cắt dây chằng, gỡ dính ruột",Ngoại khoa,Exclude
4241,10.0482.0455,10.482,Tháo xoắn ruột non,Ngoại khoa,Exclude
4242,10.0483.0455,10.483,Tháo lồng ruột non,Ngoại khoa,Exclude
4243,10.0484.0465,10.484,Đẩy bã thức ăn xuống đại tràng,Ngoại khoa,Exclude
4244,10.0485.0465,10.485,"Mở ruột non lấy dị vật (bã thức ăn, giun, mảnh kim loại,…)",Ngoại khoa,Exclude
4245,10.0486.0465,10.486,Cắt ruột non hình chêm,Ngoại khoa,Exclude
4246,10.0487.0458,10.487,"Cắt đoạn ruột non, lập lại lưu thông",Ngoại khoa,Exclude
4247,10.0488.0458,10.488,"Cắt đoạn ruột non, đưa hai đầu ruột ra ngoài",Ngoại khoa,Exclude
4248,10.0489.0458,10.489,"Cắt đoạn ruột non, nối tận bên, đưa 1 đầu ra ngoài (Quénue)",Ngoại khoa,Exclude
4249,10.0490.0458,10.490,Cắt nhiều đoạn ruột non,Ngoại khoa,Exclude
4250,10.0491.0455,10.491,Gỡ dính sau mổ lại,Ngoại khoa,Exclude
4251,10.0492.0493,10.492,"Phẫu thuật điều trị apxe tồn dư, dẫn lưu ổ bụng",Ngoại khoa,Exclude
4252,10.0493.0465,10.493,Đóng mở thông ruột non,Ngoại khoa,Exclude
4253,10.0494.0456,10.494,Nối tắt ruột non - đại tràng hoặc trực tràng,Ngoại khoa,Exclude
4254,10.0495.0456,10.495,Nối tắt ruột non - ruột non,Ngoại khoa,Exclude
4255,10.0496.0489,10.496,Cắt mạc nối lớn,Ngoại khoa,Exclude
4256,10.0497.0489,10.497,Cắt bỏ u mạc nối lớn,Ngoại khoa,Exclude
4257,10.0498.0489,10.498,Cắt u mạc treo ruột,Ngoại khoa,Exclude
4258,10.0499.0465,10.499,Khâu vết thương tĩnh mạch mạc treo tràng trên,Ngoại khoa,Exclude
4259,10.0500.0465,10.500,Khâu vết thương động mạch mạc treo tràng trên,Ngoại khoa,Exclude
4260,10.0501.0465,10.501,Bắc cầu động mạch mạc treo tràng trên bằng đoạn tĩnh mạch hiển hoặc đoạn mạch nhân tạo,Ngoại khoa,Exclude
4261,10.0502.0465,10.502,"Cắt đoạn động mạch mạc treo tràng trên, nối động mạch trực tiếp",Ngoại khoa,Exclude
4262,10.0503.0458,10.503,Cắt toàn bộ ruột non,Ngoại khoa,Exclude
4263,10.0506.0459,10.506,Cắt ruột thừa đơn thuần,Ngoại khoa,Exclude
4264,10.0507.0459,10.507,"Cắt ruột thừa, lau rửa ổ bụng",Ngoại khoa,Exclude
4265,10.0508.0459,10.508,"Cắt ruột thừa, dẫn lưu ổ apxe",Ngoại khoa,Exclude
4266,10.0509.0493,10.509,Dẫn lưu áp xe ruột thừa,Ngoại khoa,Exclude
4267,10.0510.0459,10.510,Các phẫu thuật ruột thừa khác,Ngoại khoa,Exclude
4268,10.0511.0491,10.511,Dẫn lưu hoặc mở thông manh tràng,Ngoại khoa,Exclude
4269,10.0512.0465,10.512,Khâu lỗ thủng đại tràng,Ngoại khoa,Exclude
4270,10.0513.0465,10.513,Cắt túi thừa đại tràng,Ngoại khoa,Exclude
4271,10.0514.0454,10.514,Cắt đoạn đại tràng nối ngay,Ngoại khoa,Exclude
4272,10.0515.0454,10.515,"Cắt đoạn đại tràng, đưa 2 đầu đại tràng ra ngoài",Ngoại khoa,Exclude
4273,10.0516.0454,10.516,"Cắt đoạn đại tràng, đóng đầu dưới, đưa đầu trên ra ngoài ổ bụng kiểu Hartmann",Ngoại khoa,Exclude
4274,10.0517.0454,10.517,Cắt manh tràng và đoạn cuối hồi tràng,Ngoại khoa,Exclude
4275,10.0518.0454,10.518,Cắt đại tràng phải hoặc đại tràng trái nối ngay,Ngoại khoa,Exclude
4276,10.0519.0454,10.519,"Cắt đại tràng phải hoặc đại tràng trái, đưa 2 đầu ruột ra ngoài",Ngoại khoa,Exclude
4277,10.0520.0454,10.520,"Cắt đại tràng phải hoặc đại tràng trái, đóng đầu dưới, đưa đầu trên ra ngoài kiểu Hartmann",Ngoại khoa,Exclude
4278,10.0521.0454,10.521,"Cắt toàn bộ đại tràng, nối ngay ruột non – trực tràng",Ngoại khoa,Exclude
4279,10.0522.0454,10.522,"Cắt toàn bộ đại trực tràng, nối ngay ruột non - ống hậu môn",Ngoại khoa,Exclude
4280,10.0523.0454,10.523,"Cắt toàn bộ đại trực tràng, đưa hồi tràng ra làm hậu môn nhân tạo",Ngoại khoa,Exclude
4281,10.0524.0491,10.524,Làm hậu môn nhân tạo,Ngoại khoa,Exclude
4282,10.0525.0491,10.525,Làm hậu môn nhân tạo,Ngoại khoa,Exclude
4283,10.0526.0465,10.526,Lấy dị vật trực tràng,Ngoại khoa,Exclude
4284,10.0527.0454,10.527,Cắt đoạn trực tràng nối ngay,Ngoại khoa,Exclude
4285,10.0528.0454,10.528,"Cắt đoạn trực tràng, đóng đầu dưới đưa đầu trên ra ngoài kiểu Hartmann",Ngoại khoa,Exclude
4286,10.0529.0454,10.529,"Cắt đoạn trực tràng, miệng nối đại trực tràng thấp",Ngoại khoa,Exclude
4287,10.0530.0454,10.530,"Cắt đoạn trực tràng, miệng nối đại tràng - ống hậu môn",Ngoại khoa,Exclude
4288,10.0531.0454,10.531,"Cắt đoạn trực tràng, cơ thắt trong bảo tồn cơ thắt ngoài đường tầng sinh môn",Ngoại khoa,Exclude
4289,10.0532.0460,10.532,"Cắt cụt trực tràng đường bụng, tầng sinh môn",Ngoại khoa,Exclude
4290,10.0533.0494,10.533,"Cắt u, polyp trực tràng đường hậu môn",Ngoại khoa,Exclude
4291,10.0534.0465,10.534,"Khâu lỗ thủng, vết thương trực tràng",Ngoại khoa,Exclude
4292,10.0535.0455,10.535,Phẫu thuật điều trị sa trực tràng đường bụng,Ngoại khoa,Exclude
4293,10.0536.0465,10.536,Phẫu thuật điều trị sa trực tràng qua đường hậu môn,Ngoại khoa,Exclude
4294,10.0537.0455,10.537,Cắt toàn bộ mạc treo trực tràng,Ngoại khoa,Exclude
4295,10.0538.0489,10.538,"Bóc u xơ, cơ..trực tràng đường bụng",Ngoại khoa,Exclude
4296,10.0539.0494,10.539,"Bóc u xơ, cơ..trực tràng đường tầng sinh môn",Ngoại khoa,Exclude
4297,10.0540.0465,10.540,Đóng rò trực tràng – âm đạo,Ngoại khoa,Exclude
4298,10.0541.0465,10.541,Đóng rò trực tràng – bàng quang,Ngoại khoa,Exclude
4299,10.0542.0465,10.542,Phẫu thuật điều trị rò trực tràng – niệu quản,Ngoại khoa,Exclude
4300,10.0543.0465,10.543,Phẫu thuật điều trị rò trực tràng – niệu đạo,Ngoại khoa,Exclude
4301,10.0544.0465,10.544,Phẫu thuật điều trị rò trực tràng – tầng sinh môn,Ngoại khoa,Exclude
4302,10.0545.0465,10.545,Phẫu thuật điều trị rò trực tràng – tiểu khung,Ngoại khoa,Exclude
4303,10.0547.0494,10.547,Phẫu thuật cắt 1 búi trĩ,Ngoại khoa,Exclude
4304,10.0548.0494,10.548,Phẫu thuật lấy trĩ tắc mạch,Ngoại khoa,Exclude
4305,10.0549.0494,10.549,Phẫu thuật cắt trĩ kinh điển (phương pháp Milligan – Morgan hoặc Ferguson),Ngoại khoa,Exclude
4306,10.0550.0494,10.550,Phẫu thuật cắt trĩ kinh điển có sử dụng dụng cụ hỗ trợ,Ngoại khoa,Exclude
4307,10.0551.0494,10.551,Phẫu thuật lấy toàn bộ trĩ vòng,Ngoại khoa,Exclude
4308,10.0552.0495,10.552,Phẫu thuật Longo,Ngoại khoa,Exclude
4309,10.0553.0495,10.553,Phẫu thuật Longo kết hợp với khâu treo trĩ,Ngoại khoa,Exclude
4310,10.0554.0494,10.554,Phẫu thuật khâu treo và triệt mạch trĩ (THD),Ngoại khoa,Exclude
4311,10.0555.0494,10.555,"Phẫu thuật chích, dẫn lưu áp xe cạnh hậu môn đơn giản",Ngoại khoa,Exclude
4312,10.0556.0494,10.556,Phẫu thuật điều trị áp xe hậu môn phức tạp,Ngoại khoa,Exclude
4313,10.0557.0494,10.557,Phẫu thuật điều trị rò hậu môn đơn giản,Ngoại khoa,Exclude
4314,10.0558.0494,10.558,Phẫu thuật điều trị rò hậu môn phức tạp,Ngoại khoa,Exclude
4315,10.0559.0494,10.559,Phẫu thuật điều trị rò hậu môn cắt cơ thắt trên chỉ chờ,Ngoại khoa,Exclude
4316,10.0560.0583,10.560,Phẫu thuật điều trị bệnh Verneuil,Ngoại khoa,Exclude
4317,10.0561.0494,10.561,Điều trị nứt kẽ hậu môn bằng cắt cơ tròn trong (vị trí 3 giờ và 9 giờ),Ngoại khoa,Exclude
4318,10.0562.0494,10.562,"Điều trị nứt kẽ hậu môn bằng cắt cơ tròn trong vị trí 6 giờ, tạo hình hậu môn",Ngoại khoa,Exclude
4319,10.0563.0494,10.563,"Điều trị hẹp hậu môn bằng cắt vòng xơ, tạo hình hậu môn",Ngoại khoa,Exclude
4320,10.0564.0491,10.564,Phẫu thuật điều trị bệnh Rectocelle,Ngoại khoa,Exclude
4321,10.0566.0584,10.566,Phẫu thuật cắt u nhú ống hậu môn (condylome),Ngoại khoa,Exclude
4322,10.0567.0584,10.567,"Cắt u lành tính ống hậu môn (u cơ, polyp…)",Ngoại khoa,Exclude
4323,10.0569.0624,10.569,Phẫu thuật điều trị đứt cơ thắt hậu môn,Phụ Sản,Exclude
4324,10.0570.0624,10.570,Phẫu thuật điều trị đại tiện mất tự chủ,Phụ Sản,Exclude
4325,10.0571.0632,10.571,"Phẫu thuật cắt lọc, xử lý vết thương tầng sinh môn đơn giản",Phụ Sản,Exclude
4326,10.0572.0577,10.572,"Phẫu thuật cắt lọc, xử lý vết thương tầng sinh môn phức tạp",Ngoại khoa,Exclude
4327,10.0574.0491,10.574,"Thăm dò, sinh thiết gan",Ngoại khoa,Exclude
4328,10.0575.0466,10.575,Cắt gan toàn bộ,Ngoại khoa,Exclude
4329,10.0576.0466,10.576,Cắt gan phải,Ngoại khoa,Exclude
4330,10.0577.0466,10.577,Cắt gan trái,Ngoại khoa,Exclude
4331,10.0578.0466,10.578,Cắt gan phân thuỳ sau,Ngoại khoa,Exclude
4332,10.0579.0466,10.579,Cắt gan phân thuỳ trước,Ngoại khoa,Exclude
4333,10.0580.0466,10.580,Cắt thuỳ gan trái,Ngoại khoa,Exclude
4334,10.0581.0466,10.581,Cắt hạ phân thuỳ 1,Ngoại khoa,Exclude
4335,10.0582.0466,10.582,Cắt hạ phân thuỳ 2,Ngoại khoa,Exclude
4336,10.0583.0466,10.583,Cắt hạ phân thuỳ 3,Ngoại khoa,Exclude
4337,10.0584.0466,10.584,Cắt hạ phân thuỳ 4,Ngoại khoa,Exclude
4338,10.0585.0466,10.585,Cắt hạ phân thuỳ 5,Ngoại khoa,Exclude
4339,10.0586.0466,10.586,Cắt hạ phân thuỳ 6,Ngoại khoa,Exclude
4340,10.0587.0466,10.587,Cắt hạ phân thuỳ 7,Ngoại khoa,Exclude
4341,10.0588.0466,10.588,Cắt hạ phân thuỳ 8,Ngoại khoa,Exclude
4342,10.0589.0466,10.589,Cắt hạ phân thuỳ 9,Ngoại khoa,Exclude
4343,10.0590.0466,10.590,Cắt gan phải mở rộng,Ngoại khoa,Exclude
4344,10.0591.0466,10.591,Cắt gan trái mở rộng,Ngoại khoa,Exclude
4345,10.0592.0466,10.592,Cắt gan trung tâm,Ngoại khoa,Exclude
4346,10.0593.0466,10.593,Cắt gan nhỏ,Ngoại khoa,Exclude
4347,10.0594.0466,10.594,Cắt gan lớn,Ngoại khoa,Exclude
4348,10.0595.0466,10.595,Cắt nhiều hạ phân thuỳ,Ngoại khoa,Exclude
4349,10.0596.0466,10.596,"Cắt gan hình chêm, nối gan ruột",Ngoại khoa,Exclude
4350,10.0597.0468,10.597,"Cắt gan có sử dụng kỹ thuật cao (CUSA, dao siêu âm, sóng cao tần…)",Ngoại khoa,Exclude
4351,10.0598.0466,10.598,Các phẫu thuật cắt gan khác,Ngoại khoa,Exclude
4352,10.0599.0393,10.599,Tạo hình tĩnh mạch gan - chủ dưới,Ngoại khoa,Exclude
4353,10.0603.0465,10.603,Lấy huyết khối tĩnh mạch cửa,Ngoại khoa,Exclude
4354,10.0604.0465,10.604,Các loại phẫu thuật phân lưu cửa chủ,Ngoại khoa,Exclude
4355,10.0605.0582,10.605,"Thắt động mạch gan (riêng, phải, trái)",Ngoại khoa,Exclude
4356,10.0606.0466,10.606,Lấy bỏ u gan,Ngoại khoa,Exclude
4357,10.0607.0466,10.607,Cắt lọc nhu mô gan,Ngoại khoa,Exclude
4358,10.0608.0471,10.608,Cầm máu nhu mô gan,Ngoại khoa,Exclude
4359,10.0609.0471,10.609,Chèn gạc nhu mô gan cầm máu,Ngoại khoa,Exclude
4360,10.0610.0471,10.610,Lấy máu tụ bao gan,Ngoại khoa,Exclude
4361,10.0611.0582,10.611,Cắt chỏm nang gan,Ngoại khoa,Exclude
4362,10.0615.0488,10.615,Lấy hạch cuống gan,Ngoại khoa,Exclude
4363,10.0616.0493,10.616,Dẫn lưu áp xe gan,Ngoại khoa,Exclude
4364,10.0617.0493,10.617,Dẫn lưu áp xe tồn dư sau mổ gan,Ngoại khoa,Exclude
4365,10.0618.0491,10.618,Thăm dò kết hợp với tiêm cồn hoặc đốt sóng cao tần hoặc áp lạnh,Ngoại khoa,Exclude
4366,10.0620.0583,10.620,Mở thông túi mật,Ngoại khoa,Exclude
4367,10.0621.0472,10.621,Cắt túi mật,Ngoại khoa,Exclude
4368,10.0622.0474,10.622,"Mở ống mật chủ lấy sỏi đường mật, không dẫn lưu đường mật",Ngoại khoa,Exclude
4369,10.0623.0474,10.623,"Mở ống mật chủ lấy sỏi đường mật, dẫn lưu đường mật",Ngoại khoa,Exclude
4370,10.0625.0474,10.625,"Mở ống mật chủ lấy sỏi đường mật, nội soi tán sỏi đường mật",Ngoại khoa,Exclude
4371,10.0626.0479,10.626,Tán sỏi qua đường hầm Kehr hoặc qua da,Ngoại khoa,Exclude
4372,10.0629.0581,10.629,Mở nhu mô gan lấy sỏi,Ngoại khoa,Exclude
4373,10.0630.0475,10.630,Mở miệng nối mật ruột lấy sỏi dẫn lưu Kehr hoặc làm lại miệng nối mật ruột,Ngoại khoa,Exclude
4374,10.0632.0481,10.632,Nối mật ruột bên - bên,Ngoại khoa,Exclude
4375,10.0633.0481,10.633,Nối mật ruột tận - bên,Ngoại khoa,Exclude
4376,10.0634.0481,10.634,Nối ngã ba đường mật hoặc ống gan phải hoặc ống gan trái với hỗng tràng,Ngoại khoa,Exclude
4377,10.0635.0481,10.635,Cắt đường mật ngoài gan,Ngoại khoa,Exclude
4378,10.0636.0481,10.636,Cắt ngã ba đường mật hoặc ống gan phải ống gan trái,Ngoại khoa,Exclude
4379,10.0638.0464,10.638,"Mở đường mật, đặt dẫn lưu đường mật",Ngoại khoa,Exclude
4380,10.0639.0469,10.639,Các phẫu thuật đường mật khác,Ngoại khoa,Exclude
4381,10.0640.0486,10.640,Khâu vết thương tụy và dẫn lưu,Ngoại khoa,Exclude
4382,10.0641.0464,10.641,Dẫn lưu nang tụy,Ngoại khoa,Exclude
4383,10.0642.0464,10.642,Nối nang tụy với tá tràng,Ngoại khoa,Exclude
4384,10.0643.0464,10.643,Nối nang tụy với dạ dày,Ngoại khoa,Exclude
4385,10.0644.0464,10.644,Nối nang tụy với hỗng tràng,Ngoại khoa,Exclude
4386,10.0645.0486,10.645,Cắt bỏ nang tụy,Ngoại khoa,Exclude
4387,10.0646.0486,10.646,"Lấy nhân ở tụy (di căn tụy, u tụy)",Ngoại khoa,Exclude
4388,10.0647.0486,10.647,Lấy tổ chức ung thư tát phát khu trú tại tụy,Ngoại khoa,Exclude
4389,10.0648.0482,10.648,Cắt khối tá tụy,Ngoại khoa,Exclude
4390,10.0649.0482,10.649,Cắt khối tá tụy bảo tồn môn vị,Ngoại khoa,Exclude
4391,10.0650.0482,10.650,Cắt khối tá tụy + tạo hình tĩnh mạch cửa tự thân,Ngoại khoa,Exclude
4392,10.0651.0482,10.651,Cắt khối tá tụy + tạo hình tĩnh mạch cửa bằng mạch nhân tạo,Ngoại khoa,Exclude
4393,10.0652.0482,10.652,Cắt khối tá tụy + tạo hình động mạch mạc treo tràng trên bằng đoạn mạch nhân tạo,Ngoại khoa,Exclude
4394,10.0653.0486,10.653,Cắt tụy trung tâm,Ngoại khoa,Exclude
4395,10.0654.0486,10.654,Cắt thân đuôi tụy kèm cắt lách,Ngoại khoa,Exclude
4396,10.0655.0486,10.655,Cắt đuôi tụy bảo tồn lách,Ngoại khoa,Exclude
4397,10.0656.0482,10.656,Cắt toàn bộ tụy,Ngoại khoa,Exclude
4398,10.0657.0486,10.657,Cắt một phần tuỵ,Ngoại khoa,Exclude
4399,10.0658.0486,10.658,Các phẫu thuật cắt tuỵ khác,Ngoại khoa,Exclude
4400,10.0659.0481,10.659,Nối tụy ruột,Ngoại khoa,Exclude
4401,10.0660.0486,10.660,Nối diện cắt đầu tụy và thân tụy với ruột non trên quai Y,Ngoại khoa,Exclude
4402,10.0661.0481,10.661,Nối diện cắt thân tụy với dạ dày,Ngoại khoa,Exclude
4403,10.0662.0445,10.662,Nối Wirsung ruột non + nối ống mật chủ - ruột non + nối dạ dày – ruột non trên ba quai ruột biệt lập,Ngoại khoa,Exclude
4404,10.0664.0464,10.664,"Phẫu thuật Mercadier điều trị sỏi tụy, viêm tụy mạn",Ngoại khoa,Exclude
4405,10.0665.0481,10.665,"Phẫu thuật Patington – Rochelle điều trị sỏi tụy, viêm tụy mạn",Ngoại khoa,Exclude
4406,10.0666.0481,10.666,"Phẫu thuật Frey điều trị sỏi tụy, viêm tụy mạn",Ngoại khoa,Exclude
4407,10.0667.0486,10.667,"Phẫu thuật Frey – Beger điều trị sỏi tụy, viêm tụy mạn",Ngoại khoa,Exclude
4408,10.0668.0486,10.668,Phẫu thuật Puestow - Gillesby,Ngoại khoa,Exclude
4409,10.0669.0464,10.669,"Lấy tổ chức tụy hoại tử, dẫn lưu",Ngoại khoa,Exclude
4410,10.0673.0484,10.673,Cắt lách do chấn thương,Ngoại khoa,Exclude
4411,10.0674.0484,10.674,Cắt lách bệnh lý,Ngoại khoa,Exclude
4412,10.0675.0484,10.675,Cắt lách bán phần,Ngoại khoa,Exclude
4413,10.0676.0582,10.676,Khâu vết thương lách,Ngoại khoa,Exclude
4414,10.0677.0582,10.677,Bảo tồn lách vỡ bằng lưới sinh học,Ngoại khoa,Exclude
4415,10.0679.0492,10.679,Phẫu thuật điều trị thoát vị bẹn bằng phương pháp Bassini,Ngoại khoa,Exclude
4416,10.0680.0492,10.680,Phẫu thuật điều trị thoát vị bẹn bằng phương pháp Shouldice,Ngoại khoa,Exclude
4417,10.0681.0492,10.681,Phẫu thuật điều trị thoát vị bẹn bằng phương pháp kết hợp Bassini và Shouldice,Ngoại khoa,Exclude
4418,10.0682.0492,10.682,Phẫu thuật điều trị thoát vị bẹn bằng phương pháp Lichtenstein,Ngoại khoa,Exclude
4419,10.0683.0492,10.683,Phẫu thuật điều trị thoát vị bẹn tái phát,Ngoại khoa,Exclude
4420,10.0684.0492,10.684,Phẫu thuật điều trị thoát vị bẹn 2 bên,Ngoại khoa,Exclude
4421,10.0685.0492,10.685,Phẫu thuật điều trị thoát vị đùi,Ngoại khoa,Exclude
4422,10.0686.0492,10.686,Phẫu thuật điều trị thoát vị vết mổ thành bụng,Ngoại khoa,Exclude
4423,10.0687.0492,10.687,Phẫu thuật điều trị thoát vị thành bụng khác,Ngoại khoa,Exclude
4424,10.0688.0583,10.688,"Phẫu thuật rò, nang ống rốn tràng, niệu rốn",Ngoại khoa,Exclude
4425,10.0689.0582,10.689,Phẫu thuật khâu lỗ thủng cơ hoành do vết thương,Ngoại khoa,Exclude
4426,10.0690.0582,10.690,Phẫu thuật khâu vỡ cơ hoành,Ngoại khoa,Exclude
4427,10.0691.0582,10.691,Phẫu thuật điều trị thoát vị cơ hoành,Ngoại khoa,Exclude
4428,10.0692.0582,10.692,Phẫu thuật điều trị thoát vị khe hoành,Ngoại khoa,Exclude
4429,10.0693.0582,10.693,Phẫu thuật điều trị thoát vị hoành bẩm sinh (Bochdalek),Ngoại khoa,Exclude
4430,10.0694.0582,10.694,Phẫu thuật điều trị nhão cơ hoành,Ngoại khoa,Exclude
4431,10.0695.0582,10.695,Phẫu thuật cắt u cơ hoành,Ngoại khoa,Exclude
4432,10.0695.0492,10.695,Phẫu thuật cắt u cơ hoành,Ngoại khoa,Exclude
4433,10.0697.0583,10.697,Phẫu thuật cắt u thành bụng,Ngoại khoa,Exclude
4434,10.0698.0628,10.698,Phẫu thuật khâu phục hồi thành bụng do toác vết mổ,Phụ Sản,Exclude
4435,10.0699.0583,10.699,Khâu vết thương thành bụng,Ngoại khoa,Exclude
4436,10.0701.0491,10.701,"Mở bụng thăm dò, lau rửa ổ bụng, đặt dẫn lưu",Ngoại khoa,Exclude
4437,10.0702.0489,10.702,Bóc phúc mạc douglas,Ngoại khoa,Exclude
4438,10.0703.0489,10.703,Lấy mạc nối lớn và mạc nối nhỏ,Ngoại khoa,Exclude
4439,10.0704.0489,10.704,Bóc phúc mạc bên trái,Ngoại khoa,Exclude
4440,10.0705.0489,10.705,Bóc phúc mạc bên phải,Ngoại khoa,Exclude
4441,10.0706.0489,10.706,Bóc phúc mạc phủ tạng,Ngoại khoa,Exclude
4442,10.0707.0489,10.707,Bóc phúc mạc kèm cắt các tạng khác,Ngoại khoa,Exclude
4443,10.0708.0489,10.708,Bóc phúc mạc kèm điều trị hóa chất trong phúc mạc trong mổ,Ngoại khoa,Exclude
4444,10.0709.0489,10.709,Bóc phúc mạc kèm điều trị hóa chất nhiệt độ cao trong phúc mạc trong mổ,Ngoại khoa,Exclude
4445,10.0710.0489,10.710,Bóc phúc mạc kèm cắt các tạng khác và điều trị hóa chất trong phúc mạc trong mổ,Ngoại khoa,Exclude
4446,10.0711.0489,10.711,Bóc phúc mạc kèm cắt các tạng khác và điều trị hóa chất nhiệt độ cao trong phúc mạc trong mổ,Ngoại khoa,Exclude
4447,10.0712.0489,10.712,Lấy u phúc mạc,Ngoại khoa,Exclude
4448,10.0713.0487,10.713,Lấy u sau phúc mạc,Ngoại khoa,Exclude
4449,10.0714.0536,10.714,Phẫu thuật thay khớp vai nhân tạo,Ngoại khoa,Exclude
4450,10.0715.0543,10.715,Phẫu thuật tạo hình bệnh xương bả vai lên cao,Ngoại khoa,Exclude
4451,10.0716.0551,10.716,Phẫu thuật tháo khớp vai,Ngoại khoa,Exclude
4452,10.0717.0556,10.717,Phẫu thuật kết hợp xương (KHX) gãy xương bả vai,Ngoại khoa,Exclude
4453,10.0718.0556,10.718,Phẫu thuật KHX gãy cổ xương bả vai,Ngoại khoa,Exclude
4454,10.0719.0556,10.719,Phẫu thuật KHX gãy xương đòn,Ngoại khoa,Exclude
4455,10.0720.0556,10.720,Phẫu thuật KHX trật khớp cùng đòn,Ngoại khoa,Exclude
4456,10.0721.0556,10.721,Phẫu thuật KHX khớp giả xương đòn,Ngoại khoa,Exclude
4457,10.0722.0556,10.722,Phẫu thuật KHX trật khớp ức đòn,Ngoại khoa,Exclude
4458,10.0723.0556,10.723,Phẫu thuật KHX gãy cổ giải phẫu và phẫu thuật xương cánh tay,Ngoại khoa,Exclude
4459,10.0724.0556,10.724,Phẫu thuật KHX gãy trật cổ xương cánh tay,Ngoại khoa,Exclude
4460,10.0725.0556,10.725,Phẫu thuật KHX gãy thân xương cánh tay,Ngoại khoa,Exclude
4461,10.0726.0556,10.726,Phẫu thuật KHX gãy thân xương cánh tay cánh tay có liệt TK quay,Ngoại khoa,Exclude
4462,10.0727.0553,10.727,Phẫu thuật KHX khớp giả xương cánh tay,Ngoại khoa,Exclude
4463,10.0729.0556,10.729,Phẫu thuật KHX gãy thân xương cánh tay phức tạp,Ngoại khoa,Exclude
4464,10.0730.0556,10.730,Phẫu thuật KHX gãy trên lồi cầu xương cánh tay,Ngoại khoa,Exclude
4465,10.0731.0556,10.731,Phẫu thuật KHX gãy liên lồi cầu xương cánh tay,Ngoại khoa,Exclude
4466,10.0732.0556,10.732,Phẫu thuật KHX gãy ròng rọc xương cánh tay,Ngoại khoa,Exclude
4467,10.0733.0556,10.733,Phẫu thuật KHX gãy lồi cầu ngoài xương cánh tay,Ngoại khoa,Exclude
4468,10.0734.0548,10.734,Phẫu thuật KHX gãy mỏm khuỷu,Ngoại khoa,Exclude
4469,10.0735.0548,10.735,Phẫu thuật KHX gãy mỏm khuỷu phức tạp,Ngoại khoa,Exclude
4470,10.0736.0556,10.736,Phẫu thuật KHX gãy Monteggia,Ngoại khoa,Exclude
4471,10.0737.0556,10.737,Phẫu thuật KHX gãy đài quay,Ngoại khoa,Exclude
4472,10.0738.0556,10.738,Phẫu thuật KHX gãy đài quay phức tạp,Ngoại khoa,Exclude
4473,10.0739.0556,10.739,Phẫu thuật KHX gãy thân 2 xương cẳng tay,Ngoại khoa,Exclude
4474,10.0740.0556,10.740,Phẫu thuật KHX gãy xương quay kèm trật khớp quay trụ dưới,Ngoại khoa,Exclude
4475,10.0741.0556,10.741,Phẫu thuật KHX gãy phức tạp khớp khuỷu,Ngoại khoa,Exclude
4476,10.0742.0539,10.742,Phẫu thuật tạo hình cứng khớp cổ tay sau chấn thương,Ngoại khoa,Exclude
4477,10.0743.0556,10.743,Phẫu thuật KHX gãy đầu dưới qương quay,Ngoại khoa,Exclude
4478,10.0744.0548,10.744,Phẫu thuật KHX gãy trật khớp cổ tay,Ngoại khoa,Exclude
4479,10.0745.0556,10.745,Phẫu thuật KHX gãy chỏm đốt bàn và ngón tay,Ngoại khoa,Exclude
4480,10.0746.0556,10.746,Phẫu thuật KHX gãy thân đốt bàn và ngón tay,Ngoại khoa,Exclude
4481,10.0747.0556,10.747,Phẫu thuật KHX gãy lồi cầu xương bàn và ngón tay,Ngoại khoa,Exclude
4482,10.0748.0559,10.748,Phẫu thuật tổn thương dây chằng của đốt bàn – ngón tay,Ngoại khoa,Exclude
4483,10.0749.0559,10.749,Phẫu thuật tổn thương gân duỗi cẳng và bàn ngón tay,Ngoại khoa,Exclude
4484,10.0750.0559,10.750,Phẫu thuật tổn thương gân gấp của cổ tay và cẳng tay,Ngoại khoa,Exclude
4485,10.0751.0559,10.751,Phẫu thuật tổn thương gân gấp bàn – cổ tay,Ngoại khoa,Exclude
4486,10.0752.0559,10.752,Phẫu thuật tổn thương gân gấp ở vùng cấm (Vùng II),Ngoại khoa,Exclude
4487,10.0753.0556,10.753,Phẫu thuật KHX gãy cánh chậu,Ngoại khoa,Exclude
4488,10.0754.0556,10.754,Phẫu thuật KHX trật khớp cùng chậu,Ngoại khoa,Exclude
4489,10.0755.0548,10.755,Phẫu thuật KHX toác khớp mu (trật khớp),Ngoại khoa,Exclude
4490,10.0756.0556,10.756,Phẫu thuật KHX gãy khung chậu – trật khớp mu,Ngoại khoa,Exclude
4491,10.0757.0556,10.757,Phẫu thuật KHX gãy ổ cối đơn thuần,Ngoại khoa,Exclude
4492,10.0758.0556,10.758,Phẫu thuật KHX gãy ổ cối phức tạp,Ngoại khoa,Exclude
4493,10.0759.0556,10.759,Phẫu thuật KHX gãy bán phần chỏm xương đùi,Ngoại khoa,Exclude
4494,10.0760.0556,10.760,Phẫu thuật KHX gãy phức tạp chỏm xương đùi – trật háng,Ngoại khoa,Exclude
4495,10.0761.0556,10.761,Phẫu thuật KHX gãy cổ xương đùi,Ngoại khoa,Exclude
4496,10.0762.0556,10.762,Phẫu thuật KHX gãy cổ mấu chuyển xương đùi,Ngoại khoa,Exclude
4497,10.0763.0556,10.763,Phẫu thuật KHX gãy liên mấu chuyển xương đùi,Ngoại khoa,Exclude
4498,10.0764.0556,10.764,Phẫu thuật KHX gãy trật cổ xương đùi,Ngoại khoa,Exclude
4499,10.0765.0556,10.765,Phẫu thuật KHX gãy thân xương đùi,Ngoại khoa,Exclude
4500,10.0766.0556,10.766,Phẫu thuật KHX gãy trên lồi cầu xương đùi,Ngoại khoa,Exclude
4501,10.0767.0556,10.767,Phẫu thuật KHX gãy lồi cầu ngoài xương đùi,Ngoại khoa,Exclude
4502,10.0768.0556,10.768,Phẫu thuật KHX gãy lồi cầu trong xương đùi,Ngoại khoa,Exclude
4503,10.0769.0556,10.769,Phẫu thuật KHX gãy trên và liên lồi cầu xương đùi,Ngoại khoa,Exclude
4504,10.0770.0556,10.770,Phẫu thuật KHX gãy thân xương đùi phức tạp,Ngoại khoa,Exclude
4505,10.0771.0556,10.771,Phẫu thuật KHX gãy Hoffa đàu dưới xương đùi,Ngoại khoa,Exclude
4506,10.0772.0548,10.772,Phẫu thuật KHX gãy bánh chè,Ngoại khoa,Exclude
4507,10.0773.0548,10.773,Phẫu thuật KHX gãy xương bánh chè phức tạp,Ngoại khoa,Exclude
4508,10.0774.0559,10.774,Phẫu thuật lấy toàn bộ xương bánh chè,Ngoại khoa,Exclude
4509,10.0775.0556,10.775,Phẫu thuật KHX gãy mâm chày trong,Ngoại khoa,Exclude
4510,10.0776.0556,10.776,Phẫu thuật KHX gãy mâm chày ngoài,Ngoại khoa,Exclude
4511,10.0777.0556,10.777,Phẫu thuật KHX gãy hai mâm chày,Ngoại khoa,Exclude
4512,10.0778.0556,10.778,Phẫu thuật KHX gãy mâm chày + thân xương chày,Ngoại khoa,Exclude
4513,10.0779.0556,10.779,Phẫu thuật KHX gãy thân xương chày,Ngoại khoa,Exclude
4514,10.0780.0556,10.780,Phẫu thuật KHX gãy thân 2 xương cẳng chân,Ngoại khoa,Exclude
4515,10.0781.0556,10.781,Phẫu thuật KHX gãy xương mác đơn thuần,Ngoại khoa,Exclude
4516,10.0782.0556,10.782,Phẫu thuật KHX gãy đầu dưới xương chày (Pilon),Ngoại khoa,Exclude
4517,10.0783.0556,10.783,Phẫu thuật KHX gãy 2 mắt cá cổ chân,Ngoại khoa,Exclude
4518,10.0784.0556,10.784,Phẫu thuật KHX gãy mắt cá trong,Ngoại khoa,Exclude
4519,10.0785.0556,10.785,Phẫu thuật KHX gãy mắt cá ngoài,Ngoại khoa,Exclude
4520,10.0786.0556,10.786,Phẫu thuật KHX gãy mắt cá kèm trật khớp cổ chân,Ngoại khoa,Exclude
4521,10.0787.0556,10.787,Phẫu thuật KHX gãy trật xương sên,Ngoại khoa,Exclude
4522,10.0788.0556,10.788,Phẫu thuật KHX gãy xương gót,Ngoại khoa,Exclude
4523,10.0789.0556,10.789,Phẫu thuật KHX gãy trật xương gót,Ngoại khoa,Exclude
4524,10.0790.0548,10.790,Phẫu thuật KHX trật khớp Lisfranc,Ngoại khoa,Exclude
4525,10.0791.0548,10.791,Phẫu thuật KHX gãy trật đốt bàn ngón chân,Ngoại khoa,Exclude
4526,10.0792.0556,10.792,Phẫu thuật KHX gãy nèn đốt bàn ngón 5 (bàn chân),Ngoại khoa,Exclude
4527,10.0793.0556,10.793,Phẫu thuật KHX gãy hở độ I hai xương cẳng chân,Ngoại khoa,Exclude
4528,10.0794.0556,10.794,Phẫu thuật KHX gãy hở độ II hai xương cẳng chân,Ngoại khoa,Exclude
4529,10.0795.0556,10.795,Phẫu thuật KHX gãy hở độ III hai xương cẳng chân,Ngoại khoa,Exclude
4530,10.0796.0548,10.796,Phẫu thuật KHX gãy hở độ II trên và liên lồi cầu xương đùi,Ngoại khoa,Exclude
4531,10.0797.0548,10.797,Phẫu thuật KHX gãy hở độ III trên và liên lồi cầu xương đùi,Ngoại khoa,Exclude
4532,10.0798.0556,10.798,Phẫu thuật KHX gãy hở I thân hai xương cẳng tay,Ngoại khoa,Exclude
4533,10.0799.0556,10.799,Phẫu thuật KHX gãy hở II thân hai xương cẳng tay,Ngoại khoa,Exclude
4534,10.0800.0556,10.800,Phẫu thuật KHX gãy hở III thân hai xương cẳng tay,Ngoại khoa,Exclude
4535,10.0801.0556,10.801,Phẫu thuật KHX gãy hở độ I thân xương cánh tay,Ngoại khoa,Exclude
4536,10.0802.0556,10.802,Phẫu thuật KHX gãy hở độ II thân xương cánh tay,Ngoại khoa,Exclude
4537,10.0803.0556,10.803,Phẫu thuật KHX gãy hở độ III thân xương cánh tay,Ngoại khoa,Exclude
4538,10.0804.0548,10.804,Phẫu thuật KHX gãy hở liên lồi cầu xương cánh tay,Ngoại khoa,Exclude
4539,10.0805.0537,10.805,Cố đinh ngoại vi trong điều trị gãy hở chi trên,Ngoại khoa,Exclude
4540,10.0806.0537,10.806,Cố đinh ngoại vi trong điều trị gãy hở chi dưới,Ngoại khoa,Exclude
4541,10.0807.0577,10.807,Phẫu thuật thương tích phần mềm các cơ quan vận động,Ngoại khoa,Exclude
4542,10.0808.0577,10.808,Phẫu thuật dập nát phần mềm các cơ quan vận động,Ngoại khoa,Exclude
4543,10.0809.0583,10.809,Phẫu thuật vết thương bàn tay,Ngoại khoa,Exclude
4544,10.0810.0559,10.810,Phẫu thuật vết thương bàn tay tổn thương gân duỗi,Ngoại khoa,Exclude
4545,10.0811.0559,10.811,Phẫu thuật vết thương phần mềm tổn thương gân gấp,Ngoại khoa,Exclude
4546,10.0812.0577,10.812,"Phẫu thuật vết thương phần mềm tổn thương thần kinh giữa, thần kinh trụ, thần kinh quay",Ngoại khoa,Exclude
4547,10.0813.0573,10.813,Phẫu thuật chuyển vạt che phủ phần mềm cuống mạch liền,Ngoại khoa,Exclude
4548,10.0814.0578,10.814,Phẫu thuật chuyển vạt che phủ phần mềm cuống mạch rời,Ngoại khoa,Exclude
4549,10.0815.0556,10.815,Phẫu thuật KHX gãy xương đốt bàn ngón tay,Ngoại khoa,Exclude
4550,10.0816.0556,10.816,Phẫu thuật KHX gãy nội khớp xương khớp ngón tay,Ngoại khoa,Exclude
4551,10.0817.0556,10.817,Phẫu thuật KHX gãy lồi cầu xương khớp ngón tay,Ngoại khoa,Exclude
4552,10.0818.0559,10.818,Phẫu thuật tạo hình tổn thương dây chằng mạn tính của ngón I,Ngoại khoa,Exclude
4553,10.0819.0556,10.819,Phẫu thuật gãy xương đốt bàn ngón tay,Ngoại khoa,Exclude
4554,10.0820.0556,10.820,Phẫu thuật KHX gãy đầu dưới xương quay,Ngoại khoa,Exclude
4555,10.0821.0556,10.821,Phẫu thuật KHX gãy nội khớp đầu dưới xương quay,Ngoại khoa,Exclude
4556,10.0822.0556,10.822,Phẫu thuật sửa trục điều trị lệch trục sau gãy đầu dưới xương quay,Ngoại khoa,Exclude
4557,10.0823.0582,10.823,Phẫu thuật và điều trị trật khớp quay trụ dưới,Ngoại khoa,Exclude
4558,10.0824.0559,10.824,Phẫu thuật tái tạo dây chằng xương thuyền,Ngoại khoa,Exclude
4559,10.0825.0559,10.825,Phẫu thuật Tái tạo tổn thương mạn tính dây chằng xương thuyền,Ngoại khoa,Exclude
4560,10.0826.0559,10.826,Phẫu thuật tái tạo dây chằng bên của ngón 1 bàn tay,Ngoại khoa,Exclude
4561,10.0827.0557,10.827,KHX qua da bằng K.Wire gãy đầu dưới xương quay,Ngoại khoa,Exclude
4562,10.0828.0556,10.828,Phẫu thuật chỉnh trục Cal lệch đầu dưới xương quay,Ngoại khoa,Exclude
4563,10.0829.0582,10.829,Phẫu thuật phương pháp Suave.Kapandji và điều trị viêm khớp quay trụ dưới,Ngoại khoa,Exclude
4564,10.0830.0556,10.830,Phẫu thuật gãy xương thuyền bằng Vis Herbert,Ngoại khoa,Exclude
4565,10.0831.0556,10.831,Phẫu thuật điều trị khớp giả xương thuyền bằng mảnh ghép xương cuống mạch liền,Ngoại khoa,Exclude
4566,10.0832.0344,10.832,Phẫu thuật điều trị hội chứng ống cổ tay,Da liễu,Exclude
4567,10.0833.0344,10.833,Phẫu thuật điều trị hội chứng chền ép thần kinh trụ,Da liễu,Exclude
4568,10.0834.0344,10.834,Phẫu thuật điều trị hội chứng chền ép thần kinh quay,Da liễu,Exclude
4569,10.0835.0535,10.835,Phẫu thuật chuyển gân điều trị liệt thần kinh giữa,Ngoại khoa,Exclude
4570,10.0836.0535,10.836,Phẫu thuật chuyển gân điều trị liệt thần kinh trụ,Ngoại khoa,Exclude
4571,10.0837.0535,10.837,Phẫu thuật chuyển gân điều trị liệt thần kinh quay,Ngoại khoa,Exclude
4572,10.0838.0535,10.838,Phẫu thuật điều trị liệt thần kinh giữa và thần kinh trụ,Ngoại khoa,Exclude
4573,10.0839.0559,10.839,"Khâu tổn thương gân gấp vùng I, III, IV, V",Ngoại khoa,Exclude
4574,10.0840.0559,10.840,Khâu tổn thương gân gấp bàn tay ở vùng II,Ngoại khoa,Exclude
4575,10.0841.0559,10.841,Tái tạo phục hồi tổn thương gân gấp 2 thì,Ngoại khoa,Exclude
4576,10.0842.0559,10.842,Khâu phục hồi tổn thương gân duỗi,Ngoại khoa,Exclude
4577,10.0843.0550,10.843,Phẫu thuật điề trị bệnh DE QUER VAIN và ngón tay cò súng,Ngoại khoa,Exclude
4578,10.0844.0581,10.844,"Phẫu thuật thay khớp bàn, ngón tay nhân tạo",Ngoại khoa,Exclude
4579,10.0845.0549,10.845,Phẫu thuật làm cứng khớp quay Trụ dưới,Ngoại khoa,Exclude
4580,10.0846.0549,10.846,Phẫu thuật làm cứng khớp cổ tay,Ngoại khoa,Exclude
4581,10.0847.0551,10.847,Phẫu thuật điều trị viêm bao hoạt dịch của gân gấp bàn ngón tay,Ngoại khoa,Exclude
4582,10.0848.0581,10.848,Tạo hình thay thế khớp cổ tay,Ngoại khoa,Exclude
4583,10.0849.0549,10.849,"Phẫu thuật làm cứng khớp bàn, ngón tay",Ngoại khoa,Exclude
4584,10.0850.0575,10.850,Phẫu thuật tạo hình điều trị tật dính ngón tay,Ngoại khoa,Exclude
4585,10.0851.0571,10.851,Phẫu thuật tạo hình điều trị tật thừa ngón tay,Ngoại khoa,Exclude
4586,10.0852.0556,10.852,Phẫu thuật điều trị tật thiếu xương quay bẩm sinh,Ngoại khoa,Exclude
4587,10.0853.0552,10.853,Phẫu thuật chuyển ngón tay,Ngoại khoa,Exclude
4588,10.0854.0535,10.854,Phẫu thuật làm đối chiếu ngón 1 (thiểu dưỡng ô mô cái),Ngoại khoa,Exclude
4589,10.0855.0543,10.855,Chỉnh hình trong bệnh Arthrogryposis (Viêm dính nhiều khớp bẩm sinh),Ngoại khoa,Exclude
4590,10.0856.0551,10.856,Chỉnh hình tật dính quay trụ trên bẩm sinh,Ngoại khoa,Exclude
4591,10.0857.0550,10.857,Chỉnh hình bệnh co rút nhị đầu và cơ cánh tay trước,Ngoại khoa,Exclude
4592,10.0858.0535,10.858,Phẫu thuật và điều trị bệnh Dupuytren,Ngoại khoa,Exclude
4593,10.0859.0571,10.859,Phẫu thuật bệnh lý nhiễm trùng bàn tay,Ngoại khoa,Exclude
4594,10.0861.0577,10.861,Thương tích bàn tay phức tạp,Ngoại khoa,Exclude
4595,10.0862.0571,10.862,Phẫu thuật làm mỏm cụt ngón và đốt bàn ngón,Ngoại khoa,Exclude
4596,10.0863.0534,10.863,"Phẫu thuật cắt cụt cẳng tay, cánh tay",Ngoại khoa,Exclude
4597,10.0864.0583,10.864,Phẫu thuật tháo khớp cổ tay,Ngoại khoa,Exclude
4598,10.0865.0556,10.865,Phẫu thuật kết hợp xương gãy cổ chân,Ngoại khoa,Exclude
4599,10.0866.0556,10.866,Phẫu thuật kết hợp xương gãy Pilon,Ngoại khoa,Exclude
4600,10.0867.0556,10.867,Phẫu thuật kết hợp xương gãy xương sên và trật khớp,Ngoại khoa,Exclude
4601,10.0868.0556,10.868,Phẫu thuật kết hợp xương gãy xương gót,Ngoại khoa,Exclude
4602,10.0869.0548,10.869,Phẫu thuật kết hợp xương chấn thương Lisfranc và bàn chân giữa,Ngoại khoa,Exclude
4603,10.0870.0556,10.870,Phẫu thuật kết hợp xương gãy xương đốt bàn và đốt ngón chân,Ngoại khoa,Exclude
4604,10.0871.0548,10.871,Phẫu thuật kết hợp xương trật khớp cổ chân,Ngoại khoa,Exclude
4605,10.0872.0548,10.872,Phẫu thuật kết hợp xương trật khớp dưới sên,Ngoại khoa,Exclude
4606,10.0873.0548,10.873,Phẫu thuật kết hợp xương gãy trật khớp cổ chân ở trẻ em,Ngoại khoa,Exclude
4607,10.0874.0571,10.874,Cụt chấn thương cổ và bàn chân,Ngoại khoa,Exclude
4608,10.0875.0559,10.875,Phẫu thuật tổn thương gân chày trước,Ngoại khoa,Exclude
4609,10.0876.0559,10.876,Phẫu thuật tổn thương gân duỗi dài ngón I,Ngoại khoa,Exclude
4610,10.0877.0559,10.877,Phẫu thuật tổn thương gân Achille,Ngoại khoa,Exclude
4611,10.0878.0559,10.878,Phẫu thuật tổn thương gân cơ mác bên,Ngoại khoa,Exclude
4612,10.0879.0559,10.879,Phẫu thuật tổn thương gân gấp dài ngón I,Ngoại khoa,Exclude
4613,10.0880.0559,10.880,Phẫu thuật tổn thương gân cơ chày sau,Ngoại khoa,Exclude
4614,10.0881.0559,10.881,Phẫu thuật điều trị tổn thương gân cơ chóp xoay,Ngoại khoa,Exclude
4615,10.0882.0559,10.882,Phẫu thuật đứt gân cơ nhị đầu,Ngoại khoa,Exclude
4616,10.0883.0559,10.883,Phẫu thuật điều trị gân bánh chè,Ngoại khoa,Exclude
4617,10.0884.0559,10.884,Phẫu thuật điều trị đứt gân cơ nhị đầu đùi,Ngoại khoa,Exclude
4618,10.0885.0559,10.885,Phẫu thuật điều trị đứt gân Achille,Ngoại khoa,Exclude
4619,10.0886.0559,10.886,Phẫu thuật điều trị đứt gân Achille tới muộn,Ngoại khoa,Exclude
4620,10.0887.0572,10.887,Phẫu thuật điều trị tổn thương đám rối thần kinh cánh tay,Ngoại khoa,Exclude
4621,10.0888.0559,10.888,Chuyển gân điều trị liệt đám rối thần kinh cánh tay,Ngoại khoa,Exclude
4622,10.0889.0559,10.889,Chuyển gân điều trị liệt thần kinh mác chung,Ngoại khoa,Exclude
4623,10.0890.0538,10.890,Phẫu thuật chỉnh hình cổ bàn chân sau bại liệt,Ngoại khoa,Exclude
4624,10.0891.0538,10.891,Phẫu thuật chỉnh hình cổ bàn chân sau bại não,Ngoại khoa,Exclude
4625,10.0892.0537,10.892,Phẫu thuật chỉnh hình bàn chân khoèo theo phương pháp PONESETI,Ngoại khoa,Exclude
4626,10.0893.0573,10.893,Chuyễn vạt da cân - cơ cuống mạch liền,Ngoại khoa,Exclude
4627,10.0894.0578,10.894,Ghép xương có cuống mạch nuôi,Ngoại khoa,Exclude
4628,10.0895.0573,10.895,Chuyển vạt cân cơ cánh tay trước,Ngoại khoa,Exclude
4629,10.0896.0556,10.896,"Chỉnh sửa lệch trục chi (chân chữ X, O)",Ngoại khoa,Exclude
4630,10.0897.0543,10.897,Trật khớp háng bẩm sinh,Ngoại khoa,Exclude
4631,10.0898.0537,10.898,Phẫu thuật trật báng chè bẩm sinh,Ngoại khoa,Exclude
4632,10.0899.0537,10.899,Phẫu thuật trật bánh chè mắc phải,Ngoại khoa,Exclude
4633,10.0900.0550,10.900,Phẫu thuật xơ cứng gân cơ tứ đầu đùi,Ngoại khoa,Exclude
4634,10.0901.0550,10.901,Phẫu thuật xơ cứng gân cơ tam đầu cánh tay,Ngoại khoa,Exclude
4635,10.0902.0550,10.902,Phẫu thuật xơ cứng cơ ức đòn chũm,Ngoại khoa,Exclude
4636,10.0903.0550,10.903,Phẫu thuật xơ cứng trật khớp gối,Ngoại khoa,Exclude
4637,10.0904.0548,10.904,Phẫu thuật kết hợp xương gãy bong sụn tiếp đầu dưới xương cánh tay,Ngoại khoa,Exclude
4638,10.0905.0556,10.905,Gãy thân xương cánh tay phẫu thuật phương pháp METAIZEUM,Ngoại khoa,Exclude
4639,10.0906.0548,10.906,Phẫu thuật kết hợp xương bằng K.Wire điều trị gãy trên lồi cầu xương cánh tay,Ngoại khoa,Exclude
4640,10.0907.0551,10.907,Phẫu thuật cứng gối theo phương pháp JUDET,Ngoại khoa,Exclude
4641,10.0908.0556,10.908,Phẫu thuật kết hợp xương gãy trên lồi cầu xương cánh tay có tổn thương mạch và thần kinh,Ngoại khoa,Exclude
4642,10.0909.0548,10.909,Phẫu thuật kết hợp xương gãy lồi cầu ngoài xương cánh tay,Ngoại khoa,Exclude
4643,10.0910.0548,10.910,Phẫu thuật kết hợp xương gãy ròng rọc xương cánh tay,Ngoại khoa,Exclude
4644,10.0911.0548,10.911,Phẫu thuật điều trị trật khớp khuỷu,Ngoại khoa,Exclude
4645,10.0912.0556,10.912,Phẫu thuật kết hợp xương gãy phức tạp vùng khuỷu,Ngoại khoa,Exclude
4646,10.0913.0556,10.913,Phẫu thuật kết hợp xương gãy Monteggia,Ngoại khoa,Exclude
4647,10.0914.0556,10.914,Phẫu thuật kết hợp xương gãy đài quay (Gãy cổ xương quay),Ngoại khoa,Exclude
4648,10.0915.0556,10.915,Phẫu thuật kết hợp xương gãy 2 xương cẳng tay,Ngoại khoa,Exclude
4649,10.0916.0543,10.916,Phẫu thuật trật khớp háng sau chấn thương,Ngoại khoa,Exclude
4650,10.0917.0556,10.917,Phẫu thuật kết hợp xương gãy thân xương đùi,Ngoại khoa,Exclude
4651,10.0918.0556,10.918,Phẫu thuật kết hợp xương gãy đầu dưới xương đùi,Ngoại khoa,Exclude
4652,10.0919.0556,10.919,Phẫu thuật kết hợp xương gãy bong sụn tiếp vùng khớp gối,Ngoại khoa,Exclude
4653,10.0920.0556,10.920,Phẫu thuật kết hợp xương gãy thân xương cẳng chân,Ngoại khoa,Exclude
4654,10.0921.0556,10.921,Phẫu thuật kết hợp xương gãy bong sụn tiếp đầu dưới xương chày,Ngoại khoa,Exclude
4655,10.0922.0556,10.922,"Phẫu thuật sữa chữa di chứng gãy, bong sụn tiếp vùng cổ chân",Ngoại khoa,Exclude
4656,10.0923.0556,10.923,Phẫu thuật kết hợp xương gãy bong sụn vùng cổ xương đùi,Ngoại khoa,Exclude
4657,10.0924.0556,10.924,Phẫu thuật kết hợp xương gãy sụn tăng trưởng ở đầu xương,Ngoại khoa,Exclude
4658,10.0925.0556,10.925,Phẫu thuật kết hợp xương gãy xương bệnh lý,Ngoại khoa,Exclude
4659,10.0926.0556,10.926,Phẫu thuật chỉnh sửa sau gãy xương Cal lệch xương,Ngoại khoa,Exclude
4660,10.0927.0544,10.927,Phẫu thuật thay khớp gối bán phần,Ngoại khoa,Exclude
4661,10.0928.0550,10.928,Phẫu thuật tạo hình điều trị cứng gối sau chấn thương,Ngoại khoa,Exclude
4662,10.0929.0547,10.929,Phẫu thuật thay toàn bộ khớp háng,Ngoại khoa,Exclude
4663,10.0930.0545,10.930,Phẫu thuật thay khớp háng bán phần,Ngoại khoa,Exclude
4664,10.0930.0543,10.930,Phẫu thuật thay khớp háng bán phần,Ngoại khoa,Exclude
4665,10.0931.0554,10.931,Phẫu thuật thay đoạn xương ghép bảo quản bằng kỹ thuật cao,Ngoại khoa,Exclude
4666,10.0932.0557,10.932,Phẫu thuật kết hợp xương trên màn hình tăng sáng,Ngoại khoa,Exclude
4667,10.0933.0552,10.933,Phẫu thuật ghép chi,Ngoại khoa,Exclude
4668,10.0934.0563,10.934,Rút đinh/tháo phương tiện kết hợp xương,Ngoại khoa,Exclude
4669,10.0935.0555,10.935,Phẫu thuật kéo dài chi,Ngoại khoa,Exclude
4670,10.0936.0573,10.936,Phẫu thuật tạo hình bằng các vạt da có cuống mạch liền,Ngoại khoa,Exclude
4671,10.0937.0537,10.937,Phẫu thuật chỉnh bàn chân khèo,Ngoại khoa,Exclude
4672,10.0938.0540,10.938,Phẫu thuật làm vận động khớp gối,Ngoại khoa,Exclude
4673,10.0939.0539,10.939,Phẫu thuật đóng cứng khớp cổ chân,Ngoại khoa,Exclude
4674,10.0940.0579,10.940,Phẫu thuật vi phẫu nối mạch chi,Ngoại khoa,Exclude
4675,10.0941.0556,10.941,"Phẫu thuật sửa trục chi (kết hợp xương bằng nẹp vis, Champon, Kim K.Wire)",Ngoại khoa,Exclude
4676,10.0942.0534,10.942,Phẫu thuật cắt cụt chi,Ngoại khoa,Exclude
4677,10.0943.0534,10.943,Phẫu thuật tháo khớp chi,Ngoại khoa,Exclude
4678,10.0944.0550,10.944,Phẫu thuật xơ cứng đơn giản,Ngoại khoa,Exclude
4679,10.0945.0550,10.945,Phẫu thuật xơ cứng phức tạp,Ngoại khoa,Exclude
4680,10.0946.0538,10.946,"Phẫu thuật chuyển gân chi (Chuyển gân chày sau, chày trước, cơ mác bên dài)",Ngoại khoa,Exclude
4681,10.0947.0571,10.947,"Phẫu thuật lấy xương chết, nạo viêm",Ngoại khoa,Exclude
4682,10.0948.0548,10.948,Phẫu thuật đặt lại khớp găm kim cổ xương cánh tay,Ngoại khoa,Exclude
4683,10.0949.0548,10.949,"Phẫu thuật đặt lại khớp, găm kim cố định (buộc vòng chỉ thép)",Ngoại khoa,Exclude
4684,10.0950.0549,10.950,Phẫu thuật làm cứng khớp gối,Ngoại khoa,Exclude
4685,10.0951.0551,10.951,Phẫu thuật gỡ dính khớp gối,Ngoại khoa,Exclude
4686,10.0952.0571,10.952,Phẫu thuật sửa mỏm cụt chi,Ngoại khoa,Exclude
4687,10.0953.0571,10.953,Phẫu thuật sửa mỏm cụt ngón tay/ngón chân (1 ngón),Ngoại khoa,Exclude
4688,10.0954.0576,10.954,Phẫu thuật vết thương phần mềm đơn giản/rách da đầu,Ngoại khoa,Exclude
4689,10.0955.0577,10.955,Phẫu thuật vết thương phần mềm phức tạp,Ngoại khoa,Exclude
4690,10.0956.0551,10.956,Phẫu thuật làm sạch ổ khớp,Ngoại khoa,Exclude
4691,10.0958.0549,10.958,Phẫu thuật đóng cứng khớp khác,Ngoại khoa,Exclude
4692,10.0959.0573,10.959,"Phẫu thuật chuyển da, cơ che phủ",Ngoại khoa,Exclude
4693,10.0961.0575,10.961,Phẫu thuật vá da diện tích từ 5-10cm²,Ngoại khoa,Exclude
4694,10.0962.0574,10.962,Phẫu thuật vá da diện tích >10cm²,Ngoại khoa,Exclude
4695,10.0963.0559,10.963,Phẫu thuật nối gân duỗi/ kéo dài gân(1 gân),Ngoại khoa,Exclude
4696,10.0964.0559,10.964,Phẫu thuật nối gân gấp/ kéo dài gân (1 gân),Ngoại khoa,Exclude
4697,10.0965.0344,10.965,"Phẫu thuật giải ép thần kinh (ống cổ tay, Khuỷu…)",Da liễu,Exclude
4698,10.0966.0572,10.966,Phẫu thuật nối thần kinh (1 dây),Ngoại khoa,Exclude
4699,10.0967.0558,10.967,Phẫu thuật lấy bỏ u xương,Ngoại khoa,Exclude
4700,10.0968.0553,10.968,Phẫu thuật ghép xương tự thân,Ngoại khoa,Exclude
4701,10.0969.0553,10.969,Phẫu thuật ghép xương nhân tạo,Ngoại khoa,Exclude
4702,10.0971.0558,10.971,Lấy u xương (ghép xi măng),Ngoại khoa,Exclude
4703,10.0972.0407,10.972,Phẫu thuật U máu,Ngoại khoa,Exclude
4704,10.0973.0551,10.973,Phẫu thuật gỡ dính gân gấp,Ngoại khoa,Exclude
4705,10.0974.0551,10.974,Phẫu thuật gỡ dính gân duỗi,Ngoại khoa,Exclude
4706,10.0975.0551,10.975,Phẫu thuật gỡ dính thần kinh,Ngoại khoa,Exclude
4707,10.0976.0344,10.976,Phẫu thuật chuyển giường thần kinh trụ,Da liễu,Exclude
4708,10.0979.0571,10.979,Phẫu thuật viêm xương,Ngoại khoa,Exclude
4709,10.0980.0571,10.980,Phẫu thuật nạo viêm + lấy xương chết,Ngoại khoa,Exclude
4710,10.0982.0551,10.982,Phẫu thuật viên tấy bao hoạt dịch bàn tay,Ngoại khoa,Exclude
4711,10.0983.0551,10.983,Phẫu thuật vết thương khớp,Ngoại khoa,Exclude
4712,10.0984.0563,10.984,"Phẫu thuật rút nẹp, dụng cụ kết hợp xương",Ngoại khoa,Exclude
4713,10.0985.0519,10.985,"Nắn, bó bột giai đoạn trong hội chứng Volkmann",Ngoại khoa,Exclude
4714,10.0985.0520,10.985,"Nắn, bó bột giai đoạn trong hội chứng Volkmann",Ngoại khoa,Exclude
4715,10.0986.0529,10.986,"Nắn, bó bột gãy cổ xương đùi, vỡ ổ cối và trật khớp háng",Ngoại khoa,Exclude
4716,10.0986.0530,10.986,"Nắn, bó bột gãy cổ xương đùi, vỡ ổ cối và trật khớp háng",Ngoại khoa,Exclude
4717,10.0987.0525,10.987,"Nắn, bó bột chỉnh hình chân chữ 0",Ngoại khoa,Exclude
4718,10.0987.0526,10.987,"Nắn, bó bột chỉnh hình chân chữ 0",Ngoại khoa,Exclude
4719,10.0988.0525,10.988,"Nắn, bó bột chỉnh hình chân chữ X",Ngoại khoa,Exclude
4720,10.0988.0526,10.988,"Nắn, bó bột chỉnh hình chân chữ X",Ngoại khoa,Exclude
4721,10.0989.0529,10.989,"Nắn, bó bột gãy 1/3 trên xương đùi",Ngoại khoa,Exclude
4722,10.0989.0530,10.989,"Nắn, bó bột gãy 1/3 trên xương đùi",Ngoại khoa,Exclude
4723,10.0990.0530,10.990,"Nắn, bó bột gãy 1/3 dưới xương đùi",Ngoại khoa,Exclude
4724,10.0990.0529,10.990,"Nắn, bó bột gãy 1/3 dưới xương đùi",Ngoại khoa,Exclude
4725,10.0991.0523,10.991,"Nắn, bó bột trật khớp háng bẩm sinh",Ngoại khoa,Exclude
4726,10.0991.0524,10.991,"Nắn, bó bột trật khớp háng bẩm sinh",Ngoại khoa,Exclude
4727,10.0992.0529,10.992,"Bột Corset Minerve,Cravate",Ngoại khoa,Exclude
4728,10.0992.0530,10.992,"Bột Corset Minerve,Cravate",Ngoại khoa,Exclude
4729,10.0993.0515,10.993,"Nắn, bó bột gãy xương hàm",Ngoại khoa,Exclude
4730,10.0993.0516,10.993,"Nắn, bó bột gãy xương hàm",Ngoại khoa,Exclude
4731,10.0994.0529,10.994,"Nắn, bó bột cột sống",Ngoại khoa,Exclude
4732,10.0994.0530,10.994,"Nắn, bó bột cột sống",Ngoại khoa,Exclude
4733,10.0995.0517,10.995,"Nắn, bó bột trật khớp vai",Ngoại khoa,Exclude
4734,10.0995.0518,10.995,"Nắn, bó bột trật khớp vai",Ngoại khoa,Exclude
4735,10.0996.0515,10.996,"Nắn, bó bột gãy xương đòn",Ngoại khoa,Exclude
4736,10.0996.0516,10.996,"Nắn, bó bột gãy xương đòn",Ngoại khoa,Exclude
4737,10.0997.0527,10.997,"Nắn, bó bột gãy 1/3 trên thân xương cánh tay",Ngoại khoa,Exclude
4738,10.0997.0528,10.997,"Nắn, bó bột gãy 1/3 trên thân xương cánh tay",Ngoại khoa,Exclude
4739,10.0998.0527,10.998,"Nắn, bó bột gãy 1/3 giữa thân xương cánh tay",Ngoại khoa,Exclude
4740,10.0998.0528,10.998,"Nắn, bó bột gãy 1/3 giữa thân xương cánh tay",Ngoại khoa,Exclude
4741,10.0999.0527,10.999,"Nắn, bó bột gãy 1/3 dưới thân xương cánh tay",Ngoại khoa,Exclude
4742,10.0999.0528,10.999,"Nắn, bó bột gãy 1/3 dưới thân xương cánh tay",Ngoại khoa,Exclude
4743,10.1000.0515,10.1000,"Nắn, bó bột trật khớp khuỷu",Ngoại khoa,Exclude
4744,10.1000.0516,10.1000,"Nắn, bó bột trật khớp khuỷu",Ngoại khoa,Exclude
4745,10.1001.0515,10.1001,"Nắn, bó bột bong sụn tiếp khớp khuỷu, khớp cổ tay",Ngoại khoa,Exclude
4746,10.1001.0516,10.1001,"Nắn, bó bột bong sụn tiếp khớp khuỷu, khớp cổ tay",Ngoại khoa,Exclude
4747,10.1002.0527,10.1002,"Nắn, bó bột gãy cổ xương cánh tay",Ngoại khoa,Exclude
4748,10.1002.0528,10.1002,"Nắn, bó bột gãy cổ xương cánh tay",Ngoại khoa,Exclude
4749,10.1003.0527,10.1003,"Nắn, bó bột gãy trên lồi cầu xương cánh tay trẻ em độ III và độ IV",Ngoại khoa,Exclude
4750,10.1003.0528,10.1003,"Nắn, bó bột gãy trên lồi cầu xương cánh tay trẻ em độ III và độ IV",Ngoại khoa,Exclude
4751,10.1004.0528,10.1004,"Nắn, bó bột gãy 1/3 trên hai xương cẳng tay",Ngoại khoa,Exclude
4752,10.1004.0527,10.1004,"Nắn, bó bột gãy 1/3 trên hai xương cẳng tay",Ngoại khoa,Exclude
4753,10.1005.0527,10.1005,"Nắn, bó bột gãy 1/3 giữa hai xương cẳng tay",Ngoại khoa,Exclude
4754,10.1005.0528,10.1005,"Nắn, bó bột gãy 1/3 giữa hai xương cẳng tay",Ngoại khoa,Exclude
4755,10.1006.0527,10.1006,"Nắn, bó bột gãy 1/3 dưới hai xương cẳng tay",Ngoại khoa,Exclude
4756,10.1006.0528,10.1006,"Nắn, bó bột gãy 1/3 dưới hai xương cẳng tay",Ngoại khoa,Exclude
4757,10.1007.0521,10.1007,"Nắn, bó bột gãy một xương cẳng tay",Ngoại khoa,Exclude
4758,10.1007.0522,10.1007,"Nắn, bó bột gãy một xương cẳng tay",Ngoại khoa,Exclude
4759,10.1008.0521,10.1008,"Nắn, bó bột gãy Pouteau - Colles",Ngoại khoa,Exclude
4760,10.1008.0522,10.1008,"Nắn, bó bột gãy Pouteau - Colles",Ngoại khoa,Exclude
4761,10.1009.0519,10.1009,"Nắn, bó bột gãy xương bàn, ngón tay",Ngoại khoa,Exclude
4762,10.1009.0520,10.1009,"Nắn, bó bột gãy xương bàn, ngón tay",Ngoại khoa,Exclude
4763,10.1010.0523,10.1010,"Nắn, bó bột trật khớp háng",Ngoại khoa,Exclude
4764,10.1010.0524,10.1010,"Nắn, bó bột trật khớp háng",Ngoại khoa,Exclude
4765,10.1011.0513,10.1011,"Nắn, bó bột trong bong sụn tiếp khớp gối, khớp háng",Ngoại khoa,Exclude
4766,10.1011.0514,10.1011,"Nắn, bó bột trong bong sụn tiếp khớp gối, khớp háng",Ngoại khoa,Exclude
4767,10.1012.0525,10.1012,"Nắn, bó bột gãy mâm chày",Ngoại khoa,Exclude
4768,10.1012.0526,10.1012,"Nắn, bó bột gãy mâm chày",Ngoại khoa,Exclude
4769,10.1013.0529,10.1013,"Nắn, bó bột gãy xương chậu",Ngoại khoa,Exclude
4770,10.1013.0530,10.1013,"Nắn, bó bột gãy xương chậu",Ngoại khoa,Exclude
4771,10.1014.0529,10.1014,"Nắn, bó bột gãy Cổ xương đùi",Ngoại khoa,Exclude
4772,10.1014.0530,10.1014,"Nắn, bó bột gãy Cổ xương đùi",Ngoại khoa,Exclude
4773,10.1015.0511,10.1015,"Nắn, cố định trật khớp háng không chỉ định phẫu thuật",Ngoại khoa,Exclude
4774,10.1015.0512,10.1015,"Nắn, cố định trật khớp háng không chỉ định phẫu thuật",Ngoại khoa,Exclude
4775,10.1016.0529,10.1016,"Nắn, bó bột gãy lồi cầu xương đùi",Ngoại khoa,Exclude
4776,10.1016.0530,10.1016,"Nắn, bó bột gãy lồi cầu xương đùi",Ngoại khoa,Exclude
4777,10.1017.0533,10.1017,Bó bột ống trong gãy xương bánh chè,Ngoại khoa,Exclude
4778,10.1018.0513,10.1018,"Nắn, bó bột trật khớp gối",Ngoại khoa,Exclude
4779,10.1018.0514,10.1018,"Nắn, bó bột trật khớp gối",Ngoại khoa,Exclude
4780,10.1019.0525,10.1019,"Nắn, bó bột gãy 1/3 trên hai xương cẳng chân",Ngoại khoa,Exclude
4781,10.1019.0526,10.1019,"Nắn, bó bột gãy 1/3 trên hai xương cẳng chân",Ngoại khoa,Exclude
4782,10.1020.0525,10.1020,"Nắn, bó bột gãy 1/3 giữa hai xương cẳng chân",Ngoại khoa,Exclude
4783,10.1020.0526,10.1020,"Nắn, bó bột gãy 1/3 giữa hai xương cẳng chân",Ngoại khoa,Exclude
4784,10.1021.0525,10.1021,"Nắn, bó bột gãy 1/3 dưới hai xương cẳng chân",Ngoại khoa,Exclude
4785,10.1021.0526,10.1021,"Nắn, bó bột gãy 1/3 dưới hai xương cẳng chân",Ngoại khoa,Exclude
4786,10.1022.0519,10.1022,"Nắn, bó bột gãy xương chày",Ngoại khoa,Exclude
4787,10.1022.0520,10.1022,"Nắn, bó bột gãy xương chày",Ngoại khoa,Exclude
4788,10.1023.0532,10.1023,"Nắn, bó bột gãy xương gót",Ngoại khoa,Exclude
4789,10.1024.0519,10.1024,"Nắn, bó bột gãy xương ngón chân",Ngoại khoa,Exclude
4790,10.1024.0520,10.1024,"Nắn, bó bột gãy xương ngón chân",Ngoại khoa,Exclude
4791,10.1025.0517,10.1025,"Nắn, bó bột trật khớp cùng đòn",Ngoại khoa,Exclude
4792,10.1025.0518,10.1025,"Nắn, bó bột trật khớp cùng đòn",Ngoại khoa,Exclude
4793,10.1026.0525,10.1026,"Nắn, bó bột gãy Dupuptren",Ngoại khoa,Exclude
4794,10.1026.0526,10.1026,"Nắn, bó bột gãy Dupuptren",Ngoại khoa,Exclude
4795,10.1027.0521,10.1027,"Nắn, bó bột gãy Monteggia",Ngoại khoa,Exclude
4796,10.1027.0522,10.1027,"Nắn, bó bột gãy Monteggia",Ngoại khoa,Exclude
4797,10.1028.0519,10.1028,"Nắn, bó bột gãy xương bàn chân",Ngoại khoa,Exclude
4798,10.1028.0520,10.1028,"Nắn, bó bột gãy xương bàn chân",Ngoại khoa,Exclude
4799,10.1029.0515,10.1029,"Nắn, bó bột trật khớp xương đòn",Ngoại khoa,Exclude
4800,10.1029.0516,10.1029,"Nắn, bó bột trật khớp xương đòn",Ngoại khoa,Exclude
4801,10.1030.0515,10.1030,"Nắm, cố định trật khớp hàm",Ngoại khoa,Exclude
4802,10.1030.0516,10.1030,"Nắm, cố định trật khớp hàm",Ngoại khoa,Exclude
4803,10.1031.0513,10.1031,"Nắn, bó bột trật khớp cổ chân",Ngoại khoa,Exclude
4804,10.1031.0514,10.1031,"Nắn, bó bột trật khớp cổ chân",Ngoại khoa,Exclude
4805,10.1033.0566,10.1033,Phẫu thuật cố định C1-C2 điều trị mất vững C1-C2,Ngoại khoa,Exclude
4806,10.1034.0566,10.1034,"Phẫu thuật cố định chẩm cổ, ghép xương với mất vững cột sống cổ cao do các nguyên nhân (gãy chân cung, gãy mõm nha, vỡ C1 …)",Ngoại khoa,Exclude
4807,10.1035.0566,10.1035,Phẫu thuật vít trực tiếp mỏm nha trong điều trị gãy mỏm nha,Ngoại khoa,Exclude
4808,10.1036.0566,10.1036,Buộc vòng cố định C1-C2 lối sau,Ngoại khoa,Exclude
4809,10.1037.0556,10.1037,Phẫu thuật tạo hình cung sau cột sống cổ trong bệnh lý hẹp ống sống cổ đa tầng,Ngoại khoa,Exclude
4810,10.1037.0557,10.1037,Phẫu thuật tạo hình cung sau cột sống cổ trong bệnh lý hẹp ống sống cổ đa tầng,Ngoại khoa,Exclude
4811,10.1038.0566,10.1038,Kết hợp xương nẹp vít cột sống cổ lối sau,Ngoại khoa,Exclude
4812,10.1039.0553,10.1039,Phẫu thuật ghép xương trong chấn thương cột sống cổ,Ngoại khoa,Exclude
4813,10.1040.0581,10.1040,"Phẫu thuật giải ép, lấy TVĐĐ cột sống cổ đường sau vi phẫu",Ngoại khoa,Exclude
4814,10.1041.0369,10.1041,Cắt một phần bản sống trong hẹp ống sống cổ,Ngoại khoa,Exclude
4815,10.1042.0581,10.1042,"Phẫu thuật giải ép, ghép xương liên thân đốt và cố định cột sống cổ đường trước",Ngoại khoa,Exclude
4816,10.1044.0581,10.1044,Phẫu thuật thay đĩa đệm nhân tạo cột sống cổ,Ngoại khoa,Exclude
4817,10.1045.0569,10.1045,"Phẫu thuật cắt thân đốt sống, ghép xương và cố định CS cổ (ACCF)",Ngoại khoa,Exclude
4818,10.1046.0566,10.1046,"Phẫu thuật lấy đĩa đệm, ghép xương và cố định CS cổ (ACDF)",Ngoại khoa,Exclude
4819,10.1047.0369,10.1047,Phẫu thuật cắt chéo thân đốt sống cổ đường trước,Ngoại khoa,Exclude
4820,10.1048.0369,10.1048,Phẫu thuật giải ép lỗ liên hợp cột sống cổ đường trước,Ngoại khoa,Exclude
4821,10.1049.0566,10.1049,Phẫu thuật trượt bản lề cổ chẩm,Ngoại khoa,Exclude
4822,10.1051.0369,10.1051,Phẫu thuật nang Tarlov,Ngoại khoa,Exclude
4823,10.1052.0567,10.1052,Cố định cột sống ngực bằng hệ thống móc,Ngoại khoa,Exclude
4824,10.1053.0369,10.1053,Phẫu thuật mở cung sau cột sống ngực,Ngoại khoa,Exclude
4825,10.1054.0369,10.1054,Lấy đĩa đệm đường sau qua đường cắt xương sườn,Ngoại khoa,Exclude
4826,10.1055.0565,10.1055,Tạo hình lồng ngực (cắt các xương sườn ở mặt lồi trong vẹo cột sống để chỉnh hình lồng ngực),Ngoại khoa,Exclude
4827,10.1056.0565,10.1056,Phẫu thuật chỉnh vẹo cột sống qua đường sau,Ngoại khoa,Exclude
4828,10.1057.0565,10.1057,Phẫu thuật chỉnh gù cột sống qua đường sau,Ngoại khoa,Exclude
4829,10.1058.0565,10.1058,Phẫu thuật chỉnh vẹo CS đường trước và hàn khớp,Ngoại khoa,Exclude
4830,10.1059.0565,10.1059,Phẫu thuật chỉnh gù CS đường trước và hàn khớp,Ngoại khoa,Exclude
4831,10.1060.0369,10.1060,Phẫu thuật lấy đĩa đệm cột sống đường trước,Ngoại khoa,Exclude
4832,10.1061.0569,10.1061,Lấy bỏ thân đốt sống ngực và ghép xương,Ngoại khoa,Exclude
4833,10.1062.0567,10.1062,Lấy bỏ thân đốt sống ngực và đặt lồng titanium,Ngoại khoa,Exclude
4834,10.1063.0567,10.1063,Phẫu thuật cố định cột sống ngực bằng nẹp vít qua cuống lối sau,Ngoại khoa,Exclude
4835,10.1064.0567,10.1064,Phẫu thuật cố định cột sống ngực bằng cố định lối bên,Ngoại khoa,Exclude
4836,10.1065.0567,10.1065,"Đặt nẹp cố định cột sống phía trước và ghép xương (nẹp Kaneda, chữ Z)",Ngoại khoa,Exclude
4837,10.1066.0582,10.1066,Cố định cột sống bằng buộc luồn chỉ thép dưới cung sau đốt sống (phương pháp Luqué),Ngoại khoa,Exclude
4838,10.1067.0567,10.1067,Cố định cột sống và cánh chậu,Ngoại khoa,Exclude
4839,10.1068.0567,10.1068,Phẫu thuật cố định cột sống bằng vít qua cuống,Ngoại khoa,Exclude
4840,10.1069.0567,10.1069,Phẫu thuật cố định cột sống sử dụng vít loãng xương,Ngoại khoa,Exclude
4841,10.1070.0567,10.1070,Phẫu thuật cố định cột sống sử dụng hệ thống định vị (Navigation),Ngoại khoa,Exclude
4842,10.1071.0581,10.1071,Phẫu thuật cố định bắt vít qua cuống sống sử dụng hệ thống rô-bốt,Ngoại khoa,Exclude
4843,10.1072.0567,10.1072,Phẫu thuật cố định cột sống thắt lưng sử dụng hệ thống nẹp bán động,Ngoại khoa,Exclude
4844,10.1073.0567,10.1073,"Lấy đĩa đệm đốt sống, cố định CS và ghép xương liên thân đốt đường trước (xương tự thân có hoặc không có lồng titanium) (ALIF)",Ngoại khoa,Exclude
4845,10.1074.0567,10.1074,Cố định CS và hàn khớp qua liên thân đốt cột sống thắt lưng – cùng đường sau (PLIF),Ngoại khoa,Exclude
4846,10.1075.0567,10.1075,Cố định cột sống và hàn khớp liên thân đốt cột sống thắt lưng – cùng đường sau qua lỗ liên hợp (TLIF),Ngoại khoa,Exclude
4847,10.1076.0553,10.1076,Ghép xương trong phẫu thuật chấn thương cột sống thắt lưng,Ngoại khoa,Exclude
4848,10.1077.0369,10.1077,Giải phóng chèn ép chấn thương cột sống thắt lưng,Ngoại khoa,Exclude
4849,10.1078.0369,10.1078,Phẫu thuật lấy thoát vị đĩa đệm cột sống thắt lung,Ngoại khoa,Exclude
4850,10.1079.0570,10.1079,Phẫu thuật lấy thoát vị đĩa đệm cột sống thắt lưng vi phẫu,Ngoại khoa,Exclude
4851,10.1080.0570,10.1080,Phẫu thuật lấy thoát vị đĩa đệm cột sống thắt lưng đa tầng,Ngoại khoa,Exclude
4852,10.1081.0564,10.1081,"Phẫu thuật lấy thoát vị đĩa đệm cột sống thắt lưng sử dụng nẹp cố định liên gai sau (DIAM, Silicon, Coflex, Gelfix ...)",Ngoại khoa,Exclude
4853,10.1082.0567,10.1082,Phẫu thuật thay đĩa đệm nhân tạo cột sống thắt lưng - cùng,Ngoại khoa,Exclude
4854,10.1083.0568,10.1083,Tạo hình thân đốt sống bằng bơm cement sinh học qua cuống,Ngoại khoa,Exclude
4855,10.1084.0568,10.1084,Tạo hình thân đốt sống bằng bơm cement sinh học có bóng,Ngoại khoa,Exclude
4856,10.1085.0568,10.1085,Tạo hình thân đốt sống bằng bơm cement sinh học có lồng titan,Ngoại khoa,Exclude
4857,10.1086.0568,10.1086,Bơm ciment qua đường ngoài cuống vào thân đốt sống,Ngoại khoa,Exclude
4858,10.1087.0581,10.1087,Phẫu thuật lấy nhân thoát vị đĩa đệm ít xâm lấn sử dụng hệ thống ống nong,Ngoại khoa,Exclude
4859,10.1088.0088,10.1088,Điều trị thoát vị đĩa đệm qua da dưới hướng dẫn của cắt lớp hoặc cộng hưởng từ,Các thủ thuật và dịch vụ Nội soi,Exclude
4860,10.1089.0062,10.1089,Phẫu thuật tạo hình nhân nhầy đĩa đệm cột sống cổ bằng sóng cao tần,"Chụp cắt lớp vi tính, chụp mạch, cộng hưởng từ",Exclude
4861,10.1090.0062,10.1090,Phẫu thuật tạo hình nhân nhầy đĩa đệm cột sống thắt lưng bằng sóng cao tần,"Chụp cắt lớp vi tính, chụp mạch, cộng hưởng từ",Exclude
4862,10.1091.0570,10.1091,Phẫu thuật lấy đĩa đệm cột sống thắt lưng qua da,Ngoại khoa,Exclude
4863,10.1092.0567,10.1092,Phẫu thuật bắt vít qua cuống cột sống thắt lưng qua da,Ngoại khoa,Exclude
4864,10.1093.0566,10.1093,Phẫu thuật bắt vít qua cuống cột sống thắt lưng qua da + ghép xương liên thân đốt qua lỗ liên hợp sử dụng hệ thống ống nong,Ngoại khoa,Exclude
4865,10.1094.0374,10.1094,Phẫu thuật vết thương tủy sống,Ngoại khoa,Exclude
4866,10.1095.0567,10.1095,Phẫu thuật vết thương tủy sống kết hợp cố định cột sống,Ngoại khoa,Exclude
4867,10.1096.0370,10.1096,Phẫu thuật máu tụ ngoài màng cứng tuỷ sống,Ngoại khoa,Exclude
4868,10.1097.0370,10.1097,Phẫu thuật máu tụ dưới màng cứng tủy sống,Ngoại khoa,Exclude
4869,10.1099.0376,10.1099,Phẫu thuật vá màng cứng hoặc tạo hình màng cứng,Ngoại khoa,Exclude
4870,10.1100.0369,10.1100,Phẫu thuật giải ép cắt bỏ dây chằng vàng,Ngoại khoa,Exclude
4871,10.1101.0369,10.1101,Mở cung sau và cắt bỏ mỏm khớp dưới,Ngoại khoa,Exclude
4872,10.1102.0369,10.1102,Mở rộng lỗ liên hợp để giải phóng chèn ép rễ,Ngoại khoa,Exclude
4873,10.1103.0582,10.1103,Phẫu thuật thần kinh chức năng cắt rễ thần kinh chọn lọc,Ngoại khoa,Exclude
4874,10.1104.0581,10.1104,Cắt cột tủy sống điều trị chứng đau thần kinh,Ngoại khoa,Exclude
4875,10.1105.0581,10.1105,"Phẫu thuật thần kinh chức năng điều trị đau do co cứng, đau do ung thư",Ngoại khoa,Exclude
4876,10.1106.0582,10.1106,Phẫu thuật tạo hình xương ức,Ngoại khoa,Exclude
4877,10.1107.0369,10.1107,Phẫu thuật giải phóng thần kinh ngoại biên,Ngoại khoa,Exclude
4878,10.1109.0369,10.1109,Phẫu thuật cắt hoặc tạo hình cung sau trong điều trị hẹp ống sống,Ngoại khoa,Exclude
4879,10.1110.0369,10.1110,Phẫu thuật nang màng nhện tủy,Ngoại khoa,Exclude
4880,10.1112.0581,10.1112,Phẫu thuật ứng dụng tế bào gốc điều trị các bệnh lý thần kinh tủy sống,Ngoại khoa,Exclude
4881,10.1113.0398,10.1113,Phẫu thuật đặt Catheter ổ bụng để lọc màng bụng chu kỳ,Ngoại khoa,Exclude
4882,10.1114.0438,10.1114,Đặt prothese cố định sàn chậu vào mỏm nhô xương cụt,Ngoại khoa,Exclude
4883,10.1115.0444,10.1115,Phẫu thuật đặt Stent thực quản,Ngoại khoa,Exclude
4884,10.1116.0509,10.1116,"Nắn có gây mê, bó bột bàn chân ngựa vẹo vào, bàn chân bẹt/ tật gối cong lõm trong hay lõm ngoài (bột liền)",Ngoại khoa,Exclude
4885,10.1117.0510,10.1117,"Nắn có gây mê, bó bột bàn chân ngựa vẹo vào, bàn chân bẹt/ tật gối cong lõm trong hay lõm ngoài (bột tự cán)",Ngoại khoa,Exclude
4886,10.1118.0546,10.1118,Phẫu thuật thay toàn bộ khớp gối,Ngoại khoa,Exclude
4887,10.9002.0504,10.9002,Cắt phymosis [thủ thuật],Ngoại khoa,Exclude
4888,10.9003.0205,10.9003,Thay băng,Các thủ thuật và dịch vụ Nội soi,Exclude
4889,10.9003.0204,10.9003,Thay băng,Các thủ thuật và dịch vụ Nội soi,Exclude
4890,10.9003.0203,10.9003,Thay băng,Các thủ thuật và dịch vụ Nội soi,Exclude
4891,10.9003.0202,10.9003,Thay băng,Các thủ thuật và dịch vụ Nội soi,Exclude
4892,10.9003.0201,10.9003,Thay băng,Các thủ thuật và dịch vụ Nội soi,Exclude
4893,10.9003.0200,10.9003,Thay băng,Các thủ thuật và dịch vụ Nội soi,Exclude
4894,10.9005.0217,10.9005,Khâu vết thương phần mềm dài trên 10cm,Các thủ thuật và dịch vụ Nội soi,Exclude
4895,10.9005.0219,10.9005,Khâu vết thương phần mềm dài trên 10cm,Các thủ thuật và dịch vụ Nội soi,Exclude
4896,10.9005.0218,10.9005,Khâu vết thương phần mềm dài trên 10cm,Các thủ thuật và dịch vụ Nội soi,Exclude
4897,10.9005.0216,10.9005,Khâu vết thương phần mềm dài trên 10cm,Các thủ thuật và dịch vụ Nội soi,Exclude
4898,10.9004.0075,10.9004,Cắt chỉ,Các thủ thuật và dịch vụ Nội soi,Exclude
4899,11.0001.1152,11.1,Thay băng điều trị vết bỏng trên 60% diện tích cơ thể ở người lớn,Bỏng,Exclude
4900,11.0002.1151,11.2,Thay băng điều trị vết bỏng từ 40% - 60% diện tích cơ thể ở người lớn,Bỏng,Exclude
4901,11.0003.1150,11.3,Thay băng điều trị vết bỏng từ 20% - 39% diện tích cơ thể ở người lớn,Bỏng,Exclude
4902,11.0004.1149,11.4,Thay băng điều trị vết bỏng từ 10% - 19% diện tích cơ thể ở người lớn,Bỏng,Exclude
4903,11.0005.1148,11.5,Thay băng điều trị vết bỏng dưới 10% diện tích cơ thể ở người lớn,Bỏng,Exclude
4904,11.0005.2043,11.5,Thay băng điều trị vết bỏng dưới 10% diện tích cơ thể ở người lớn,Bỏng,Exclude
4905,11.0006.1152,11.6,Thay băng điều trị vết bỏng trên 60% diện tích cơ thể ở trẻ em,Bỏng,Exclude
4906,11.0007.1151,11.7,Thay băng điều trị vết bỏng từ 40 % - 60% diện tích cơ thể ở trẻ em,Bỏng,Exclude
4907,11.0008.1150,11.8,Thay băng điều trị vết bỏng từ 20% - 39% diện tích cơ thể ở trẻ em,Bỏng,Exclude
4908,11.0009.1149,11.9,Thay băng điều trị vết bỏng từ 10% - 19% diện tích cơ thể ở trẻ em,Bỏng,Exclude
4909,11.0010.1148,11.10,Thay băng điều trị vết bỏng dưới 10% diện tích cơ thể ở trẻ em,Bỏng,Exclude
4910,11.0010.2043,11.10,Thay băng điều trị vết bỏng dưới 10% diện tích cơ thể ở trẻ em,Bỏng,Exclude
4911,11.0015.1158,11.15,Rạch hoại tử bỏng giải thoát chèn ép,Bỏng,Exclude
4912,11.0016.1160,11.16,"Khâu cầm máu, thắt mạch máu để cấp cứu chảy máu trong bỏng sâu",Bỏng,Exclude
4913,11.0017.1103,11.17,Cắt bỏ hoại tử tiếp tuyến bỏng sâu trên 10% diện tích cơ thể ở người lớn,Bỏng,Exclude
4914,11.0018.1105,11.18,Cắt bỏ hoại tử tiếp tuyến bỏng sâu từ 5% - 10% diện tích cơ thể ở người lớn,Bỏng,Exclude
4915,11.0019.1102,11.19,Cắt bỏ hoại tử tiếp tuyến bỏng sâu dưới 5% diện tích cơ thể ở người lớn,Bỏng,Exclude
4916,11.0020.1105,11.20,Cắt bỏ hoại tử tiếp tuyến bỏng sâu trên 5% diện tích cơ thể ở trẻ em,Bỏng,Exclude
4917,11.0021.1104,11.21,Cắt bỏ hoại tử tiếp tuyến bỏng sâu từ 3% - 5% diện tích cơ thể ở trẻ em,Bỏng,Exclude
4918,11.0022.1102,11.22,Cắt bỏ hoại tử tiếp tuyến bỏng sâu dưới 3% diện tích cơ thể ở trẻ em,Bỏng,Exclude
4919,11.0023.1107,11.23,Cắt bỏ hoại tử toàn lớp bỏng sâu trên 5% diện tích cơ thể ở người lớn,Bỏng,Exclude
4920,11.0024.1109,11.24,Cắt bỏ hoại tử toàn lớp bỏng sâu từ 3% - 5% diện tích cơ thể ở người lớn,Bỏng,Exclude
4921,11.0025.1106,11.25,Cắt bỏ hoại tử toàn lớp bỏng sâu dưới 3% diện tích cơ thể ở người lớn,Bỏng,Exclude
4922,11.0026.1109,11.26,Cắt bỏ hoại tử toàn lớp bỏng sâu trên 3% diện tích cơ thể ở trẻ em,Bỏng,Exclude
4923,11.0027.1108,11.27,Cắt bỏ hoại tử toàn lớp bỏng sâu từ 1% - 3% diện tích cơ thể ở trẻ em,Bỏng,Exclude
4924,11.0028.1106,11.28,Cắt bỏ hoại tử toàn lớp bỏng sâu dưới 1% diện tích cơ thể ở trẻ em,Bỏng,Exclude
4925,11.0029.1121,11.29,Ghép da tự thân mảnh lớn trên 10% diện tích cơ thể ở người lớn,Bỏng,Exclude
4926,11.0030.1123,11.30,Ghép da tự thân mảnh lớn từ 5% - 10% diện tích cơ thể ở người lớn,Bỏng,Exclude
4927,11.0031.1120,11.31,Ghép da tự thân mảnh lớn dưới 5% diện tích cơ thể ở người lớn,Bỏng,Exclude
4928,11.0032.1123,11.32,Ghép da tự thân mảnh lớn trên 5% diện tích cơ thể ở trẻ em,Bỏng,Exclude
4929,11.0033.1122,11.33,Ghép da tự thân mảnh lớn từ 3% - 5% diện tích cơ thể ở trẻ em,Bỏng,Exclude
4930,11.0034.1120,11.34,Ghép da tự thân mảnh lớn dưới 3% diện tích cơ thể ở trẻ em,Bỏng,Exclude
4931,11.0035.1126,11.35,Ghép da tự thân mắt lưới (mesh graft) ≥ 10% diện tích cơ thể ở người lớn,Bỏng,Exclude
4932,11.0036.1126,11.36,Ghép da tự thân mắt lưới (mesh graft) dưới 10% diện tích cơ thể ở người lớn,Bỏng,Exclude
4933,11.0037.1126,11.37,Ghép da tự thân mắt lưới (mesh graft) ≥ 5% diện tích cơ thể ở trẻ em,Bỏng,Exclude
4934,11.0038.1126,11.38,Ghép da tự thân mắt lưới (mesh graft) dưới 5% diện tích cơ thể ở trẻ em,Bỏng,Exclude
4935,11.0039.1128,11.39,Ghép da tự thân tem thư (post stam graft) ≥ 10% diện tích cơ thể ở người lớn,Bỏng,Exclude
4936,11.0040.1129,11.40,Ghép da tự thân tem thư (post stam graft) dưới 10% diện tích cơ thể ở người lớn,Bỏng,Exclude
4937,11.0041.1129,11.41,Ghép da tự thân tem thư (post stam graft) ≥ 5% diện tích cơ thể ở trẻ em,Bỏng,Exclude
4938,11.0042.1130,11.42,Ghép da tự thân tem thư (post stam graft) dưới 5% diện tích cơ thể ở trẻ em,Bỏng,Exclude
4939,11.0043.1124,11.43,Ghép da tự thân mảnh siêu nhỏ (micro skin graft) ≥ 10% diện tích cơ thể ở người lớn,Bỏng,Exclude
4940,11.0044.1125,11.44,Ghép da tự thân mảnh siêu nhỏ (micro skin graft) dưới 10% diện tích cơ thể ở người lớn,Bỏng,Exclude
4941,11.0045.1124,11.45,Ghép da tự thân mảnh siêu nhỏ (micro skin graft) ≥ 5% diện tích cơ thể ở trẻ em,Bỏng,Exclude
4942,11.0046.1125,11.46,Ghép da tự thân mảnh siêu nhỏ (micro skin graft) dưới 5% diện tích cơ thể ở trẻ em,Bỏng,Exclude
4943,11.0047.1127,11.47,Ghép da tự thân phối hợp kiểu hai lớp (sandwich) ≥ 10% diện tích cơ thể ở người lớn,Bỏng,Exclude
4944,11.0048.1127,11.48,Ghép da tự thân phối hợp kiểu hai lớp (sandwich) dưới 10% diện tích cơ thể ở người lớn,Bỏng,Exclude
4945,11.0049.1127,11.49,Ghép da tự thân phối hợp kiểu hai lớp (sandwich) ≥ 5% diện tích cơ thể ở trẻ em,Bỏng,Exclude
4946,11.0050.1127,11.50,Ghép da tự thân phối hợp kiểu hai lớp (sandwich) dưới 5% diện tích cơ thể ở trẻ em,Bỏng,Exclude
4947,11.0051.1131,11.51,Ghép da tự thân xen kẽ (molem-jackson) ≥ 10% diện tích cơ thể ở người lớn,Bỏng,Exclude
4948,11.0052.1132,11.52,Ghép da tự thân xen kẽ (molem-jackson) dưới 10% diện tích cơ thể ở người lớn,Bỏng,Exclude
4949,11.0053.1132,11.53,Ghép da tự thân xen kẽ (molem-jackson) ≥ 5% diện tích cơ thể ở trẻ em,Bỏng,Exclude
4950,11.0054.1132,11.54,Ghép da tự thân xen kẽ (molem-jackson) dưới 5% diện tích cơ thể ở trẻ em,Bỏng,Exclude
4951,11.0055.1118,11.55,Ghép da đồng loại ≥ 10% diện tích cơ thể,Bỏng,Exclude
4952,11.0056.1119,11.56,Ghép da đồng loại dưới 10% diện tích cơ thể,Bỏng,Exclude
4953,11.0057.1159,11.57,Ghép da dị loại điều trị vết thương bỏng,Bỏng,Exclude
4954,11.0058.1133,11.58,"Ghép màng nuôi cấy tế bào các loại điều trị vết thương, vết bỏng",Bỏng,Exclude
4955,11.0060.1142,11.60,Phẫu thuật ghép da dày tự thân kiểu wolf- krause ≥ 3% diện tích cơ thể ở người lớn điều trị bỏng sâu,Bỏng,Exclude
4956,11.0061.1142,11.61,Phẫu thuật ghép da dày tự thân kiểu wolf- krause dưới 3% diện tích cơ thể ở người lớn điều trị bỏng sâu,Bỏng,Exclude
4957,11.0062.1142,11.62,Phẫu thuật ghép da dày tự thân kiẻu wolf- krause ≥ 1% diện tích cơ thể ở trẻ em điều trị bỏng sâu,Bỏng,Exclude
4958,11.0063.1142,11.63,Phẫu thuật ghép da dày tự thân kiẻu wolf- krause dưới 1% diện tích cơ thể ở trẻ em điều trị bỏng sâu,Bỏng,Exclude
4959,11.0064.1110,11.64,Cắt hoại tử toàn lớp – khâu kín ≥ 3% diện tích cơ thể ở người lớn,Bỏng,Exclude
4960,11.0065.1111,11.65,Cắt hoại tử toàn lớp – khâu kín dưới 3% diện tích cơ thể ở người lớn,Bỏng,Exclude
4961,11.0066.1110,11.66,Cắt hoại tử toàn lớp – khâu kín ≥ 1% diện tích cơ thể ở trẻ em,Bỏng,Exclude
4962,11.0067.1111,11.67,Cắt hoại tử toàn lớp – khâu kín dưới 1% diện tích cơ thể ở trẻ em,Bỏng,Exclude
4963,11.0068.1137,11.68,Phẫu thuật chuyển vạt da tại chỗ điều trị bỏng sâu,Bỏng,Exclude
4964,11.0069.1137,11.69,Phẫu thuật chuyển vạt da kiểu Ý điều trị bỏng sâu,Bỏng,Exclude
4965,11.0070.1141,11.70,Phẫu thuật chuyển vạt da phức tạp có nối mạch vi phẫu điều trị bỏng sâu,Bỏng,Exclude
4966,11.0071.1140,11.71,Lấy bỏ sụn viêm hoại tử trong bỏng vành tai,Bỏng,Exclude
4967,11.0072.0534,11.72,Cắt cụt cấp cứu chi thể bỏng không còn khả năng bảo tồn điều trị bỏng sâu,Ngoại khoa,Exclude
4968,11.0073.0534,11.73,Cắt cụt chi thể bỏng không còn khả năng bảo tồn điều trị bỏng sâu,Ngoại khoa,Exclude
4969,11.0074.0534,11.74,Tháo khớp chi thể bỏng không còn khả năng bảo tồn điều trị bỏng sâu,Ngoại khoa,Exclude
4970,11.0075.1143,11.75,"Phẫu thuật khoan đục xương, lấy bỏ xương chết trong điều trị bỏng sâu",Bỏng,Exclude
4971,11.0076.1143,11.76,"Phẫu thuật khoan, đục xương sọ trong điều trị bỏng sâu có tổn thương xương sọ",Bỏng,Exclude
4972,11.0078.1115,11.78,Chẩn đoán độ sâu bỏng bằng thiết bị Laser Doppler,Bỏng,Exclude
4973,11.0087.0120,11.87,Mở khí quản cấp cứu qua tổn thương bỏng,Các thủ thuật và dịch vụ Nội soi,Exclude
4974,11.0088.0099,11.88,Đặt catheter tĩnh mạch trung tâm bù dịch điều trị sốc bỏng,Các thủ thuật và dịch vụ Nội soi,Exclude
4975,11.0089.0215,11.89,Đặt dây truyền dịch ngoại vi điều trị bệnh nhân bỏng,Các thủ thuật và dịch vụ Nội soi,Exclude
4976,11.0090.0216,11.90,Bộc lộ tĩnh mạch ngoại vi để truyền dịch điều trị bệnh nhân bỏng,Các thủ thuật và dịch vụ Nội soi,Exclude
4977,11.0095.1145,11.95,Sử dụng giường khí hóa lỏng điều trị bệnh nhân bỏng nặng,Bỏng,Exclude
4978,11.0097.2035,11.97,Tắm điều trị bệnh nhân bỏng,Bỏng,Exclude
4979,11.0098.1116,11.98,Sử dụng oxy cao áp điều trị bệnh nhân bỏng,Bỏng,Exclude
4980,11.0099.0237,11.99,Điều trị tổn thương bỏng bằng máy sưởi ấm bức xạ,Y học dân tộc và Phục hồi chức năng,Exclude
4981,11.0100.0111,11.100,"Hút áp lực âm (VAC) liên tục trong 24h điều trị vết thương, vết bỏng",Các thủ thuật và dịch vụ Nội soi,Exclude
4982,11.0101.1159,11.101,"Hút áp lực âm (VAC) liên tục trong 48h điều trị vết thương, vết bỏng",Bỏng,Exclude
4983,11.0103.1114,11.103,Cắt sẹo khâu kín,Bỏng,Exclude
4984,11.0104.1113,11.104,Cắt sẹo ghép da mảnh trung bình,Bỏng,Exclude
4985,11.0105.1142,11.105,Cắt sẹo ghép da dày toàn lớp kiểu wolf- krause,Bỏng,Exclude
4986,11.0106.1135,11.106,Kỹ thuật đặt túi giãn da điều trị sẹo bỏng,Bỏng,Exclude
4987,11.0107.1135,11.107,"Phẫu thuật cắt sẹo, lấy bỏ túi giãn da, tạo hình ổ khuyết",Bỏng,Exclude
4988,11.0108.1141,11.108,Kỹ thuật tạo vạt da có nối mạch dưới kính hiển vi phẫu thuật điều trị bỏng,Bỏng,Exclude
4989,11.0109.1136,11.109,Kỹ thuật tạo vạt da có cuống mạch liền điều trị sẹo bỏng,Bỏng,Exclude
4990,11.0110.1141,11.110,Kỹ thuật tạo vạt da “siêu mỏng” chẩm cổ lưng có nối mạch vi phẫu điều trị sẹo vùng cổ-mặt,Bỏng,Exclude
4991,11.0111.1137,11.111,Kỹ thuật tạo vạt da chữ Z điều trị sẹo bỏng,Bỏng,Exclude
4992,11.0112.1137,11.112,Kỹ thuật tạo vạt da V-Y điều trị sẹo bỏng,Bỏng,Exclude
4993,11.0113.1137,11.113,Sử dụng vạt 5 cánh (five flap) trong điều trị sẹo bỏng,Bỏng,Exclude
4994,11.0114.1141,11.114,Quy trình kỹ thuật tạo vạt da DIEP điều trị bỏng,Bỏng,Exclude
4995,11.0115.1137,11.115,Kỹ thuật tạo vạt da tại chỗ điều trị sẹo bỏng,Bỏng,Exclude
4996,11.0116.0199,11.116,Thay băng điều trị vết thương mạn tính,Các thủ thuật và dịch vụ Nội soi,Exclude
4997,11.0117.0111,11.117,Hút áp lực âm (VAC) liên tục trong 24h điều trị vết thương mạn tính,Các thủ thuật và dịch vụ Nội soi,Exclude
4998,11.0118.1159,11.118,Hút áp lực âm (VAC) trong 48h điều trị vết thương mạn tính,Bỏng,Exclude
4999,11.0119.1133,11.119,Ghép màng nuôi cấy tế bào các loại trong điều trị vết thương mạn tính,Bỏng,Exclude
5000,11.0120.0244,11.120,Điều trị vết thương chậm liền bằng laser he-ne,Y học dân tộc và Phục hồi chức năng,Exclude
5001,11.0121.1116,11.121,Sử dụng oxy cao áp điều trị vết thương mạn tính,Bỏng,Exclude
5002,11.0124.0253,11.124,Điều trị sẹo bỏng bằng siêu âm kết hợp với thuốc,Y học dân tộc và Phục hồi chức năng,Exclude
5003,11.0132.1890,11.132,Gây mê thay băng bệnh nhân có diện tích bỏng >60% DTCT hoặc có bỏng hô hấp,Gây mê,Exclude
5004,11.0133.1891,11.133,Gây mê thay băng bệnh nhân có diện tích bỏng từ 40 – 60% diện tích cơ thể,Gây mê,Exclude
5005,11.0134.1892,11.134,Gây mê thay băng bệnh nhân có diện tích bỏng từ 10 – 39% diện tích cơ thể,Gây mê,Exclude
5006,11.0135.1893,11.135,Gây mê thay băng bệnh nhân có diện tích bỏng < 10% diện tích cơ thể,Gây mê,Exclude
5007,11.0136.1159,11.136,"Ghép vật liệu thay thế da điều trị vết thương, vết bỏng",Bỏng,Exclude
5008,11.0137.1146,11.137,"Tắm điều trị bệnh nhân hồi sức, cấp cứu bỏng",Bỏng,Exclude
5009,11.0142.1154,11.142,Phẫu thuật cắt cuống da Ý,Bỏng,Exclude
5010,11.0144.0118,11.144,"Siêu lọc máu liên tục 24h điều trị nhiễm độc, nhiễm khuẩn do bỏng",Các thủ thuật và dịch vụ Nội soi,Exclude
5011,11.0145.0118,11.145,"Siêu lọc máu liên tục 48h điều trị nhiễm độc, nhiễm khuẩn do bỏng",Các thủ thuật và dịch vụ Nội soi,Exclude
5012,11.0146.0118,11.146,"Siêu lọc máu liên tục kết hợp thẩm tách 24h điều trị nhiễm độc, nhiễm khuẩn do bỏng",Các thủ thuật và dịch vụ Nội soi,Exclude
5013,11.0147.0118,11.147,"Siêu lọc máu liên tục kết hợp thẩm tách 48h điều trị nhiễm độc, nhiễm khuẩn do bỏng",Các thủ thuật và dịch vụ Nội soi,Exclude
5014,11.0149.0272,11.149,Thủy trị liệu chi thể điều trị vết bỏng (30 phút),Y học dân tộc và Phục hồi chức năng,Exclude
5015,11.0152.1139,11.152,Kỹ thuật vi phẫu nối bạch mạch – tĩnh mạch điều trị phù do tắc bạch mạch,Bỏng,Exclude
5016,11.0153.1141,11.153,Kỹ thuật tạo vạt da có nối mạch dưới kính hiển vi phẫu thuật điều trị sẹo,Bỏng,Exclude
5017,11.0154.1136,11.154,Kỹ thuật tạo vạt da nhánh xuyên cuống liền che phủ tổn khuyết,Bỏng,Exclude
5018,11.0157.0272,11.157,Thủy trị liệu chi thể điều trị vết thương mạn tính,Y học dân tộc và Phục hồi chức năng,Exclude
5019,11.0158.1112,11.158,Cắt lọc mô hoại tử vết thương mạn tính bằng dao thủy lực,Bỏng,Exclude
5020,11.0159.1144,11.159,Cắt lọc hoại tử ổ loét vết thương mạn tính,Bỏng,Exclude
5021,11.0160.1137,11.160,Phẫu thuật chuyển vạt da tại chỗ điều trị vết thương mạn tính,Bỏng,Exclude
5022,11.0161.1144,11.161,"Phẫu thuật cắt đáy ổ loét mạn tính, khâu kín",Bỏng,Exclude
5023,11.0162.1120,11.162,Phẫu thuật ghép da mảnh điều trị vết thương mạn tính,Bỏng,Exclude
5024,11.0163.1141,11.163,Kỹ thuật tạo vạt da có nối mạch dưới kính hiển vi phẫu thuật điều trị vết thương mạn tính,Bỏng,Exclude
5025,11.0164.1136,11.164,Kỹ thuật sử dụng vạt da nhánh xuyên có cuống mạch liền điều trị vết thương mạn tính,Bỏng,Exclude
5026,11.0165.1136,11.165,Kỹ thuật sử dụng vạt da nhánh xuyên động mạch mông trên điều trị loét cùng cụt,Bỏng,Exclude
5027,11.0166.1136,11.166,Kỹ thuật tạo vạt da có cuống mạch liền điều trị vết thương mạn tính,Bỏng,Exclude
5028,11.0168.1134,11.168,Kỹ thuật ghép khối mỡ tự thân điều trị vết thương mạn tính,Bỏng,Exclude
5029,11.0169.1138,11.169,Kỹ thuật tiêm huyết tương giàu tiểu cầu điều trị vết thương mạn tính,Bỏng,Exclude
5030,11.0170.1158,11.170,Kỹ thuật ghép hỗn dịch tế bào tự thân trong điều trị vết thương mạn tính,Bỏng,Exclude
5031,11.0171.0237,11.171,Điều trị vết thương mạn tính bằng đèn hồng ngoại,Y học dân tộc và Phục hồi chức năng,Exclude
5032,11.0173.0244,11.173,Điều trị vết thương mạn tính bằng chiếu tia plasma,Y học dân tộc và Phục hồi chức năng,Exclude
5033,12.0001.1193,12.1,Nút động mạch để điều trị u máu và các u khác ở vùng đầu và hàm mặt,Ung bướu,Exclude
5034,12.0002.1044,12.2,"Cắt các loại u vùng da đầu, cổ có đường kính dưới 5 cm",Răng Hàm Mặt,Exclude
5035,12.0003.1045,12.3,"Cắt các loại u vùng da đầu, cổ có đường kính 5 đến 10 cm",Răng Hàm Mặt,Exclude
5036,12.0004.0834,12.4,"Cắt các loại u vùng da đầu, cổ có đường kính trên 10 cm",Mắt,Exclude
5037,12.0006.1044,12.6,Cắt các loại u vùng mặt có đường kính dưới 5 cm,Răng Hàm Mặt,Exclude
5038,12.0007.1045,12.7,Cắt các loại u vùng mặt có đường kính 5 đến 10 cm,Răng Hàm Mặt,Exclude
5039,12.0008.0834,12.8,Cắt các loại u vùng mặt có đường kính trên 10 cm,Mắt,Exclude
5040,12.0010.1049,12.10,Cắt các u lành vùng cổ,Răng Hàm Mặt,Exclude
5041,12.0011.1190,12.11,Cắt các u lành tuyến giáp,Ung bướu,Exclude
5042,12.0012.1048,12.12,Cắt các u nang giáp móng,Răng Hàm Mặt,Exclude
5043,12.0013.0834,12.13,Cắt các u nang mang,Mắt,Exclude
5044,12.0014.0945,12.14,Cắt các u ác tuyến mang tai,Tai Mũi Họng,Exclude
5045,12.0015.0356,12.15,Cắt các u ác tuyến giáp,Nội tiết,Exclude
5046,12.0015.0357,12.15,Cắt các u ác tuyến giáp,Nội tiết,Exclude
5047,12.0016.0944,12.16,Cắt các u ác tuyến dưới hàm,Tai Mũi Họng,Exclude
5048,12.0017.1174,12.17,Điều trị các khối u sọ não và một số bệnh lý thần kinh sọ não bằng dao Gamma,Ung bướu,Exclude
5049,12.0043.0390,12.43,Quang động học (PTD) trong điều trị u não ác tính,Ngoại khoa,Exclude
5050,12.0045.1049,12.45,Cắt u cơ vùng hàm mặt,Răng Hàm Mặt,Exclude
5051,12.0047.1061,12.47,Cắt u vùng hàm mặt phức tạp,Răng Hàm Mặt,Exclude
5052,12.0048.1181,12.48,Cắt ung thư vùng hàm mặt có nạo vét hạch dưới hàm và hạch cổ,Ung bướu,Exclude
5053,12.0049.1181,12.49,"Cắt ung thư vùng hàm mặt có nạo vét hạch dưới hàm, hạch cổ và tạo hình bằng vạt tại chỗ",Ung bướu,Exclude
5054,12.0050.1181,12.50,"Cắt ung thư vùng hàm mặt có nạo vét hạch dưới hàm, hạch cổ và tạo hình bằng vạt từ xa",Ung bướu,Exclude
5055,12.0051.1063,12.51,Cắt ung thư hàm trên kèm hố mắt và xương gò má,Răng Hàm Mặt,Exclude
5056,12.0052.1063,12.52,"Cắt ung thư hàm trên, hàm dưới kèm vét hạch, tạo hình bằng vạt da, cơ",Răng Hàm Mặt,Exclude
5057,12.0053.1189,12.53,Cắt ung thư niêm mạc miệng và tạo hình bằng vạt tại chỗ,Ung bướu,Exclude
5058,12.0054.1189,12.54,Cắt ung thư niêm mạc miệng và tạo hình bằng ghép da hoặc niêm mạc,Ung bướu,Exclude
5059,12.0055.1059,12.55,Cắt u máu – bạch mạch vùng hàm mặt,Răng Hàm Mặt,Exclude
5060,12.0056.1059,12.56,"Cắt u mạch máu lớn vùng hàm mặt, khi cắt bỏ kèm thắt động mạch cảnh 1 hay 2 bên",Răng Hàm Mặt,Exclude
5061,12.0057.1061,12.57,"Cắt u mạch máu lớn trên 10 cm vùng sàn miệng, dưới hàm, cạnh cổ",Răng Hàm Mặt,Exclude
5062,12.0058.1093,12.58,Tiêm xơ điều trị u máu vùng hàm mặt,Răng Hàm Mặt,Exclude
5063,12.0059.1093,12.59,Tiêm xơ điều trị u bạch mạch vùng hàm mặt,Răng Hàm Mặt,Exclude
5064,12.0060.1093,12.60,Tiêm xơ chữa u máu trong xương hàm,Răng Hàm Mặt,Exclude
5065,12.0061.1093,12.61,"Tiêm xơ chữa u máu, bạch mạch lưỡi, sàn miệng dưới hàm, cạnh cổ...",Răng Hàm Mặt,Exclude
5066,12.0062.0834,12.62,Cắt u sắc tố vùng hàm mặt,Mắt,Exclude
5067,12.0063.1181,12.63,Cắt ung thư da vùng hàm mặt và tạo hình bằng vạt tại chỗ,Ung bướu,Exclude
5068,12.0064.1046,12.64,Cắt nang vùng sàn miệng,Răng Hàm Mặt,Exclude
5069,12.0065.0944,12.65,Cắt nang vùng sàn miệng và tuyến nước bọt dưới hàm,Tai Mũi Họng,Exclude
5070,12.0066.1182,12.66,"Cắt chậu sàn miệng, tạo hình và vét hạch cổ",Ung bướu,Exclude
5071,12.0067.1181,12.67,"Cắt ung thư vòm khẩu cái, tạo hình",Ung bướu,Exclude
5072,12.0068.0834,12.68,Cắt u xơ vùng hàm mặt đường kính dưới 3 cm,Mắt,Exclude
5073,12.0069.0834,12.69,Cắt u xơ vùng hàm mặt đường kính trên 3 cm,Mắt,Exclude
5074,12.0070.1039,12.70,Cắt nang răng đường kính dưới 2 cm,Răng Hàm Mặt,Exclude
5075,12.0071.1038,12.71,Cắt bỏ nang xương hàm dưới 2 cm,Răng Hàm Mặt,Exclude
5076,12.0072.1047,12.72,Cắt bỏ nang xương hàm từ 2-5 cm,Răng Hàm Mặt,Exclude
5077,12.0073.1047,12.73,Cắt nang xương hàm khó,Răng Hàm Mặt,Exclude
5078,12.0074.1037,12.74,"Cắt u nang men răng, ghép xương",Răng Hàm Mặt,Exclude
5079,12.0075.1063,12.75,Cắt bỏ u xương thái dương - tạo hình vạt cơ da,Răng Hàm Mặt,Exclude
5080,12.0076.1063,12.76,Cắt bỏ u xương thái dương,Răng Hàm Mặt,Exclude
5081,12.0077.0834,12.77,Cắt u môi lành tính có tạo hình,Mắt,Exclude
5082,12.0078.0834,12.78,Cắt ung thư môi có tạo hình đường kính dưới 5 cm,Mắt,Exclude
5083,12.0079.0834,12.79,Cắt ung thư môi có tạo hình đường kính trên 5 cm,Mắt,Exclude
5084,12.0080.1059,12.80,Cắt u thần kinh vùng hàm mặt,Răng Hàm Mặt,Exclude
5085,12.0081.0983,12.81,Cắt u dây thần kinh số VIII,Tai Mũi Họng,Exclude
5086,12.0082.0945,12.82,Cắt toàn bộ tuyến mang tai bảo tồn dây thần kinh VII,Tai Mũi Họng,Exclude
5087,12.0083.1040,12.83,Cắt u lợi đường kính dưới hoặc bằng 2cm,Răng Hàm Mặt,Exclude
5088,12.0084.1039,12.84,Cắt u lợi đường kính 2 cm trở lên,Răng Hàm Mặt,Exclude
5089,12.0085.1039,12.85,Cắt toàn bộ u lợi 1 hàm,Răng Hàm Mặt,Exclude
5090,12.0086.0944,12.86,Cắt u tuyến nước bọt dưới hàm,Tai Mũi Họng,Exclude
5091,12.0086.1060,12.86,Cắt u tuyến nước bọt dưới hàm,Răng Hàm Mặt,Exclude
5092,12.0087.0944,12.87,Cắt u tuyến nước bọt dưới lưỡi,Tai Mũi Họng,Exclude
5093,12.0087.1060,12.87,Cắt u tuyến nước bọt dưới lưỡi,Răng Hàm Mặt,Exclude
5094,12.0088.0944,12.88,Cắt u tuyến nước bọt phụ,Tai Mũi Họng,Exclude
5095,12.0088.1060,12.88,Cắt u tuyến nước bọt phụ,Răng Hàm Mặt,Exclude
5096,12.0089.0945,12.89,Cắt u tuyến nước bọt mang tai,Tai Mũi Họng,Exclude
5097,12.0090.1060,12.90,Cắt bỏ u lành tính vùng tuyến nước bọt mang tai hoặc dưới hàm trên 5 cm,Răng Hàm Mặt,Exclude
5098,12.0091.0909,12.91,"Cắt u mỡ, u bã đậu vùng hàm mặt đường kính trên 5 cm",Tai Mũi Họng,Exclude
5099,12.0091.0910,12.91,"Cắt u mỡ, u bã đậu vùng hàm mặt đường kính trên 5 cm",Tai Mũi Họng,Exclude
5100,12.0092.0909,12.92,"Cắt u mỡ, u bã đậu vùng hàm mặt đường kính dưới 5 cm",Tai Mũi Họng,Exclude
5101,12.0092.0910,12.92,"Cắt u mỡ, u bã đậu vùng hàm mặt đường kính dưới 5 cm",Tai Mũi Họng,Exclude
5102,12.0093.0915,12.93,Vét hạch cổ bảo tồn,Tai Mũi Họng,Exclude
5103,12.0094.0959,12.94,"Vét hạch cổ, truyền hoá chất động mạch cảnh",Tai Mũi Họng,Exclude
5104,12.0096.0371,12.96,Cắt u nội nhãn,Ngoại khoa,Exclude
5105,12.0097.0836,12.97,Cắt u mi cả bề dày không vá,Mắt,Exclude
5106,12.0099.0837,12.99,Cắt u hốc mắt bên và sau nhãn cầu có mở xương hốc mắt,Mắt,Exclude
5107,12.0100.0371,12.100,Cắt u hốc mắt bằng đường xuyên sọ,Ngoại khoa,Exclude
5108,12.0102.0834,12.102,"Cắt u da mi có trượt lông mi, vạt da, hay ghép da",Mắt,Exclude
5109,12.0103.0834,12.103,Cắt u mi cả bề dày ghép sụn kết mạc và chuyển vạt da,Mắt,Exclude
5110,12.0104.0562,12.104,Cắt ung thư da vùng mi mắt trên và tạo hình,Ngoại khoa,Exclude
5111,12.0105.0562,12.105,Cắt ung thư da vùng mi mắt dưới và tạo hình,Ngoại khoa,Exclude
5112,12.0107.0737,12.107,Cắt u kết mạc không vá,Mắt,Exclude
5113,12.0108.0824,12.108,"Cắt u kết mạc, giác mạc có ghép kết mạc, màng ối hoặc giác mạc",Mắt,Exclude
5114,12.0109.0837,12.109,Cắt u tiền phòng,Mắt,Exclude
5115,12.0110.0837,12.110,Cắt u hốc mắt không mở xương hốc mắt,Mắt,Exclude
5116,12.0111.0371,12.111,"Cắt ung thư hố mắt đã xâm lấn các xoang: xoang hàm, xoang sàng …",Ngoại khoa,Exclude
5117,12.0112.0837,12.112,Nạo vét tổ chức hốc mắt,Mắt,Exclude
5118,12.0115.0952,12.115,Cắt u họng - thanh quản bằng laser,Tai Mũi Họng,Exclude
5119,12.0116.0938,12.116,Cắt hạ họng bán phần,Tai Mũi Họng,Exclude
5120,12.0119.0446,12.119,"Cắt toàn bộ hạ họng-thực quản, tái tạo ống họng thực quản bằng dạ dày-ruột",Ngoại khoa,Exclude
5121,12.0124.0953,12.124,Cắt khối u vùng họng miệng bằng laser,Tai Mũi Họng,Exclude
5122,12.0129.0952,12.129,"Cắt ung thư thanh quản, hạ họng bằng laser",Tai Mũi Họng,Exclude
5123,12.0130.0938,12.130,Cắt thanh quản bán phần,Tai Mũi Họng,Exclude
5124,12.0135.1189,12.135,Cắt u lưỡi lành tính,Ung bướu,Exclude
5125,12.0136.0941,12.136,Cắt ung thư lưỡi và tạo hình tại chỗ,Tai Mũi Họng,Exclude
5126,12.0137.0944,12.137,Cắt một nửa lưỡi + vét hạch cổ,Tai Mũi Họng,Exclude
5127,12.0138.0941,12.138,Cắt bán phần lưỡi có tạo hình bằng vạt cân cơ,Tai Mũi Họng,Exclude
5128,12.0139.1182,12.139,"Cắt ung thư lưỡi - sàn miệng, nạo vét hạch và tạo hình bằng vạt từ xa",Ung bướu,Exclude
5129,12.0140.1182,12.140,"Cắt ung thư lưỡi, nạo vét hạch và tạo hình bằng vạt từ xa",Ung bướu,Exclude
5130,12.0141.1189,12.141,Cắt khối u khẩu cái,Ung bướu,Exclude
5131,12.0142.1189,12.142,Cắt bỏ khối u màn hầu,Ung bướu,Exclude
5132,12.0144.1063,12.144,Cắt ung thư­ sàng hàm,Răng Hàm Mặt,Exclude
5133,12.0147.2036,12.147,Cắt u amidan,Tai Mũi Họng,Exclude
5134,12.0148.0940,12.148,Cắt bỏ ung thư Amydan và nạo vét hạch cổ,Tai Mũi Họng,Exclude
5135,12.0151.0877,12.151,Cắt u cuộn cảnh,Tai Mũi Họng,Exclude
5136,12.0153.0945,12.153,Cắt u tuyến mang tai bảo tồn dây thần kinh VII,Tai Mũi Họng,Exclude
5137,12.0154.0488,12.154,"Cắt, nạo vét hạch cổ tiệt căn",Ngoại khoa,Exclude
5138,12.0155.0915,12.155,Lấy hạch cổ chọn lọc hoặc vét hạch cổ bảo tồn 1 bên,Tai Mũi Họng,Exclude
5139,12.0156.0915,12.156,Lấy hạch cổ chọn lọc hoặc vét hạch cổ bảo tồn 2 bên,Tai Mũi Họng,Exclude
5140,12.0159.1063,12.159,Phẫu thuật cạnh mũi lấy u hốc mũi,Răng Hàm Mặt,Exclude
5141,12.0161.0874,12.161,Cắt polyp ống tai,Tai Mũi Họng,Exclude
5142,12.0161.0875,12.161,Cắt polyp ống tai,Tai Mũi Họng,Exclude
5143,12.0162.0918,12.162,Cắt polyp mũi,Tai Mũi Họng,Exclude
5144,12.0164.0898,12.164,Khí dung vòm họng trong điều trị ung thư vòm,Tai Mũi Họng,Exclude
5145,12.0165.0989,12.165,Súc rửa vòm họng trong xạ trị,Tai Mũi Họng,Exclude
5146,12.0166.0400,12.166,"Mở lồng ngực thăm dò, sinh thiết",Ngoại khoa,Exclude
5147,12.0167.0558,12.167,Cắt u xương sườn 1 xương,Ngoại khoa,Exclude
5148,12.0168.0411,12.168,Phẫu thuật cắt u sụn phế quản,Ngoại khoa,Exclude
5149,12.0169.0400,12.169,Phẫu thuật bóc kén màng phổi,Ngoại khoa,Exclude
5150,12.0170.0400,12.170,Phẫu thuật bóc kén trong nhu mô phổi,Ngoại khoa,Exclude
5151,12.0171.0400,12.171,Phẫu thuật cắt kén khí phổi,Ngoại khoa,Exclude
5152,12.0172.0583,12.172,Phẫu thuật bóc u thành ngực,Ngoại khoa,Exclude
5153,12.0173.0558,12.173,Cắt u xương sườn nhiều xương,Ngoại khoa,Exclude
5154,12.0178.0411,12.178,Cắt u nang phổi hoặc u nang phế quản,Ngoại khoa,Exclude
5155,12.0179.0408,12.179,Cắt một thuỳ kèm cắt một phân thuỳ điển hình do ung thư,Ngoại khoa,Exclude
5156,12.0180.0408,12.180,"Cắt thuỳ phổi, phần phổi còn lại",Ngoại khoa,Exclude
5157,12.0181.0408,12.181,Cắt một bên phổi do ung thư,Ngoại khoa,Exclude
5158,12.0182.0408,12.182,Cắt một thuỳ phổi hoặc một phân thuỳ phổi do ung thư,Ngoại khoa,Exclude
5159,12.0183.0408,12.183,Cắt 2 thuỳ phổi 2 bên lồng ngực trong một phẫu thuật,Ngoại khoa,Exclude
5160,12.0184.0408,12.184,Cắt thuỳ phổi hoặc cắt một bên phổi kèm vét hạch trung thất,Ngoại khoa,Exclude
5161,12.0185.0408,12.185,Cắt thuỳ phổi hoặc cắt một bên phổi kèm một mảng thành ngực,Ngoại khoa,Exclude
5162,12.0186.0408,12.186,Cắt phổi và màng phổi,Ngoại khoa,Exclude
5163,12.0187.0408,12.187,Cắt phổi không điển hình do ung thư,Ngoại khoa,Exclude
5164,12.0188.0409,12.188,Cắt u trung thất,Ngoại khoa,Exclude
5165,12.0189.0409,12.189,Cắt u trung thất vừa và nhỏ lệch 1 bên lồng ngực,Ngoại khoa,Exclude
5166,12.0190.0583,12.190,"Cắt u máu, u bạch huyết thành ngực đường kính dưới 5 cm",Ngoại khoa,Exclude
5167,12.0191.0407,12.191,"Cắt u máu, u bạch huyết thành ngực đường kính 5 - 10 cm",Ngoại khoa,Exclude
5168,12.0193.1183,12.193,"Cắt u máu, u bạch huyết trong lồng ngực đường kính trên 10cm",Ung bướu,Exclude
5169,12.0194.1189,12.194,Phẫu thuật vét hạch nách,Ung bướu,Exclude
5170,12.0195.0441,12.195,Cắt u lành thực quản,Ngoại khoa,Exclude
5171,12.0196.0446,12.196,Tạo hình thực quản (do ung thư & bệnh lành tính),Ngoại khoa,Exclude
5172,12.0197.0446,12.197,"Cắt bỏ thực quản có hay không kèm các tạng khác, tạo hình ngay",Ngoại khoa,Exclude
5173,12.0198.0446,12.198,"Cắt bỏ thực quản ngực, tạo hình thực quản bàng ống dạ dày (Phẫu thuật Lewis-Santy hoặc phẫu thuật Akiyama)",Ngoại khoa,Exclude
5174,12.0199.0449,12.199,Cắt dạ dày do ung thư,Ngoại khoa,Exclude
5175,12.0200.0448,12.200,Cắt bán phần hoặc gần toàn bộ dạ dày cực dưới do ung thư kèm vét hạch hệ thống Di hoặc D2,Ngoại khoa,Exclude
5176,12.0201.0449,12.201,Cắt toàn bộ dạ dày do ung thư và vét hạch hệ thống,Ngoại khoa,Exclude
5177,12.0202.0449,12.202,Cắt toàn bộ dạ dày do ung thư tạo hình bằng đoạn ruột non,Ngoại khoa,Exclude
5178,12.0203.0491,12.203,Mở thông dạ dày ra da do ung thư,Ngoại khoa,Exclude
5179,12.0206.0454,12.206,Cắt lại đại tràng do ung thư,Ngoại khoa,Exclude
5180,12.0210.0460,12.210,Cắt u trực tràng ống hậu môn đường dưới,Ngoại khoa,Exclude
5181,12.0214.1184,12.214,Cắt từ 3 tạng trở lên trong điều trị ung thư tiêu hoá,Ung bướu,Exclude
5182,12.0215.0491,12.215,Làm hậu môn nhân tạo,Ngoại khoa,Exclude
5183,12.0216.0487,12.216,Cắt u sau phúc mạc,Ngoại khoa,Exclude
5184,12.0229.0062,12.229,Đốt nhiệt sóng cao tần điều trị ung thư­ gan,"Chụp cắt lớp vi tính, chụp mạch, cộng hưởng từ",Exclude
5185,12.0230.0063,12.230,"Đốt nhiệt cao tần điều trị ung thư gan qua hướng dẫn của siêu âm, qua phẫu thuật nội soi","Chụp cắt lớp vi tính, chụp mạch, cộng hưởng từ",Exclude
5186,12.0232.0087,12.232,Tiêm cồn tuyệt đối vào u gan qua siêu âm,Các thủ thuật và dịch vụ Nội soi,Exclude
5187,12.0234.0471,12.234,Khâu cầm máu gan và dẫn lưu ổ bụng do ung thư gan vỡ,Ngoại khoa,Exclude
5188,12.0236.0481,12.236,Nối mật-Hỗng tràng do ung thư,Ngoại khoa,Exclude
5189,12.0239.0486,12.239,Cắt đuôi tuỵ và cắt lách,Ngoại khoa,Exclude
5190,12.0240.0482,12.240,Cắt bỏ khối u tá tuỵ,Ngoại khoa,Exclude
5191,12.0241.0486,12.241,Cắt thân và đuôi tuỵ,Ngoại khoa,Exclude
5192,12.0242.0484,12.242,"Cắt lách bệnh lý, ung thư, áp xe, xơ lách",Ngoại khoa,Exclude
5193,12.0243.0425,12.243,Cắt u bàng quang đường trên,Ngoại khoa,Exclude
5194,12.0252.0434,12.252,Cắt cụt toàn bộ bộ phận sinh dục ngoài do ung thư­,Ngoại khoa,Exclude
5195,12.0253.0434,12.253,Cắt cụt toàn bộ bộ phận sinh dục ngoài do ung thư­ + nạo vét hạch bẹn hai bên,Ngoại khoa,Exclude
5196,12.0254.0592,12.254,"Cắt âm vật, vét hạch bẹn 2 bên do ung thư",Phụ Sản,Exclude
5197,12.0255.0598,12.255,"Phẫu thuật lấy dây chằng rộng, u đáy chậu, u tiểu khung",Phụ Sản,Exclude
5198,12.0256.0582,12.256,Cắt u thận lành,Ngoại khoa,Exclude
5199,12.0257.0416,12.257,"Cắt thận và niệu quản do u niệu quản, u đường tiết niệu",Ngoại khoa,Exclude
5200,12.0258.0487,12.258,Cắt bướu nephroblastome sau phúc mạc,Ngoại khoa,Exclude
5201,12.0259.0416,12.259,Cắt ung thư thận có hoặc không vét hạch hệ thống,Ngoại khoa,Exclude
5202,12.0260.0416,12.260,Cắt toàn bộ thận và niệu quản,Ngoại khoa,Exclude
5203,12.0261.1191,12.261,Cắt u sùi đầu miệng sáo,Ung bướu,Exclude
5204,12.0263.1190,12.263,Cắt nang thừng tinh một bên,Ung bướu,Exclude
5205,12.0264.1189,12.264,Cắt nang thừng tinh hai bên,Ung bướu,Exclude
5206,12.0265.0583,12.265,Cắt u lành dương vật,Ngoại khoa,Exclude
5207,12.0266.0434,12.266,Cắt bỏ dương vật ung thư có vét hạch,Ngoại khoa,Exclude
5208,12.0267.0653,12.267,Cắt u vú lành tính,Phụ Sản,Exclude
5209,12.0268.0591,12.268,Mổ bóc nhân xơ vú,Phụ Sản,Exclude
5210,12.0269.0653,12.269,Phẫu thuật cắt một phần tuyến vú,Phụ Sản,Exclude
5211,12.0270.0599,12.270,Phẫu thuật cắt khối u vú ác tính + vét hạch nách,Phụ Sản,Exclude
5212,12.0271.0599,12.271,Cắt vú theo phương pháp Patey + Cắt buồng trứng hai bên,Phụ Sản,Exclude
5213,12.0272.0599,12.272,Phẫu thuật cắt bỏ tuyến vú cải biên (Patey) do ung thư vú,Phụ Sản,Exclude
5214,12.0273.0599,12.273,"Phẫu thuật bảo tồn, vét hạch nách trong ung thư­ tuyến vú",Phụ Sản,Exclude
5215,12.0274.0599,12.274,Cắt ung thư vú tiết kiệm da - tạo hình ngay,Phụ Sản,Exclude
5216,12.0275.0573,12.275,Tái tạo tuyến vú sau cắt ung thư vú,Ngoại khoa,Exclude
5217,12.0276.0683,12.276,"Cắt buồng trứng, hai bên phần phụ trong điều trị ung thư vú",Phụ Sản,Exclude
5218,12.0277.0714,12.277,Sinh thiết hạch gác cửa trong ung thư vú,Phụ Sản,Exclude
5219,12.0278.0655,12.278,Cắt polyp cổ tử cung,Phụ Sản,Exclude
5220,12.0280.0683,12.280,Cắt u nang buồng trứng xoắn,Phụ Sản,Exclude
5221,12.0281.0683,12.281,Cắt u nang buồng trứng,Phụ Sản,Exclude
5222,12.0283.0683,12.283,Cắt u nang buồng trứng và phần phụ,Phụ Sản,Exclude
5223,12.0284.0683,12.284,Phẫu thuật mở bụng cắt u buồng trứng hoặc cắt phần phụ,Phụ Sản,Exclude
5224,12.0289.0654,12.289,Phẫu thuật cắt polip buồng tử cung,Phụ Sản,Exclude
5225,12.0290.0596,12.290,"Cắt cổ tử cung trên bệnh nhân đã mổ cắt tử cung bán phần (đường bụng, đường âm đạo)",Phụ Sản,Exclude
5226,12.0291.0681,12.291,"Cắt toàn bộ tử cung, đường bụng",Phụ Sản,Exclude
5227,12.0292.0682,12.292,Cắt tử cung hoàn toàn + 2 phần phụ + vét hạch chậu 2 bên,Phụ Sản,Exclude
5228,12.0293.0711,12.293,Phẫu thuật Wertheim- Meig điều trị ung thư­ cổ tử cung,Phụ Sản,Exclude
5229,12.0295.0598,12.295,"Cắt u tiểu khung thuộc tử cung, buồng trứng to, dính, cắm sâu trong tiểu khung",Phụ Sản,Exclude
5230,12.0297.0661,12.297,"Cắt toàn bộ tử cung, hai phần phụ và mạc nối lớn điều trị ung thư buồng trứng",Phụ Sản,Exclude
5231,12.0298.1184,12.298,"Cắt bỏ tạng trong tiểu khung, từ 2 tạng trở lên",Ung bướu,Exclude
5232,12.0299.0683,12.299,Phẫu thuật mở bụng cắt u nang hoặc cắt buồng trứng trên bệnh nhân có thai,Phụ Sản,Exclude
5233,12.0300.0661,12.300,Cắt ung thư­ buồng trứng lan rộng,Phụ Sản,Exclude
5234,12.0301.0703,12.301,Phẫu thuật Second Look trong ung thư buồng trứng,Phụ Sản,Exclude
5235,12.0302.0590,12.302,Bóc nhân ung thư nguyên bào nuôi di căn âm đạo,Phụ Sản,Exclude
5236,12.0303.0633,12.303,Mở bụng bóc nhân ung thư nguyên bào nuôi bảo tồn tử cung,Phụ Sản,Exclude
5237,12.0304.0592,12.304,"Cắt âm hộ ung thư, vét hạch bẹn hai bên",Phụ Sản,Exclude
5238,12.0305.0593,12.305,Cắt bỏ âm hộ đơn thuần,Phụ Sản,Exclude
5239,12.0306.0597,12.306,Cắt u thành âm đạo,Phụ Sản,Exclude
5240,12.0307.0573,12.307,Phẫu thuật tái tạo vú bằng các vạt tự thân,Ngoại khoa,Exclude
5241,12.0309.0589,12.309,Bóc nang tuyến Bartholin,Phụ Sản,Exclude
5242,12.0313.1190,12.313,"Cắt u máu khu trú, đường kính dưới 5 cm",Ung bướu,Exclude
5243,12.0314.1189,12.314,Cắt u máu/u bạch mạch dưới da đường kính từ 5 - 10cm,Ung bướu,Exclude
5244,12.0315.1059,12.315,"Cắt u máu, u bạch mạch vùng phức tạp, khó",Răng Hàm Mặt,Exclude
5245,12.0316.1059,12.316,"Cắt u máu/u bạch mạch lan toả, đường kính bằng và trên 10cm",Răng Hàm Mặt,Exclude
5246,12.0317.1190,12.317,Cắt ung thư phần mềm chi trên hoặc chi dưới đường kính dưới 5cm,Ung bướu,Exclude
5247,12.0318.1189,12.318,Cắt ung thư phần mềm chi trên hoặc chi dưới đường kính bằng và trên 5cm,Ung bướu,Exclude
5248,12.0319.1190,12.319,Cắt u lành phần mềm đường kính trên 10cm,Ung bướu,Exclude
5249,12.0320.1190,12.320,Cắt u lành phần mềm đường kính dưới 10cm,Ung bướu,Exclude
5250,12.0321.1190,12.321,Cắt u bao gân,Ung bướu,Exclude
5251,12.0322.1191,12.322,"Cắt u nang bao hoạt dịch (cổ tay, khoeo chân, cổ chân)",Ung bướu,Exclude
5252,12.0323.0653,12.323,Phẫu thuật phì đại tuyến vú nam,Phụ Sản,Exclude
5253,12.0324.0558,12.324,Cắt u xương sụn lành tính,Ngoại khoa,Exclude
5254,12.0325.0558,12.325,"Cắt u xương, sụn",Ngoại khoa,Exclude
5255,12.0326.0534,12.326,Cắt chi và vét hạch do ung thư,Ngoại khoa,Exclude
5256,12.0327.0534,12.327,Tháo khớp cổ tay do ung thư,Ngoại khoa,Exclude
5257,12.0328.0534,12.328,Cắt cụt cánh tay do ung thư,Ngoại khoa,Exclude
5258,12.0329.0534,12.329,Tháo khớp khuỷu tay do ung thư,Ngoại khoa,Exclude
5259,12.0330.1185,12.330,Tháo khớp vai do ung thư đầu trên xương cánh tay,Ung bướu,Exclude
5260,12.0331.1189,12.331,Tháo nửa bàn chân trước do ung thư,Ung bướu,Exclude
5261,12.0332.1189,12.332,Tháo khớp cổ chân do ung thư,Ung bướu,Exclude
5262,12.0333.0551,12.333,Tháo khớp gối do ung thư,Ngoại khoa,Exclude
5263,12.0334.0534,12.334,Tháo khớp háng do ung thư,Ngoại khoa,Exclude
5264,12.0335.0534,12.335,Cắt cụt cẳng chân do ung thư,Ngoại khoa,Exclude
5265,12.0336.0534,12.336,Cắt cụt đùi do ung thư,Ngoại khoa,Exclude
5266,12.0339.0558,12.339,"Cắt u nang tiêu xương, ghép xương",Ngoại khoa,Exclude
5267,12.0340.0558,12.340,"Cắt u tế bào khổng lồ, ghép xương",Ngoại khoa,Exclude
5268,12.0341.1174,12.341,Xạ trị bằng Gamma Knife,Ung bướu,Exclude
5269,12.0342.1175,12.342,Xạ trị bằng X Knife,Ung bướu,Exclude
5270,12.0343.1173,12.343,Xạ trị bằng Cyber Knife,Ung bướu,Exclude
5271,12.0344.1177,12.344,Xạ trị bằng máy gia tốc,Ung bướu,Exclude
5272,12.0345.1176,12.345,Xạ trị bằng máy gia tốc có điều biến liều,Ung bướu,Exclude
5273,12.0346.1163,12.346,Xạ trị bằng máy Rx,Ung bướu,Exclude
5274,12.0348.1180,12.348,Xạ trị áp sát xuất liều thấp,Ung bướu,Exclude
5275,12.0349.1179,12.349,Xạ trị áp sát xuất liều cao,Ung bướu,Exclude
5276,12.0349.1178,12.349,Xạ trị áp sát xuất liều cao,Ung bướu,Exclude
5277,12.0350.1178,12.350,Xạ trị bằng nguồn áp sát,Ung bướu,Exclude
5278,12.0350.1179,12.350,Xạ trị bằng nguồn áp sát,Ung bướu,Exclude
5279,12.0350.1180,12.350,Xạ trị bằng nguồn áp sát,Ung bướu,Exclude
5280,12.0351.1192,12.351,Xạ trị bằng các đồng vị phóng xạ,Ung bướu,Exclude
5281,12.0353.1163,12.353,Xạ trị bằng máy Cobalt,Ung bướu,Exclude
5282,12.0360.1870,12.360,Điều trị bướu nhân độc tuyến giáp bằng I 13i,Điều trị bằng chất phóng xạ,Exclude
5283,12.0361.1870,12.361,Điều trị bệnh Basedow bằng I 13i,Điều trị bằng chất phóng xạ,Exclude
5284,12.0362.1870,12.362,Điều trị bướu cổ đơn thuần bằng I¹³¹,Điều trị bằng chất phóng xạ,Exclude
5285,12.0363.1871,12.363,Điều trị ung thư tuyến giáp biệt hóa bằng I¹³¹,Điều trị bằng chất phóng xạ,Exclude
5286,12.0366.1165,12.366,Hóa trị liên tục (12-24 giờ) bằng máy,Ung bướu,Exclude
5287,12.0367.1170,12.367,Truyền hoá chất động mạch,Ung bướu,Exclude
5288,12.0368.1169,12.368,Truyền hoá chất tĩnh mạch,Ung bướu,Exclude
5289,12.0368.2040,12.368,Truyền hoá chất tĩnh mạch,Ung bướu,Exclude
5290,12.0369.1171,12.369,Truyền hoá chất khoang màng bụng,Ung bướu,Exclude
5291,12.0370.1171,12.370,Truyền hoá chất khoang màng phổi,Ung bướu,Exclude
5292,12.0371.1172,12.371,Truyền hóa chất nội tủy,Ung bướu,Exclude
5293,12.0372.0109,12.372,Gây dính màng phổi bằng bơm hoá chất màng phổi,Các thủ thuật và dịch vụ Nội soi,Exclude
5294,12.0373.1171,12.373,Tiêm hoá chất vào màng bụng điều trị ung thư,Ung bướu,Exclude
5295,12.0374.0718,12.374,Tiêm hoá chất vào nhân ung thư nguyên bào nuôi,Phụ Sản,Exclude
5296,12.0377.1192,12.377,Điều trị đích trong ung thư,Ung bướu,Exclude
5297,12.0378.1164,12.378,Đổ khuôn chì trong xạ trị,Ung bướu,Exclude
5298,12.0379.0640,12.379,Nong cổ tử cung trước xạ trong,Phụ Sản,Exclude
5299,12.0380.1166,12.380,Làm mặt nạ cố định đầu,Ung bướu,Exclude
5300,12.0383.1167,12.383,Mô phỏng và lập kế hoạch cho xạ trị ngoài,Ung bướu,Exclude
5301,12.0384.1167,12.384,Mô phỏng và lập kế hoạch cho xạ trị trong,Ung bướu,Exclude
5302,12.0388.1174,12.388,Xạ phẫu u não bằng dao gamma quay,Ung bướu,Exclude
5303,12.0389.1174,12.389,Xạ phẫu u màng não bằng dao gamma quay,Ung bướu,Exclude
5304,12.0390.1174,12.390,Xạ phẫu u màng não thất bằng dao gamma quay,Ung bướu,Exclude
5305,12.0391.1174,12.391,Xạ phẫu u thân não bằng dao gamma quay,Ung bướu,Exclude
5306,12.0392.1174,12.392,Xạ phẫu u tiểu não bằng dao gamma quay,Ung bướu,Exclude
5307,12.0393.1174,12.393,Xạ phẫu u tuyến yên bằng dao gamma quay,Ung bướu,Exclude
5308,12.0394.1174,12.394,Xạ phẫu u tuyến tùng bằng dao gamma quay,Ung bướu,Exclude
5309,12.0395.1174,12.395,Xạ phẫu u sọ hầu bằng dao gamma quay,Ung bướu,Exclude
5310,12.0396.1174,12.396,Xạ phẫu u hậu nhãn cầu bằng dao gamma quay,Ung bướu,Exclude
5311,12.0397.1174,12.397,Xạ phẫu dị dạng mạch máu não bằng dao gamma quay,Ung bướu,Exclude
5312,12.0398.1174,12.398,Xạ phẫu u nguyên bào mạch máu nội sọ bằng dao gamma quay,Ung bướu,Exclude
5313,12.0399.1174,12.399,Xạ phẫu u dây thần kinh sọ não bằng dao gamma quay,Ung bướu,Exclude
5314,12.0400.1174,12.400,Điều trị đau dây thần kinh số V nguyên phát bằng dao gamma quay,Ung bướu,Exclude
5315,12.0401.1174,12.401,Xạ phẫu u thần kinh khứu giác bằng dao gamma quay,Ung bướu,Exclude
5316,12.0402.0577,12.402,Phẫu thuật cắt u thành ngực phức tạp,Ngoại khoa,Exclude
5317,12.0404.1883,12.404,Điều trị ung thư gan bằng hạt vi cầu phóng xạ,Điều trị bằng chất phóng xạ,Exclude
5318,12.0406.1823,12.406,Điều trị u lympho ác tính bằng kháng thể đơn dòng đánh dấu phóng xạ,Thăm dò bằng đồng vị phóng xạ,Exclude
5319,12.0408.1872,12.408,Điều trị ung thư di căn xương bằng đồng vị phóng xạ,Điều trị bằng chất phóng xạ,Exclude
5320,12.0409.1872,12.409,Điều trị ung thư di căn xương bằng dược chất phóng xạ,Điều trị bằng chất phóng xạ,Exclude
5321,12.0421.0041,12.421,Xạ trị sử dụng CT mô phỏng,"Chụp cắt lớp vi tính, chụp mạch, cộng hưởng từ",Exclude
5322,12.0423.1880,12.423,Điều trị ung thư tiền liệt tuyến bằng cấy hạt phóng xạ ¹²⁵I,Điều trị bằng chất phóng xạ,Exclude
5323,12.0424.1881,12.424,Điều trị ung thư vú bằng cấy hạt phóng xạ ¹²⁵I,Điều trị bằng chất phóng xạ,Exclude
5324,12.0429.1883,12.429,Điều trị ung thư gan bằng hạt vi cầu phóng xạ ⁹⁰Y.,Điều trị bằng chất phóng xạ,Exclude
5325,12.0430.1823,12.430,Điều trị u lympho ác tính không Hodgkin bằng kháng thể đơn dòng gắn đồng vị phóng xạ ¹³¹I-Rituximab,Thăm dò bằng đồng vị phóng xạ,Exclude
5326,12.0431.1823,12.431,Điều trị u lympho ác tính không Hodgkin bằng kháng thể đơn dòng gắn phóng xạ ¹³¹I-Nimotuzumab,Thăm dò bằng đồng vị phóng xạ,Exclude
5327,12.0432.1823,12.432,Điều trị u lympho ác tính không Hodgkin bằng kháng thể đơn dòng gắn đồng vị phóng xạ ⁹⁰Y-Ibritumomab,Thăm dò bằng đồng vị phóng xạ,Exclude
5328,12.0433.1875,12.433,Điều trị tràn dịch màng phổi do ung thư bằng keo phóng xạ ⁹⁰Y,Điều trị bằng chất phóng xạ,Exclude
5329,12.0434.1875,12.434,Điều trị tràn dịch màng bụng do ung thư bằng keo phóng xạ ⁹⁰Y,Điều trị bằng chất phóng xạ,Exclude
5330,12.0435.1174,12.435,Xạ phẫu bằng dao gamma quay,Ung bướu,Exclude
5331,12.0436.1174,12.436,Xạ phẫu u máu thể hang bằng dao gamma quay,Ung bướu,Exclude
5332,12.0437.1174,12.437,Xạ phẫu di căn não bằng dao gamma quay,Ung bướu,Exclude
5333,12.0438.1177,12.438,Xạ trị gia tốc toàn não,Ung bướu,Exclude
5334,12.0439.1177,12.439,Xạ trị gia tốc toàn não - tủy,Ung bướu,Exclude
5335,12.0443.1161,12.443,Bơm hóa chất bàng quang điều trị ung thư bàng quang,Ung bướu,Exclude
5336,12.0444.1167,12.444,Mô phỏng và lập kế hoạch cho xạ trị áp sát,Ung bướu,Exclude
5337,12.0446.1185,12.446,Tháo khớp xương bả vai do ung thư,Ung bướu,Exclude
5338,12.0447.1186,12.447,Phẫu thuật cắt xương bả vai và phần mềm,Ung bướu,Exclude
5339,12.0448.1187,12.448,Đặt buồng tiêm truyền dưới da,Ung bướu,Exclude
5340,13.0001.0676,13.1,Phẫu thuật lấy thai và cắt tử cung trong rau cài răng lược,Phụ Sản,Exclude
5341,13.0002.0672,13.2,Phẫu thuật lấy thai lần hai trở lên,Phụ Sản,Exclude
5342,13.0003.0674,13.3,Phẫu thuật lấy thai trên người bệnh có sẹo mổ bụng cũ phức tạp,Phụ Sản,Exclude
5343,13.0004.0675,13.4,"Phẫu thuật lấy thai trên người bệnh mắc bệnh toàn thân (tim, thận, gan, huyết học, nội tiết...)",Phụ Sản,Exclude
5344,13.0005.0675,13.5,"Phẫu thuật lấy thai do bệnh lý sản khoa (rau tiền đạo, rau bong non, tiền sản giật, sản giật...)",Phụ Sản,Exclude
5345,13.0006.0673,13.6,"Phẫu thuật lấy thai trên người bệnh có bệnh truyền nhiễm (viêm gan nặng, HIV-AIDS, H5N1, tiêu chảy cấp...)",Phụ Sản,Exclude
5346,13.0007.0671,13.7,Phẫu thuật lấy thai lần đầu,Phụ Sản,Exclude
5347,13.0008.0670,13.8,"Phẫu thuật lấy thai có kèm các kỹ thuật cầm máu (thắt động mạch tử cung, mũi khâu B- lynch…)",Phụ Sản,Exclude
5348,13.0009.0659,13.9,"Phẫu thuật cắt tử cung tình trạng người bệnh nặng, viêm phúc mạc nặng, kèm vỡ tạng trong tiểu khung, vỡ tử cung phức tạp",Phụ Sản,Exclude
5349,13.0010.0660,13.10,Phẫu thuật cắt tử cung và thắt động mạch hạ vị do chảy máu thứ phát sau phẫu thuật sản khoa,Phụ Sản,Exclude
5350,13.0011.0707,13.11,Phẫu thuật thắt động mạch hạ vị trong cấp cứu sản phụ khoa,Phụ Sản,Exclude
5351,13.0012.0708,13.12,Phẫu thuật thắt động mạch tử cung trong cấp cứu sản phụ khoa,Phụ Sản,Exclude
5352,13.0013.0649,13.13,Phẫu thuật bảo tồn tử cung do vỡ tử cung,Phụ Sản,Exclude
5353,13.0017.0652,13.17,"Phẫu thuật cắt lọc vết mổ, khâu lại tử cung sau mổ lấy thai",Phụ Sản,Exclude
5354,13.0018.0625,13.18,Khâu tử cung do nạo thủng,Phụ Sản,Exclude
5355,13.0019.0618,13.19,Giảm đau trong đẻ bằng phương pháp gây tê ngoài màng cứng,Phụ Sản,Exclude
5356,13.0023.2023,13.23,Theo dõi nhịp tim thai và cơn co tử cung bằng monitor sản khoa,Phụ Sản,Exclude
5357,13.0024.0613,13.24,Đỡ đẻ ngôi ngược (*),Phụ Sản,Exclude
5358,13.0025.0638,13.25,Nội xoay thai,Phụ Sản,Exclude
5359,13.0026.0615,13.26,Đỡ đẻ từ sinh đôi trở lên,Phụ Sản,Exclude
5360,13.0027.0617,13.27,Forceps,Phụ Sản,Exclude
5361,13.0028.0617,13.28,Giác hút,Phụ Sản,Exclude
5362,13.0029.0716,13.29,Soi ối,Phụ Sản,Exclude
5363,13.0030.0623,13.30,"Khâu phục hồi rách cổ tử cung, âm đạo",Phụ Sản,Exclude
5364,13.0031.0727,13.31,"Thủ thuật cặp, kéo cổ tử cung xử trí băng huyết sau đẻ, sau sảy, sau nạo (*)",Phụ Sản,Exclude
5365,13.0032.0632,13.32,"Lấy khối máu tụ âm đạo, tầng sinh môn",Phụ Sản,Exclude
5366,13.0033.0614,13.33,Đỡ đẻ thường ngôi chỏm,Phụ Sản,Exclude
5367,13.0040.0629,13.40,Làm thuốc vết khâu tầng sinh môn nhiễm khuẩn,Phụ Sản,Exclude
5368,13.0042.0058,13.42,Nút mạch cầm máu trong sản khoa,"Chụp cắt lớp vi tính, chụp mạch, cộng hưởng từ",Exclude
5369,13.0043.0713,13.43,Sinh thiết gai rau,Phụ Sản,Exclude
5370,13.0044.0621,13.44,Hủy thai: cắt thai nhi trong ngôi ngang,Phụ Sản,Exclude
5371,13.0045.0622,13.45,"Hủy thai: chọc óc, kẹp sọ, kéo thai",Phụ Sản,Exclude
5372,13.0046.0608,13.46,Chọc ối điều trị đa ối,Phụ Sản,Exclude
5373,13.0047.0608,13.47,Chọc ối làm xét nghiệm tế bào,Phụ Sản,Exclude
5374,13.0048.0640,13.48,Nong cổ tử cung do bế sản dịch,Phụ Sản,Exclude
5375,13.0049.0635,13.49,"Nạo sót thai, nạo sót rau sau sẩy, sau đẻ",Phụ Sản,Exclude
5376,13.0051.0237,13.51,"Điều trị tắc tia sữa bằng sóng ngắn, hồng ngoại",Y học dân tộc và Phục hồi chức năng,Exclude
5377,13.0051.0254,13.51,"Điều trị tắc tia sữa bằng sóng ngắn, hồng ngoại",Y học dân tộc và Phục hồi chức năng,Exclude
5378,13.0052.0626,13.52,Khâu vòng cổ tử cung,Phụ Sản,Exclude
5379,13.0053.0594,13.53,Cắt chỉ khâu vòng cổ tử cung,Phụ Sản,Exclude
5380,13.0054.0600,13.54,Chích áp xe tầng sinh môn,Phụ Sản,Exclude
5381,13.0055.0691,13.55,Phẫu thuật nội soi cắt tử cung hoàn toàn và vét hạch chậu,Phụ Sản,Exclude
5382,13.0056.0682,13.56,Phẫu thuật mở bụng cắt tử cung hoàn toàn và vét hạch chậu,Phụ Sản,Exclude
5383,13.0057.0701,13.57,Phẫu thuật nội soi vét hạch tiểu khung,Phụ Sản,Exclude
5384,13.0058.0692,13.58,Phẫu thuật nội soi cắt ung thư buồng trứng kèm cắt tử cung hoàn toàn + 2 phần phụ + mạc nối lớn,Phụ Sản,Exclude
5385,13.0059.0661,13.59,Phẫu thuật cắt ung thư­ buồng trứng + tử cung hoàn toàn + 2 phần phụ + mạc nối lớn,Phụ Sản,Exclude
5386,13.0060.0703,13.60,Phẫu thuật Second Look trong ung thư buồng trứng,Phụ Sản,Exclude
5387,13.0061.0598,13.61,"Cắt u tiểu khung thuộc tử cung, buồng trứng to, dính, cắm sâu trong tiểu khung",Phụ Sản,Exclude
5388,13.0062.0711,13.62,Phẫu thuật Wertheim (cắt tử cung tận gốc + vét hạch),Phụ Sản,Exclude
5389,13.0063.0690,13.63,Phẫu thuật nội soi cắt tử cung hoàn toàn,Phụ Sản,Exclude
5390,13.0064.0690,13.64,Phẫu thuật nội soi cắt tử cung bán phần,Phụ Sản,Exclude
5391,13.0065.0687,13.65,Phẫu thuật nội soi bóc u xơ tử cung,Phụ Sản,Exclude
5392,13.0066.0658,13.66,Phẫu thuật cắt tử cung đường âm đạo có sự hỗ trợ của nội soi,Phụ Sản,Exclude
5393,13.0067.0657,13.67,Phẫu thuật cắt tử cung đường âm đạo,Phụ Sản,Exclude
5394,13.0068.0681,13.68,Phẫu thuật mở bụng cắt tử cung hoàn toàn,Phụ Sản,Exclude
5395,13.0069.0681,13.69,Phẫu thuật mở bụng cắt tử cung hoàn toàn cả khối,Phụ Sản,Exclude
5396,13.0070.0681,13.70,Phẫu thuật mở bụng cắt tử cung bán phần,Phụ Sản,Exclude
5397,13.0071.0679,13.71,Phẫu thuật mở bụng bóc u xơ tử cung,Phụ Sản,Exclude
5398,13.0072.0683,13.72,Phẫu thuật mở bụng cắt u buồng trứng hoặc cắt phần phụ,Phụ Sản,Exclude
5399,13.0073.0702,13.73,"Phẫu thuật nội soi xử trí viêm phúc mạc tiểu khung, viêm phần phụ, ứ mủ vòi trứng",Phụ Sản,Exclude
5400,13.0074.0686,13.74,"Phẫu thuật mở bụng xử trí viêm phúc mạc tiểu khung, viêm phần phụ, ứ mủ vòi trứng",Phụ Sản,Exclude
5401,13.0075.0668,13.75,Phẫu thuật khối viêm dính tiểu khung,Phụ Sản,Exclude
5402,13.0076.0689,13.76,Phẫu thuật nội soi cắt phần phụ,Phụ Sản,Exclude
5403,13.0077.0689,13.77,Phẫu thuật nội soi bóc u lạc nội mạc tử cung,Phụ Sản,Exclude
5404,13.0078.0699,13.78,Phẫu thuật nội soi treo buồng trứng,Phụ Sản,Exclude
5405,13.0079.0689,13.79,Phẫu thuật nội soi cắt u nang hoặc cắt buồng trứng trên bệnh nhân có thai,Phụ Sản,Exclude
5406,13.0080.0689,13.80,Phẫu thuật nội soi cắt u nang buồng trứng xoắn,Phụ Sản,Exclude
5407,13.0081.0689,13.81,"Phẫu thuật nội soi cắt u nang buồng trứng, nang cạnh vòi tử cung",Phụ Sản,Exclude
5408,13.0082.0689,13.82,Phẫu thuật nội soi cắt u nang buồng trứng kèm triệt sản,Phụ Sản,Exclude
5409,13.0083.0689,13.83,Phẫu thuật nội soi cắt u buồng trứng và phần phụ,Phụ Sản,Exclude
5410,13.0084.0607,13.84,Chọc nang buồng trứng đường âm đạo dưới siêu âm,Phụ Sản,Exclude
5411,13.0085.0687,13.85,Phẫu thuật nội soi cắt góc tử cung,Phụ Sản,Exclude
5412,13.0086.0680,13.86,Phẫu thuật mở bụng cắt góc tử cung,Phụ Sản,Exclude
5413,13.0087.0689,13.87,Phẫu thuật nội soi thai ngoài tử cung thể huyết tụ thành nang,Phụ Sản,Exclude
5414,13.0088.0689,13.88,Phẫu thuật nội soi thai ngoài tử cung vỡ,Phụ Sản,Exclude
5415,13.0089.0696,13.89,Phẫu thuật nội soi ổ bụng chẩn đoán + tiêm MTX tại chỗ điều trị thai ngoài tử cung,Phụ Sản,Exclude
5416,13.0090.0689,13.90,Phẫu thuật nội soi thai ngoài tử cung chưa vỡ,Phụ Sản,Exclude
5417,13.0091.0665,13.91,Phẫu thuật chửa ngoài tử cung vỡ có choáng,Phụ Sản,Exclude
5418,13.0092.0683,13.92,Phẫu thuật chửa ngoài tử cung không có choáng,Phụ Sản,Exclude
5419,13.0093.0664,13.93,Phẫu thuật chửa ngoài tử cung thể huyết tụ thành nang,Phụ Sản,Exclude
5420,13.0095.0684,13.95,"Phẫu thuật mở bụng tạo hình vòi trứng, nối lại vòi trứng",Phụ Sản,Exclude
5421,13.0096.0720,13.96,"Vi phẫu thuật tạo hình vòi trứng, nối lại vòi trứng",Phụ Sản,Exclude
5422,13.0097.0693,13.97,Phẫu thuật nội soi điều trị vô sinh (soi buồng tử cung + nội soi ổ bụng),Phụ Sản,Exclude
5423,13.0098.0709,13.98,Phẫu thuật treo bàng quang và trực tràng sau mổ sa sinh dục,Phụ Sản,Exclude
5424,13.0099.0698,13.99,Phẫu thuật nội soi sa sinh dục nữ,Phụ Sản,Exclude
5425,13.0100.0610,13.100,Đặt mảnh ghép tổng hợp điều trị sa tạng vùng chậu,Phụ Sản,Exclude
5426,13.0101.0666,13.101,Phẫu thuật Crossen,Phụ Sản,Exclude
5427,13.0102.0678,13.102,Phẫu thuật Manchester,Phụ Sản,Exclude
5428,13.0103.0677,13.103,Phẫu thuật Lefort,Phụ Sản,Exclude
5429,13.0104.0677,13.104,Phẫu thuật Labhart,Phụ Sản,Exclude
5430,13.0105.0710,13.105,Phẫu thuật treo tử cung,Phụ Sản,Exclude
5431,13.0106.0706,13.106,"Phẫu thuật tạo hình tử cung (Strassman, Jones)",Phụ Sản,Exclude
5432,13.0107.0704,13.107,Phẫu thuật tạo hình âm đạo (nội soi kết hợp đường dưới),Phụ Sản,Exclude
5433,13.0108.0705,13.108,Phẫu thuật tạo hình âm đạo do dị dạng (đường dưới),Phụ Sản,Exclude
5434,13.0109.0662,13.109,"Phẫu thuật cắt vách ngăn âm đạo, mở thông âm đạo",Phụ Sản,Exclude
5435,13.0110.0651,13.110,Phẫu thuật cắt âm vật phì đại,Phụ Sản,Exclude
5436,13.0111.0656,13.111,Phẫu thuật cắt tinh hoàn lạc chỗ,Phụ Sản,Exclude
5437,13.0112.0669,13.112,Phẫu thuật làm lại tầng sinh môn và cơ vòng do rách phức tạp,Phụ Sản,Exclude
5438,13.0113.0633,13.113,Mở bụng bóc nhân ung thư nguyên bào nuôi bảo tồn tử cung,Phụ Sản,Exclude
5439,13.0114.0590,13.114,Bóc nhân ung thư nguyên bào nuôi di căn âm đạo,Phụ Sản,Exclude
5440,13.0115.0650,13.115,"Phẫu thuật bóc khối lạc nội mạc tử cung ở tầng sinh môn, thành bụng",Phụ Sản,Exclude
5441,13.0116.0663,13.116,Phẫu thuật chấn thương tầng sinh môn,Phụ Sản,Exclude
5442,13.0117.0595,13.117,Cắt cổ tử cung trên bệnh nhân đã mổ cắt tử cung bán phần đường bụng,Phụ Sản,Exclude
5443,13.0118.0595,13.118,Cắt cổ tử cung trên bệnh nhân đã mổ cắt tử cung bán phần đường âm đạo,Phụ Sản,Exclude
5444,13.0119.0596,13.119,Cắt cổ tử cung trên bệnh nhân đã mổ cắt tử cung bán phần đường âm đạo kết hợp nội soi,Phụ Sản,Exclude
5445,13.0120.0616,13.120,Đóng rò trực tràng - âm đạo hoặc rò tiết niệu - sinh dục,Phụ Sản,Exclude
5446,13.0121.0688,13.121,Phẫu thuật nội soi buồng tử cung cắt nhân xơ tử cung dưới niêm mạc,Phụ Sản,Exclude
5447,13.0122.0688,13.122,Phẫu thuật nội soi buồng tử cung cắt Polip buồng tử cung,Phụ Sản,Exclude
5448,13.0123.0654,13.123,"Phẫu thuật cắt polip buồng tử cung (đường bụng, đường âm đạo)",Phụ Sản,Exclude
5449,13.0124.0688,13.124,Phẫu thuật nội soi buồng tử cung tách dính buồng tử cung,Phụ Sản,Exclude
5450,13.0125.0688,13.125,Phẫu thuật nội soi buồng tử cung cắt vách ngăn tử cung,Phụ Sản,Exclude
5451,13.0126.0688,13.126,Phẫu thuật nội soi buồng tử cung lấy dị vật buồng tử cung,Phụ Sản,Exclude
5452,13.0127.0637,13.127,Nội soi buồng tử cung chẩn đoán,Phụ Sản,Exclude
5453,13.0128.0636,13.128,Nội soi buồng tử cung can thiệp,Phụ Sản,Exclude
5454,13.0129.0636,13.129,Nội soi buồng tử cung + sinh thiết buồng tử cung,Phụ Sản,Exclude
5455,13.0130.0636,13.130,Nội soi buồng tử cung + nạo buồng tử cung,Phụ Sản,Exclude
5456,13.0131.0697,13.131,Phẫu thuật nội soi ổ bụng chẩn đoán các bệnh lý phụ khoa,Phụ Sản,Exclude
5457,13.0132.0685,13.132,"Phẫu thuật mở bụng thăm dò, xử trí bệnh lý phụ khoa",Phụ Sản,Exclude
5458,13.0133.0694,13.133,Phẫu thuật nội soi khâu lỗ thủng tử cung,Phụ Sản,Exclude
5459,13.0134.0667,13.134,Phẫu thuật TOT điều trị són tiểu,Phụ Sản,Exclude
5460,13.0135.0667,13.135,Phẫu thuật TVT điều trị són tiêu,Phụ Sản,Exclude
5461,13.0136.0628,13.136,"Làm lại vết mổ thành bụng (bục, tụ máu, nhiễm khuẩn...) sau phẫu thuật sản phụ khoa",Phụ Sản,Exclude
5462,13.0137.0077,13.137,"Chọc hút dịch màng bụng, màng phổi do quá kích buồng trứng",Các thủ thuật và dịch vụ Nội soi,Exclude
5463,13.0138.0718,13.138,Tiêm hóa chất tại chỗ điều trị chửa ở cổ tử cung,Phụ Sản,Exclude
5464,13.0139.0719,13.139,Tiêm nhân Chorio,Phụ Sản,Exclude
5465,13.0140.0627,13.140,Khoét chóp cổ tử cung,Phụ Sản,Exclude
5466,13.0141.0627,13.141,Cắt cụt cổ tử cung,Phụ Sản,Exclude
5467,13.0142.0717,13.142,Thủ thuật LEEP (cắt cổ tử cung bằng vòng nhiệt điện),Phụ Sản,Exclude
5468,13.0143.0655,13.143,Phẫu thuật cắt polip cổ tử cung,Phụ Sản,Exclude
5469,13.0144.0721,13.144,"Thủ thuật xoắn polip cổ tử cung, âm đạo",Phụ Sản,Exclude
5470,13.0145.0611,13.145,"Điều trị tổn thương cổ tử cung bằng đốt điện, đốt nhiệt, đốt laser, áp lạnh...",Phụ Sản,Exclude
5471,13.0146.0612,13.146,"Điều trị viêm dính tiểu khung bằng hồng ngoại, sóng ngắn",Phụ Sản,Exclude
5472,13.0147.0597,13.147,Cắt u thành âm đạo,Phụ Sản,Exclude
5473,13.0148.0630,13.148,Lấy dị vật âm đạo,Phụ Sản,Exclude
5474,13.0149.0624,13.149,Khâu rách cùng đồ âm đạo,Phụ Sản,Exclude
5475,13.0150.0724,13.150,"Làm lại thành âm đạo, tầng sinh môn",Phụ Sản,Exclude
5476,13.0151.0601,13.151,Chích áp xe tuyến Bartholin,Phụ Sản,Exclude
5477,13.0152.0589,13.152,Bóc nang tuyến Bartholin,Phụ Sản,Exclude
5478,13.0153.0603,13.153,Chích rạch màng trinh do ứ máu kinh,Phụ Sản,Exclude
5479,13.0154.0712,13.154,"Sinh thiết cổ tử cung, âm hộ, âm đạo",Phụ Sản,Exclude
5480,13.0155.0334,13.155,"Cắt, đốt sùi mào gà âm hộ, âm đạo, tầng sinh môn",Da liễu,Exclude
5481,13.0156.0639,13.156,Nong buồng tử cung đặt dụng cụ chống dính,Phụ Sản,Exclude
5482,13.0157.0619,13.157,"Hút buồng tử cung do rong kinh, rong huyết",Phụ Sản,Exclude
5483,13.0158.0634,13.158,Nạo hút thai trứng,Phụ Sản,Exclude
5484,13.0159.0609,13.159,Dẫn lưu cùng đồ Douglas,Phụ Sản,Exclude
5485,13.0160.0606,13.160,Chọc dò túi cùng Douglas,Phụ Sản,Exclude
5486,13.0162.0604,13.162,Chọc dẫn lưu dịch cổ chướng trong ung thư buồng trứng,Phụ Sản,Exclude
5487,13.0163.0602,13.163,Chích áp xe vú,Phụ Sản,Exclude
5488,13.0166.0715,13.166,Soi cổ tử cung,Phụ Sản,Exclude
5489,13.0168.0599,13.168,Cắt vú theo phương pháp Patey + vét hạch nách,Phụ Sản,Exclude
5490,13.0169.0599,13.169,Phẫu thuật cắt khối u vú ác tính + vét hạch nách,Phụ Sản,Exclude
5491,13.0170.0653,13.170,Cắt ung thư vú tiết kiệm da - tạo hình ngay,Phụ Sản,Exclude
5492,13.0172.0653,13.172,Phẫu thuật cắt một phần tuyến vú,Phụ Sản,Exclude
5493,13.0173.0714,13.173,Sinh thiết hạch gác (cửa) trong ung thư vú,Phụ Sản,Exclude
5494,13.0174.0653,13.174,Cắt u vú lành tính,Phụ Sản,Exclude
5495,13.0175.0591,13.175,Bóc nhân xơ vú,Phụ Sản,Exclude
5496,13.0176.0592,13.176,Cắt âm hộ + vét hạch bẹn hai bên,Phụ Sản,Exclude
5497,13.0177.0593,13.177,Cắt bỏ âm hộ đơn thuần,Phụ Sản,Exclude
5498,13.0178.0727,13.178,Thay máu sơ sinh,Phụ Sản,Exclude
5499,13.0182.0749,13.182,Laser điều trị bệnh lý võng mạc sơ sinh (ROP),Mắt,Exclude
5500,13.0182.0814,13.182,Laser điều trị bệnh lý võng mạc sơ sinh (ROP),Mắt,Exclude
5501,13.0183.0099,13.183,Đặt ống thông tĩnh mạch trung tâm sơ sinh,Các thủ thuật và dịch vụ Nội soi,Exclude
5502,13.0184.0605,13.184,Chọc dò màng bụng sơ sinh,Phụ Sản,Exclude
5503,13.0185.0099,13.185,Đặt ống thông tĩnh mạch rốn sơ sinh,Các thủ thuật và dịch vụ Nội soi,Exclude
5504,13.0187.0209,13.187,Hô hấp áp lực dương liên tục (CPAP) không xâm nhập ở trẻ sơ sinh (thở CPAP qua mũi),Các thủ thuật và dịch vụ Nội soi,Exclude
5505,13.0188.0083,13.188,Chọc dò tủy sống sơ sinh,Các thủ thuật và dịch vụ Nội soi,Exclude
5506,13.0191.0079,13.191,"Chọc hút dịch, khí màng phổi sơ sinh",Các thủ thuật và dịch vụ Nội soi,Exclude
5507,13.0192.0103,13.192,Đặt ống thông dạ dày (hút dịch hoặc nuôi dưỡng) sơ sinh,Các thủ thuật và dịch vụ Nội soi,Exclude
5508,13.0193.0159,13.193,Rửa dạ dày sơ sinh,Các thủ thuật và dịch vụ Nội soi,Exclude
5509,13.0195.0094,13.195,Dẫn lưu màng phổi sơ sinh,Các thủ thuật và dịch vụ Nội soi,Exclude
5510,13.0199.0211,13.199,Đặt sonde hậu môn sơ sinh,Các thủ thuật và dịch vụ Nội soi,Exclude
5511,13.0200.0074,13.200,"Bóp bóng Ambu, thổi ngạt sơ sinh",Các thủ thuật và dịch vụ Nội soi,Exclude
5512,13.0221.0695,13.221,Phẫu thuật nội soi lấy dụng cụ tử cung trong ổ bụng,Phụ Sản,Exclude
5513,13.0222.0631,13.222,Lấy dụng cụ tử cung trong ổ bụng qua đường rạch nhỏ,Phụ Sản,Exclude
5514,13.0223.0700,13.223,Phẫu thuật nội soi triệt sản nữ,Phụ Sản,Exclude
5515,13.0224.0631,13.224,Triệt sản nữ qua đường rạch nhỏ,Phụ Sản,Exclude
5516,13.0229.0643,13.229,Phá thai bằng thuốc cho tuổi thai đến hết 9 tuần,Phụ Sản,Exclude
5517,13.0230.0646,13.230,Phá thai to từ 13 tuần đến 22 tuần bằng phương pháp đặt túi nước,Phụ Sản,Exclude
5518,13.0231.0643,13.231,Phá thai bằng thuốc cho tuổi thai đến hết 8 tuần,Phụ Sản,Exclude
5519,13.0232.0647,13.232,Phá thai bằng thuốc cho tuổi thai từ 13 tuần đến hết tuần 22,Phụ Sản,Exclude
5520,13.0233.0642,13.233,Phá thai bằng phương pháp nong và gắp từ tuần thứ 13 đến hết tuần thứ 18,Phụ Sản,Exclude
5521,13.0235.0727,13.235,Phá thai người bệnh có sẹo mổ lấy thai cũ,Phụ Sản,Exclude
5522,13.0236.0697,13.236,Hút thai có kiểm soát bằng nội soi,Phụ Sản,Exclude
5523,13.0237.0620,13.237,Hút thai dưới siêu âm,Phụ Sản,Exclude
5524,13.0238.0648,13.238,Phá thai từ tuần thứ 6 đến hết 12 tuần bằng phương pháp hút chân không,Phụ Sản,Exclude
5525,13.0239.0645,13.239,Phá thai bằng thuốc cho tuổi thai đến hết 7 tuần,Phụ Sản,Exclude
5526,13.0240.0631,13.240,Hút thai + Triệt sản qua đường rạch nhỏ,Phụ Sản,Exclude
5527,13.0241.0644,13.241,Phá thai đến hết 7 tuần bằng phương pháp hút chân không,Phụ Sản,Exclude
5528,14.0002.0837,14.2,"Phẫu thuật giảm áp hốc mắt (phá thành hốc mắt, mở rộng lỗ thị giác...)",Mắt,Exclude
5529,14.0003.0858,14.3,"Vá vỡ xương hốc mắt (thành dưới, thành trong có hoặc không dùng sụn sườn)",Mắt,Exclude
5530,14.0005.0815,14.5,Phẫu thuật tán nhuyễn thể thủy tinh bằng siêu âm (Phaco) có hoặc không đặt IOL,Mắt,Exclude
5531,14.0008.0760,14.8,Phẫu thuật ghép giác mạc lần hai trở lên,Mắt,Exclude
5532,14.0010.0806,14.10,"Phẫu thuật glôcôm ác tính trên mắt độc nhất, gần mù",Mắt,Exclude
5533,14.0011.0814,14.11,Phẫu thuật bệnh võng mạc trẻ đẻ non,Mắt,Exclude
5534,14.0012.0853,14.12,Tháo dầu Silicon nội nhãn,Mắt,Exclude
5535,14.0013.0853,14.13,"Bơm dầu Silicon, khí bổ sung sau PT cắt DK điều trị BVM",Mắt,Exclude
5536,14.0014.0733,14.14,Cắt dịch kính có hoặc không laser nội nhãn,Mắt,Exclude
5537,14.0015.0806,14.15,"Cắt dịch kính, bóc màng trước võng mạc",Mắt,Exclude
5538,14.0016.0806,14.16,"Cắt dịch kính, khí nội nhãn điều trị lỗ hoàng điểm",Mắt,Exclude
5539,14.0017.0733,14.17,Cắt dịch kính + laser nội nhãn + lấy dị vật nội nhãn,Mắt,Exclude
5540,14.0018.0733,14.18,Cắt dịch kính lấy ấu trùng sán trong buồng dịch kính,Mắt,Exclude
5541,14.0019.0733,14.19,Cắt dịch kính điều trị viêm mủ nội nhãn,Mắt,Exclude
5542,14.0020.0733,14.20,Cắt dịch kính điều trị tổ chức hóa dịch kính,Mắt,Exclude
5543,14.0021.0733,14.21,Cắt dịch kính điều trị tồn lưu dịch kính nguyên thủy,Mắt,Exclude
5544,14.0022.0806,14.22,"Phẫu thuật bong võng mạc, cắt dịch kính có hoặc không laser nội nhãn, có hoặc không dùng dầu/khí nội nhãn",Mắt,Exclude
5545,14.0023.0803,14.23,Phẫu thuật bong võng mạc theo phương pháp kinh điển,Mắt,Exclude
5546,14.0024.0831,14.24,Tháo đai độn củng mạc,Mắt,Exclude
5547,14.0025.0735,14.25,Điều trị glôcôm bằng laser mống mắt chu biên,Mắt,Exclude
5548,14.0026.0735,14.26,Điều trị glôcôm bằng tạo hình mống mắt (Iridoplasty),Mắt,Exclude
5549,14.0027.0735,14.27,Điều trị glôcôm bằng tạo hình vùng bè (Trabeculoplasty),Mắt,Exclude
5550,14.0028.0840,14.28,Điều trị glôcôm bằng quang đông thể mi,Mắt,Exclude
5551,14.0029.0749,14.29,"Điều trị một số bệnh võng mạc bằng laser (bệnh võng mạc tiểu đường, cao huyết áp, trẻ đẻ non…)",Mắt,Exclude
5552,14.0030.0749,14.30,Laser điều trị U nguyên bào võng mạc,Mắt,Exclude
5553,14.0031.0775,14.31,Lạnh đông điều trị ung thư võng mạc,Mắt,Exclude
5554,14.0032.0787,14.32,Mở bao sau đục bằng laser,Mắt,Exclude
5555,14.0033.0748,14.33,Điều trị laser hồng ngoại,Mắt,Exclude
5556,14.0037.0763,14.37,Bóc biểu mô giác mạc (xâm nhập dưới vạt) sau phẫu thuật Lasik,Mắt,Exclude
5557,14.0042.0811,14.42,"Lấy thể thủy tinh sa, lệch trong bao phối hợp cắt dịch kính có hoặc không cố định IOL",Mắt,Exclude
5558,14.0043.0811,14.43,"Cắt thể thủy tinh, dịch kính có hoặc không cố định IOL",Mắt,Exclude
5559,14.0044.0833,14.44,Phẫu thuật lấy thể thủy tinh ngoài bao có hoặc không đặt IOL,Mắt,Exclude
5560,14.0045.0832,14.45,Phẫu thuật thể thủy tinh bằng phaco và femtosecond có hoặc không đặt IOL,Mắt,Exclude
5561,14.0046.0812,14.46,Phẫu thuật đặt thể thủy tinh nhân tạo (IOL) thì 2 (không cắt dịch kính),Mắt,Exclude
5562,14.0047.0860,14.47,"Phẫu thuật chỉnh, xoay, lấy IOL có hoặc không cắt DK",Mắt,Exclude
5563,14.0049.0733,14.49,Phẫu thuật cố định IOL thì hai + cắt dịch kính,Mắt,Exclude
5564,14.0050.0807,14.50,"Cắt màng xuất tiết diện đồng tử, cắt màng đồng tử",Mắt,Exclude
5565,14.0051.0804,14.51,Mở bao sau bằng phẫu thuật,Mắt,Exclude
5566,14.0052.0735,14.52,Cắt chỉ bằng laser,Mắt,Exclude
5567,14.0053.0760,14.53,Ghép giác mạc xuyên,Mắt,Exclude
5568,14.0054.0760,14.54,Ghép giác mạc lớp,Mắt,Exclude
5569,14.0055.0760,14.55,Ghép giác mạc có vành củng mạc,Mắt,Exclude
5570,14.0056.0760,14.56,Ghép giác mạc tự thân,Mắt,Exclude
5571,14.0057.0760,14.57,Ghép nội mô giác mạc,Mắt,Exclude
5572,14.0058.0850,14.58,Ghép củng mạc,Mắt,Exclude
5573,14.0059.0760,14.59,Ghép giác mạc nhân tạo,Mắt,Exclude
5574,14.0061.0802,14.61,Nối thông lệ mũi có hoặc không đặt ống Silicon có hoặc không áp thuốc chống chuyển hóa,Mắt,Exclude
5575,14.0062.0802,14.62,Nối thông lệ mũi nội soi,Mắt,Exclude
5576,14.0063.0862,14.63,Phẫu thuật mở rộng điểm lệ,Mắt,Exclude
5577,14.0064.0802,14.64,Phẫu thuật đặt ống Silicon lệ quản – ống lệ mũi,Mắt,Exclude
5578,14.0065.0824,14.65,"Phẫu thuật mộng có ghép (kết mạc rời tự thân, màng ối...) có hoặc không áp thuốc chống chuyển hoá",Mắt,Exclude
5579,14.0065.0808,14.65,"Phẫu thuật mộng có ghép (kết mạc rời tự thân, màng ối...) có hoặc không áp thuốc chống chuyển hoá",Mắt,Exclude
5580,14.0065.0809,14.65,"Phẫu thuật mộng có ghép (kết mạc rời tự thân, màng ối...) có hoặc không áp thuốc chống chuyển hoá",Mắt,Exclude
5581,14.0066.0808,14.66,"Phẫu thuật mộng có ghép (kết mạc tự thân, màng ối...) có hoặc không sử dụng keo dán sinh học",Mắt,Exclude
5582,14.0066.0809,14.66,"Phẫu thuật mộng có ghép (kết mạc tự thân, màng ối...) có hoặc không sử dụng keo dán sinh học",Mắt,Exclude
5583,14.0066.0824,14.66,"Phẫu thuật mộng có ghép (kết mạc tự thân, màng ối...) có hoặc không sử dụng keo dán sinh học",Mắt,Exclude
5584,14.0067.0762,14.67,Phẫu thuật ghép màng sinh học bề mặt nhãn cầu,Mắt,Exclude
5585,14.0068.0763,14.68,Gọt giác mạc đơn thuần,Mắt,Exclude
5586,14.0069.0761,14.69,"Ghép màng ối, kết mạc điều trị loét, thủng giác mạc",Mắt,Exclude
5587,14.0070.0850,14.70,"Tách dính mi cầu, ghép kết mạc rời hoặc màng ối",Mắt,Exclude
5588,14.0071.0781,14.71,Lấy dị vật hốc mắt,Mắt,Exclude
5589,14.0072.0781,14.72,Lấy dị vật trong củng mạc,Mắt,Exclude
5590,14.0073.0783,14.73,Lấy dị vật tiền phòng,Mắt,Exclude
5591,14.0074.0733,14.74,Lấy dị vật nội nhãn bằng nam châm,Mắt,Exclude
5592,14.0075.0807,14.75,Cắt mống mắt quang học có hoặc không tách dính phức tạp,Mắt,Exclude
5593,14.0076.0828,14.76,"Vá da, niêm mạc tạo cùng đồ có hoặc không tách dính mi cầu",Mắt,Exclude
5594,14.0077.0828,14.77,Cố định màng xương tạo cùng đồ,Mắt,Exclude
5595,14.0078.0828,14.78,Cố định bao Tenon tạo cùng đồ dưới,Mắt,Exclude
5596,14.0079.0827,14.79,Tái tạo lệ quản kết hợp khâu mi,Mắt,Exclude
5597,14.0080.0847,14.80,Sinh thiết tổ chức mi,Mắt,Exclude
5598,14.0081.0847,14.81,Sinh thiết tổ chức hốc mắt,Mắt,Exclude
5599,14.0082.0847,14.82,Sinh thiết tổ chức kết mạc,Mắt,Exclude
5600,14.0083.0836,14.83,Cắt u da mi không ghép,Mắt,Exclude
5601,14.0084.0836,14.84,Cắt u mi cả bề dày không ghép,Mắt,Exclude
5602,14.0085.0834,14.85,"Cắt u da mi có trượt lông mi, vạt da, hay ghép da",Mắt,Exclude
5603,14.0086.0834,14.86,Cắt u mi cả bề dày ghép sụn kết mạc và chuyển vạt da,Mắt,Exclude
5604,14.0087.0859,14.87,Cắt u mi cả bề dày ghép niêm mạc cứng của vòm miệng và chuyển vạt da,Mắt,Exclude
5605,14.0088.0736,14.88,Cắt u kết mạc có hoặc không u giác mạc không ghép,Mắt,Exclude
5606,14.0089.0736,14.89,"Cắt u kết mạc, giác mạc có ghép kết mạc, màng ối hoặc giác mạc",Mắt,Exclude
5607,14.0090.0860,14.90,Cắt u tiền phòng,Mắt,Exclude
5608,14.0091.0859,14.91,Cắt u hậu phòng,Mắt,Exclude
5609,14.0092.0865,14.92,Tiêm coctison điều trị u máu,Mắt,Exclude
5610,14.0093.0865,14.93,Điều trị u máu bằng hoá chất,Mắt,Exclude
5611,14.0094.0786,14.94,"Áp lạnh điều trị u máu mi, kết mạc, hốc mắt",Mắt,Exclude
5612,14.0095.0776,14.95,"Laser điều trị u máu mi, kết mạc, hốc mắt",Mắt,Exclude
5613,14.0096.0837,14.96,Cắt u hốc mắt có hoặc không mở xương hốc mắt,Mắt,Exclude
5614,14.0097.0837,14.97,Nạo vét tổ chức hốc mắt,Mắt,Exclude
5615,14.0098.0739,14.98,Chích mủ mắt,Mắt,Exclude
5616,14.0099.0861,14.99,Ghép mỡ điều trị lõm mắt,Mắt,Exclude
5617,14.0100.0800,14.100,Đặt sụn sườn vào dưới màng xương điều trị lõm mắt,Mắt,Exclude
5618,14.0101.0800,14.101,Đặt bản Silicon điều trị lõm mắt,Mắt,Exclude
5619,14.0102.0800,14.102,Nâng sàn hốc mắt,Mắt,Exclude
5620,14.0105.0835,14.105,Cố định tuyến lệ chính điều trị sa tuyến lệ chính,Mắt,Exclude
5621,14.0106.0768,14.106,Đóng lỗ dò đường lệ,Mắt,Exclude
5622,14.0106.0769,14.106,Đóng lỗ dò đường lệ,Mắt,Exclude
5623,14.0107.0827,14.107,Tạo hình đường lệ có hoặc không điểm lệ,Mắt,Exclude
5624,14.0108.0820,14.108,"Phẫu thuật lác phức tạp (di thực cơ, phẫu thuật cơ chéo, Faden…)",Mắt,Exclude
5625,14.0109.0818,14.109,Phẫu thuật lác thông thường,Mắt,Exclude
5626,14.0109.0819,14.109,Phẫu thuật lác thông thường,Mắt,Exclude
5627,14.0110.0818,14.110,Phẫu thuật lác có chỉnh chỉ,Mắt,Exclude
5628,14.0110.0819,14.110,Phẫu thuật lác có chỉnh chỉ,Mắt,Exclude
5629,14.0111.0075,14.111,Cắt chỉ sau phẫu thuật lác,Các thủ thuật và dịch vụ Nội soi,Exclude
5630,14.0112.0075,14.112,Cắt chỉ sau phẫu thuật sụp mi,Các thủ thuật và dịch vụ Nội soi,Exclude
5631,14.0113.0862,14.113,Chỉnh chỉ sau mổ lác,Mắt,Exclude
5632,14.0114.0820,14.114,Phẫu thuật đính chỗ bám cơ vào dây chằng mi điều trị lác liệt,Mắt,Exclude
5633,14.0115.0862,14.115,Sửa sẹo sau mổ lác,Mắt,Exclude
5634,14.0116.0075,14.116,"Cắt chỉ sau phẫu thuật lác, sụp mi",Các thủ thuật và dịch vụ Nội soi,Exclude
5635,14.0118.0826,14.118,Phẫu thuật rút ngắn cơ nâng mi trên điều trị sụp mi,Mắt,Exclude
5636,14.0119.0826,14.119,Phẫu thuật gấp cân cơ nâng mi trên điều trị sụp mi,Mắt,Exclude
5637,14.0120.0826,14.120,"Phẫu thuật treo mi - cơ trán (bằng Silicon, cân cơ đùi…) điều trị sụp mi",Mắt,Exclude
5638,14.0121.0860,14.121,"Phẫu thuật hạ mi trên (chỉnh chỉ, lùi cơ nâng mi …)",Mắt,Exclude
5639,14.0122.0826,14.122,Cắt cơ Muller,Mắt,Exclude
5640,14.0123.0861,14.123,Lùi cơ nâng mi,Mắt,Exclude
5641,14.0124.0838,14.124,Vá da tạo hình mi,Mắt,Exclude
5642,14.0125.0829,14.125,Phẫu thuật tạo hình nếp mi,Mắt,Exclude
5643,14.0125.0830,14.125,Phẫu thuật tạo hình nếp mi,Mắt,Exclude
5644,14.0126.0829,14.126,Phẫu thuật tạo hình hạ thấp hay nâng nếp mi,Mắt,Exclude
5645,14.0126.0830,14.126,Phẫu thuật tạo hình hạ thấp hay nâng nếp mi,Mắt,Exclude
5646,14.0128.0826,14.128,Kéo dài cân cơ nâng mi,Mắt,Exclude
5647,14.0129.0575,14.129,Ghép da hay vạt da điều trị hở mi do sẹo,Ngoại khoa,Exclude
5648,14.0130.0817,14.130,"Phẫu thuật làm hẹp khe mi, rút ngắn dây chằng mi ngoài, mi trong điều trị hở mi do liệt dây VII",Mắt,Exclude
5649,14.0131.0826,14.131,Phẫu thuật cắt cơ Muller có hoặc không cắt cân cơ nâng mi điều trị hở mi,Mắt,Exclude
5650,14.0132.0838,14.132,Phẫu thuật điều trị lật mi dưới có hoặc không ghép,Mắt,Exclude
5651,14.0134.0861,14.134,Di thực hàng lông mi,Mắt,Exclude
5652,14.0135.0816,14.135,Phẫu thuật Epicanthus,Mắt,Exclude
5653,14.0136.0817,14.136,Phẫu thuật mở rộng khe mi,Mắt,Exclude
5654,14.0137.0817,14.137,Phẫu thuật hẹp khe mi,Mắt,Exclude
5655,14.0141.0816,14.141,Điều trị di lệch góc mắt,Mắt,Exclude
5656,14.0143.0740,14.143,"Phẫu thuật điều trị bong hắc mạc: Chọc hút dịch bong dưới hắc mạc, bơm hơi tiền phòng",Mắt,Exclude
5657,14.0144.0775,14.144,Lạnh đông đơn thuần phòng bong võng mạc,Mắt,Exclude
5658,14.0145.0810,14.145,Phẫu thuật cắt mống mắt chu biên,Mắt,Exclude
5659,14.0146.0860,14.146,"Tạo hình mống mắt (khâu mống mắt, chân mống mắt...)",Mắt,Exclude
5660,14.0147.0731,14.147,Cắt bè sử dụng thuốc chống chuyển hoá hoặc chất antiVEGF,Mắt,Exclude
5661,14.0148.0805,14.148,Cắt củng mạc sâu có hoặc không áp thuốc chống chuyển hóa,Mắt,Exclude
5662,14.0149.0841,14.149,Mở góc tiền phòng,Mắt,Exclude
5663,14.0150.0805,14.150,Mở bè có hoặc không cắt bè,Mắt,Exclude
5664,14.0151.0813,14.151,Đặt ống Silicon tiền phòng điều trị glôcôm,Mắt,Exclude
5665,14.0152.0813,14.152,Đặt ống tiền phòng điều trị glôcôm (Đặt shunt mini Express),Mắt,Exclude
5666,14.0153.0813,14.153,Đặt van dẫn lưu tiền phòng điều trị glôcôm,Mắt,Exclude
5667,14.0154.0853,14.154,"Rút van dẫn lưu,ống Silicon tiền phòng",Mắt,Exclude
5668,14.0155.0762,14.155,"Sửa vá sẹo bọng bằng kết mạc, màng ối, củng mạc",Mắt,Exclude
5669,14.0156.0778,14.156,Sửa sẹo bọng bằng kim (Phâu thuật needling),Mắt,Exclude
5670,14.0157.0863,14.157,"Chọc hút dịch kính, tiền phòng lấy bệnh phẩm",Mắt,Exclude
5671,14.0158.0851,14.158,"Tiêm nội nhãn (Kháng sinh, antiVEGF, corticoid...)",Mắt,Exclude
5672,14.0159.0857,14.159,Tiêm nhu mô giác mạc,Mắt,Exclude
5673,14.0160.0786,14.160,áp tia bêta điều trị các bệnh lý kết mạc,Mắt,Exclude
5674,14.0161.0748,14.161,Tập nhược thị,Mắt,Exclude
5675,14.0162.0796,14.162,"Rửa tiền phòng (máu, xuất tiết, mủ, hóa chất...)",Mắt,Exclude
5676,14.0163.0796,14.163,Rửa chất nhân tiền phòng,Mắt,Exclude
5677,14.0164.0732,14.164,Cắt bỏ túi lệ,Mắt,Exclude
5678,14.0165.0823,14.165,Phẫu thuật mộng đơn thuần,Mắt,Exclude
5679,14.0166.0780,14.166,Lấy dị vật giác mạc sâu,Mắt,Exclude
5680,14.0166.0777,14.166,Lấy dị vật giác mạc sâu,Mắt,Exclude
5681,14.0166.0778,14.166,Lấy dị vật giác mạc sâu,Mắt,Exclude
5682,14.0167.0738,14.167,Cắt bỏ chắp có bọc,Mắt,Exclude
5683,14.0168.0764,14.168,"Khâu cò mi, tháo cò",Mắt,Exclude
5684,14.0169.0738,14.169,Chích dẫn lưu túi lệ,Mắt,Exclude
5685,14.0171.0769,14.171,Khâu da mi đơn giản,Mắt,Exclude
5686,14.0172.0772,14.172,Khâu phục hồi bờ mi,Mắt,Exclude
5687,14.0173.0575,14.173,Ghép da dị loại,Ngoại khoa,Exclude
5688,14.0174.0773,14.174,"Xử lý vết thương phần mềm, tổn thương nông vùng mắt",Mắt,Exclude
5689,14.0175.0839,14.175,Khâu phủ kết mạc,Mắt,Exclude
5690,14.0176.0771,14.176,Khâu giác mạc,Mắt,Exclude
5691,14.0176.0770,14.176,Khâu giác mạc,Mắt,Exclude
5692,14.0177.0767,14.177,Khâu củng mạc,Mắt,Exclude
5693,14.0177.0765,14.177,Khâu củng mạc,Mắt,Exclude
5694,14.0178.0767,14.178,"Thăm dò, khâu vết thương củng mạc",Mắt,Exclude
5695,14.0179.0770,14.179,"Khâu lại mép mổ giác mạc, củng mạc",Mắt,Exclude
5696,14.0180.0805,14.180,Cắt bè củng giác mạc (Trabeculectomy),Mắt,Exclude
5697,14.0181.0775,14.181,Lạnh đông thể mi,Mắt,Exclude
5698,14.0182.0746,14.182,Điện đông thể mi,Mắt,Exclude
5699,14.0183.0796,14.183,Bơm hơi / khí tiền phòng,Mắt,Exclude
5700,14.0184.0774,14.184,Cắt bỏ nhãn cầu có hoặc không cắt thị thần kinh dài,Mắt,Exclude
5701,14.0185.0798,14.185,Múc nội nhãn,Mắt,Exclude
5702,14.0186.0774,14.186,Cắt thị thần kinh,Mắt,Exclude
5703,14.0187.0789,14.187,Phẫu thuật quặm,Mắt,Exclude
5704,14.0187.0790,14.187,Phẫu thuật quặm,Mắt,Exclude
5705,14.0187.0788,14.187,Phẫu thuật quặm,Mắt,Exclude
5706,14.0187.0791,14.187,Phẫu thuật quặm,Mắt,Exclude
5707,14.0187.0792,14.187,Phẫu thuật quặm,Mắt,Exclude
5708,14.0187.0793,14.187,Phẫu thuật quặm,Mắt,Exclude
5709,14.0187.0794,14.187,Phẫu thuật quặm,Mắt,Exclude
5710,14.0187.0795,14.187,Phẫu thuật quặm,Mắt,Exclude
5711,14.0188.0788,14.188,Phẫu thuật quặm tái phát,Mắt,Exclude
5712,14.0188.0789,14.188,Phẫu thuật quặm tái phát,Mắt,Exclude
5713,14.0188.0790,14.188,Phẫu thuật quặm tái phát,Mắt,Exclude
5714,14.0188.0791,14.188,Phẫu thuật quặm tái phát,Mắt,Exclude
5715,14.0188.0792,14.188,Phẫu thuật quặm tái phát,Mắt,Exclude
5716,14.0188.0793,14.188,Phẫu thuật quặm tái phát,Mắt,Exclude
5717,14.0188.0794,14.188,Phẫu thuật quặm tái phát,Mắt,Exclude
5718,14.0188.0795,14.188,Phẫu thuật quặm tái phát,Mắt,Exclude
5719,14.0189.0789,14.189,Phẫu thuật quặm bằng ghép niêm mạc môi (Sapejko),Mắt,Exclude
5720,14.0191.0789,14.191,Mổ quặm bẩm sinh,Mắt,Exclude
5721,14.0192.0075,14.192,Cắt chỉ khâu giác mạc,Các thủ thuật và dịch vụ Nội soi,Exclude
5722,14.0193.0856,14.193,Tiêm dưới kết mạc,Mắt,Exclude
5723,14.0194.0857,14.194,Tiêm cạnh nhãn cầu,Mắt,Exclude
5724,14.0195.0857,14.195,Tiêm hậu nhãn cầu,Mắt,Exclude
5725,14.0197.0855,14.197,Bơm thông lệ đạo,Mắt,Exclude
5726,14.0197.0854,14.197,Bơm thông lệ đạo,Mắt,Exclude
5727,14.0198.0784,14.198,Lấy máu làm huyết thanh,Mắt,Exclude
5728,14.0199.0745,14.199,Điện di điều trị,Mắt,Exclude
5729,14.0200.0782,14.200,Lấy dị vật kết mạc,Mắt,Exclude
5730,14.0201.0769,14.201,Khâu kết mạc,Mắt,Exclude
5731,14.0202.0785,14.202,Lấy calci kết mạc,Mắt,Exclude
5732,14.0203.0075,14.203,Cắt chỉ khâu da mi đơn giản,Các thủ thuật và dịch vụ Nội soi,Exclude
5733,14.0204.0075,14.204,Cắt chỉ khâu kết mạc,Các thủ thuật và dịch vụ Nội soi,Exclude
5734,14.0205.0759,14.205,"Đốt lông xiêu, nhổ lông siêu",Mắt,Exclude
5735,14.0206.0730,14.206,Bơm rửa lệ đạo,Mắt,Exclude
5736,14.0207.0738,14.207,"Chích chắp, lẹo, nang lông mi, chích áp xe mi, kết mạc",Mắt,Exclude
5737,14.0210.0799,14.210,"Nặn tuyến bờ mi, đánh bờ mi",Mắt,Exclude
5738,14.0211.0842,14.211,Rửa cùng đồ,Mắt,Exclude
5739,14.0212.0864,14.212,Cấp cứu bỏng mắt ban đầu,Mắt,Exclude
5740,14.0213.0778,14.213,Bóc sợi giác mạc (Viêm giác mạc sợi),Mắt,Exclude
5741,14.0214.0778,14.214,Bóc giả mạc,Mắt,Exclude
5742,14.0215.0505,14.215,Rạch áp xe mi,Ngoại khoa,Exclude
5743,14.0216.0505,14.216,Rạch áp xe túi lệ,Ngoại khoa,Exclude
5744,14.0218.0849,14.218,Soi đáy mắt trực tiếp,Mắt,Exclude
5745,14.0219.0849,14.219,Soi đáy mắt bằng kính 3 mặt gương,Mắt,Exclude
5746,14.0220.0849,14.220,Soi đáy mắt bằng Schepens,Mắt,Exclude
5747,14.0221.0849,14.221,Soi góc tiền phòng,Mắt,Exclude
5748,14.0222.0801,14.222,Theo dõi nhãn áp 3 ngày,Mắt,Exclude
5749,14.0224.0751,14.224,Đo thị giác tương phản,Mắt,Exclude
5750,14.0226.0371,14.226,Cắt u hốc mắt bằng đường xuyên sọ,Ngoại khoa,Exclude
5751,14.0227.0834,14.227,Cắt ung thư da vùng mi mắt trên và tạo hình,Mắt,Exclude
5752,14.0230.0838,14.230,Phẫu thuật phục hồi trễ mi dưới,Mắt,Exclude
5753,14.0231.0337,14.231,Phẫu thuật chuyển gân điều trị mắt hở mi (2 mắt),Da liễu,Exclude
5754,14.0235.0828,14.235,Phẫu thuật tạo cùng đồ để lắp mắt giả,Mắt,Exclude
5755,14.0238.0029,14.238,Chụp khu trú dị vật nội nhãn,Chụp Xquang số hóa,Exclude
5756,14.0238.0028,14.238,Chụp khu trú dị vật nội nhãn,Chụp Xquang số hóa,Exclude
5757,14.0238.0010,14.238,Chụp khu trú dị vật nội nhãn,Chụp X-quang thường,Exclude
5758,14.0238.0011,14.238,Chụp khu trú dị vật nội nhãn,Chụp X-quang thường,Exclude
5759,14.0239.0028,14.239,Chụp lỗ thị giác,Chụp Xquang số hóa,Exclude
5760,14.0239.0010,14.239,Chụp lỗ thị giác,Chụp X-quang thường,Exclude
5761,14.0239.0011,14.239,Chụp lỗ thị giác,Chụp X-quang thường,Exclude
5762,14.0239.0029,14.239,Chụp lỗ thị giác,Chụp Xquang số hóa,Exclude
5763,14.0240.0845,14.240,Siêu âm mắt (siêu âm thường qui),Mắt,Exclude
5764,14.0241.0864,14.241,Đo lưu huyết mạch máu đáy mắt bằng dople,Mắt,Exclude
5765,14.0242.0015,14.242,Chụp OCT bán phần trước nhãn cầu,Chụp X-quang thường,Exclude
5766,14.0243.0015,14.243,Chụp OCT bán phần sau nhãn cầu,Chụp X-quang thường,Exclude
5767,14.0244.0015,14.244,Chụp đáy mắt không huỳnh quang,Chụp X-quang thường,Exclude
5768,14.0245.0864,14.245,Chụp đáy mắt RETCAM,Mắt,Exclude
5769,14.0246.0742,14.246,Chụp mạch với ICG,Mắt,Exclude
5770,14.0247.0864,14.247,Đo lưu huyết mạch máu đáy mắt bằng dople màu,Mắt,Exclude
5771,14.0248.0864,14.248,Chụp đĩa thị 3D,Mắt,Exclude
5772,14.0249.0844,14.249,Siêu âm bán phần trước,Mắt,Exclude
5773,14.0250.0852,14.250,Test thử cảm giác giác mạc,Mắt,Exclude
5774,14.0251.0852,14.251,Test phát hiện khô mắt,Mắt,Exclude
5775,14.0252.0801,14.252,Nghiệm pháp phát hiện glôcôm,Mắt,Exclude
5776,14.0253.0757,14.253,"Đo thị trường trung tâm, thị trường ám điểm",Mắt,Exclude
5777,14.0254.0757,14.254,Đo thị trường chu biên,Mắt,Exclude
5778,14.0255.0755,14.255,"Đo nhãn áp (Maclakov, Goldmann, Schiotz…..)",Mắt,Exclude
5779,14.0256.0843,14.256,Đo sắc giác,Mắt,Exclude
5780,14.0257.0848,14.257,Đo khúc xạ khách quan (soi bóng đồng tử - Skiascope),Mắt,Exclude
5781,14.0258.0754,14.258,Đo khúc xạ máy,Mắt,Exclude
5782,14.0259.0753,14.259,Đo khúc xạ giác mạc Javal,Mắt,Exclude
5783,14.0262.0751,14.262,Đo độ lác,Mắt,Exclude
5784,14.0263.0751,14.263,Xác định sơ đồ song thị,Mắt,Exclude
5785,14.0264.0751,14.264,Đo biên độ điều tiết,Mắt,Exclude
5786,14.0265.0751,14.265,Đo thị giác 2 mắt,Mắt,Exclude
5787,14.0266.0865,14.266,Đo độ sâu tiền phòng,Mắt,Exclude
5788,14.0267.0750,14.267,Đo độ dày giác mạc,Mắt,Exclude
5789,14.0268.0752,14.268,Đo đường kính giác mạc,Mắt,Exclude
5790,14.0269.0750,14.269,Đếm tế bào nội mô giác mạc,Mắt,Exclude
5791,14.0270.0750,14.270,Chụp bản đồ giác mạc,Mắt,Exclude
5792,14.0271.0865,14.271,Đo độ bền cơ sinh học giác mạc (Đo ORA),Mắt,Exclude
5793,14.0272.0744,14.272,Điện chẩm kích thích,Mắt,Exclude
5794,14.0273.0747,14.273,Điện võng mạc,Mắt,Exclude
5795,14.0274.0747,14.274,Điện nhãn cầu,Mắt,Exclude
5796,14.0275.0758,14.275,Đo công suất thể thuỷ tinh nhân tạo bằng siêu âm,Mắt,Exclude
5797,14.0276.0752,14.276,Đo độ lồi,Mắt,Exclude
5798,14.0277.0865,14.277,Test thử nhược cơ,Mắt,Exclude
5799,14.0278.0865,14.278,Test kéo cơ cưỡng bức,Mắt,Exclude
5800,14.0290.0212,14.290,"Tiêm trong da, tiêm dưới da, tiêm bắp thịt",Các thủ thuật và dịch vụ Nội soi,Exclude
5801,14.0291.0212,14.291,"Tiêm tĩnh mạch, truyền tĩnh mạch",Các thủ thuật và dịch vụ Nội soi,Exclude
5802,14.0292.0742,14.292,Chụp mạch ký huỳnh quang,Mắt,Exclude
5803,14.0293.0002,14.293,Siêu âm + đo trục nhãn cầu,Siêu âm,Exclude
5804,14.0294.0015,14.294,Chụp Angiography mắt,Chụp X-quang thường,Exclude
5805,19.0001.1830,19.1,SPECT não với ⁹⁹ᵐTc Pertechnetate,Thăm dò bằng đồng vị phóng xạ,Exclude
5806,19.0002.1830,19.2,SPECT não với ⁹⁹ᵐTc - ECD,Thăm dò bằng đồng vị phóng xạ,Exclude
5807,19.0003.1830,19.3,SPECT não với ⁹⁹ᵐTc - DTPA,Thăm dò bằng đồng vị phóng xạ,Exclude
5808,19.0004.1830,19.4,SPECT não với ⁹⁹ᵐTc - HMPAO,Thăm dò bằng đồng vị phóng xạ,Exclude
5809,19.0005.1830,19.5,SPECT não với ¹¹¹In - octreotide,Thăm dò bằng đồng vị phóng xạ,Exclude
5810,19.0006.1833,19.6,SPECT tuyến cận giáp với đồng vị phóng xạ kép,Thăm dò bằng đồng vị phóng xạ,Exclude
5811,19.0007.1832,19.7,SPECT tưới máu cơ tim gắng sức với ⁹⁹ᵐTc – MIBI,Thăm dò bằng đồng vị phóng xạ,Exclude
5812,19.0008.1832,19.8,SPECT tưới máu cơ tim gắng sức với ²⁰¹Tl,Thăm dò bằng đồng vị phóng xạ,Exclude
5813,19.0009.1832,19.9,SPECT tưới máu cơ tim gắng sức với ⁹⁹ᵐTc –Tetrofosmin,Thăm dò bằng đồng vị phóng xạ,Exclude
5814,19.0010.1832,19.10,SPECT tưới máu cơ tim gắng sức với ⁹⁹ᵐTc – Sestamibi,Thăm dò bằng đồng vị phóng xạ,Exclude
5815,19.0011.1832,19.11,SPECT tưới máu cơ tim gắng sức với ⁹⁹ᵐTc – Teboroxime (Cardiotec),Thăm dò bằng đồng vị phóng xạ,Exclude
5816,19.0012.1832,19.12,SPECT tưới máu cơ tim gắng sức với ⁹⁹ᵐTcN-NOEt,Thăm dò bằng đồng vị phóng xạ,Exclude
5817,19.0013.1832,19.13,SPECT tưới máu cơ tim gắng sức với ⁹⁹ᵐTc – Furifosmin,Thăm dò bằng đồng vị phóng xạ,Exclude
5818,19.0014.1832,19.14,SPECT tưới máu cơ tim gắng sức với I¹²³-IPPA,Thăm dò bằng đồng vị phóng xạ,Exclude
5819,19.0015.1832,19.15,SPECT tưới máu cơ tim gắng sức với I¹²³-BMIPP,Thăm dò bằng đồng vị phóng xạ,Exclude
5820,19.0016.1832,19.16,SPECT tưới máu cơ tim không gắng sức với ⁹⁹ᵐTc – MIBI,Thăm dò bằng đồng vị phóng xạ,Exclude
5821,19.0017.1832,19.17,SPECT tưới máu cơ tim không gắng sức với ⁹⁹ᵐTc –Tetrofosmin,Thăm dò bằng đồng vị phóng xạ,Exclude
5822,19.0018.1832,19.18,SPECT tưới máu cơ tim không gắng sức với ⁹⁹ᵐTc – Sestamibi,Thăm dò bằng đồng vị phóng xạ,Exclude
5823,19.0019.1832,19.19,SPECT tưới máu cơ tim không gắng sức với ⁹⁹ᵐTc – Teboroxime (Cardiotec),Thăm dò bằng đồng vị phóng xạ,Exclude
5824,19.0020.1832,19.20,SPECT tưới máu cơ tim không gắng sức với ⁹⁹ᵐTcN-NOEt,Thăm dò bằng đồng vị phóng xạ,Exclude
5825,19.0021.1832,19.21,SPECT tưới máu cơ tim không gắng sức với ⁹⁹ᵐTc – Furifosmin,Thăm dò bằng đồng vị phóng xạ,Exclude
5826,19.0022.1832,19.22,SPECT tưới máu cơ tim không gắng sức với I¹²³-IPPA,Thăm dò bằng đồng vị phóng xạ,Exclude
5827,19.0023.1832,19.23,SPECT tưới máu cơ tim không gắng sức với I¹²³-BMIPP,Thăm dò bằng đồng vị phóng xạ,Exclude
5828,19.0024.1832,19.24,SPECT tưới máu cơ tim không gắng sức với ²⁰¹Tl,Thăm dò bằng đồng vị phóng xạ,Exclude
5829,19.0025.1832,19.25,SPECT chức năng tim pha sớm,Thăm dò bằng đồng vị phóng xạ,Exclude
5830,19.0026.1832,19.26,SPECT chức năng tim pha sớm với ⁹⁹ᵐTc – Pertechnetate,Thăm dò bằng đồng vị phóng xạ,Exclude
5831,19.0027.1832,19.27,SPECT chức năng tim pha sớm với ⁹⁹ᵐTc – Sestamibi,Thăm dò bằng đồng vị phóng xạ,Exclude
5832,19.0028.1832,19.28,SPECT chức năng tim pha sớm với ⁹⁹ᵐTc – Tetrofosmin,Thăm dò bằng đồng vị phóng xạ,Exclude
5833,19.0029.1832,19.29,SPECT đánh giá chức năng tim bằng hồng cầu đánh dấu ⁹⁹ᵐTc,Thăm dò bằng đồng vị phóng xạ,Exclude
5834,19.0030.1832,19.30,"SPECT đánh giá chức năng tim bằng hồng cầu đánh dấu ⁹⁹ᵐTc, pha nghỉ",Thăm dò bằng đồng vị phóng xạ,Exclude
5835,19.0031.1832,19.31,"SPECT đánh giá chức năng tim bằng hồng cầu đánh dấu ⁹⁹ᵐTc, pha gắng sức",Thăm dò bằng đồng vị phóng xạ,Exclude
5836,19.0032.1832,19.32,SPECT nhồi máu cơ tim với ¹¹¹In – kháng thể kháng cơ tim,Thăm dò bằng đồng vị phóng xạ,Exclude
5837,19.0033.1832,19.33,SPECT nhồi máu cơ tim với ⁹⁹ᵐTc – Stannous pyrophosphate (PYP),Thăm dò bằng đồng vị phóng xạ,Exclude
5838,19.0034.1830,19.34,SPECT gan,Thăm dò bằng đồng vị phóng xạ,Exclude
5839,19.0035.1830,19.35,SPECT thận,Thăm dò bằng đồng vị phóng xạ,Exclude
5840,19.0036.1832,19.36,SPECT tuyến thượng thận với I¹³¹-MIBG,Thăm dò bằng đồng vị phóng xạ,Exclude
5841,19.0037.1832,19.37,SPECT tuyến thượng thận với I¹²³-MIBG,Thăm dò bằng đồng vị phóng xạ,Exclude
5842,19.0038.1832,19.38,SPECT tuyến thượng thận với I¹³¹ - Cholesterol,Thăm dò bằng đồng vị phóng xạ,Exclude
5843,19.0042.1832,19.42,"SPECT xương, khớp",Thăm dò bằng đồng vị phóng xạ,Exclude
5844,19.0043.1832,19.43,SPECT chẩn đoán khối u,Thăm dò bằng đồng vị phóng xạ,Exclude
5845,19.0044.1832,19.44,SPECT chẩn đoán khối u với ⁹⁹ᵐTc – MIBI,Thăm dò bằng đồng vị phóng xạ,Exclude
5846,19.0045.1832,19.45,SPECT chẩn đoán khối u với ⁶⁷Ga,Thăm dò bằng đồng vị phóng xạ,Exclude
5847,19.0046.1832,19.46,SPECT chẩn đoán khối u với ²⁰¹Tl,Thăm dò bằng đồng vị phóng xạ,Exclude
5848,19.0047.1832,19.47,SPECT chẩn đoán khối u với ¹¹¹In – Pentetreotide,Thăm dò bằng đồng vị phóng xạ,Exclude
5849,19.0048.1832,19.48,SPECT chẩn đoán u phổi,Thăm dò bằng đồng vị phóng xạ,Exclude
5850,19.0049.1832,19.49,SPECT chẩn đoán u vú,Thăm dò bằng đồng vị phóng xạ,Exclude
5851,19.0050.1832,19.50,SPECT chẩn đoán u nguyên bào thần kinh với I¹³¹-MIBG,Thăm dò bằng đồng vị phóng xạ,Exclude
5852,19.0051.1832,19.51,SPECT chẩn đoán u nguyên bào thần kinh với I¹²³-MIBG,Thăm dò bằng đồng vị phóng xạ,Exclude
5853,19.0052.1831,19.52,SPECT phóng xạ miễn dịch,Thăm dò bằng đồng vị phóng xạ,Exclude
5854,19.0058.1830,19.58,SPECT hạch Lympho,Thăm dò bằng đồng vị phóng xạ,Exclude
5855,19.0059.1832,19.59,SPECT bạch cầu đánh dấu ⁹⁹ᵐTc –HMPAO,Thăm dò bằng đồng vị phóng xạ,Exclude
5856,19.0062.1829,19.62,SPECT/CT,Thăm dò bằng đồng vị phóng xạ,Exclude
5857,19.0063.1829,19.63,SPECT/CT não với ⁹⁹ᵐTc Pertechnetate,Thăm dò bằng đồng vị phóng xạ,Exclude
5858,19.0064.1829,19.64,SPECT/CT não với ⁹⁹ᵐTc – ECD,Thăm dò bằng đồng vị phóng xạ,Exclude
5859,19.0065.1829,19.65,SPECT/CT não với ⁹⁹ᵐTc – DTPA,Thăm dò bằng đồng vị phóng xạ,Exclude
5860,19.0066.1829,19.66,SPECT/CT não với ⁹⁹ᵐTc – HMPAO,Thăm dò bằng đồng vị phóng xạ,Exclude
5861,19.0067.1829,19.67,SPECT/CT tuyến cận giáp với đồng vị phóng xạ kép,Thăm dò bằng đồng vị phóng xạ,Exclude
5862,19.0068.1829,19.68,SPECT/CT tưới máu cơ tim gắng sức với ⁹⁹ᵐTc – MIBI,Thăm dò bằng đồng vị phóng xạ,Exclude
5863,19.0069.1829,19.69,SPECT/CT tưới máu cơ tim gắng sức với Tetrofosmin,Thăm dò bằng đồng vị phóng xạ,Exclude
5864,19.0070.1829,19.70,SPECT/CT tưới máu cơ tim không gắng sức với ⁹⁹ᵐTc – MIBI,Thăm dò bằng đồng vị phóng xạ,Exclude
5865,19.0071.1829,19.71,SPECT/CT tưới máu cơ tim không gắng sức với Tetrofosmin,Thăm dò bằng đồng vị phóng xạ,Exclude
5866,19.0072.1829,19.72,SPECT/CT tưới máu cơ tim gắng sức với ²⁰¹Tl,Thăm dò bằng đồng vị phóng xạ,Exclude
5867,19.0073.1829,19.73,SPECT/CT tưới máu cơ tim không gắng sức với ²⁰¹Tl,Thăm dò bằng đồng vị phóng xạ,Exclude
5868,19.0074.1829,19.74,SPECT/CT chức năng tim pha sớm,Thăm dò bằng đồng vị phóng xạ,Exclude
5869,19.0075.1829,19.75,SPECT/CT đánh giá chức năng tim bằng hồng cầu đánh dấu ⁹⁹ᵐTc,Thăm dò bằng đồng vị phóng xạ,Exclude
5870,19.0076.1829,19.76,SPECT/CT nhồi máu cơ tim với ¹¹¹In – kháng thể kháng cơ tim,Thăm dò bằng đồng vị phóng xạ,Exclude
5871,19.0077.1829,19.77,SPECT/CT gan,Thăm dò bằng đồng vị phóng xạ,Exclude
5872,19.0078.1829,19.78,SPECT/CT thận,Thăm dò bằng đồng vị phóng xạ,Exclude
5873,19.0079.1829,19.79,SPECT/CT tuyến tiền liệt,Thăm dò bằng đồng vị phóng xạ,Exclude
5874,19.0080.1829,19.80,SPECT/CT tuyến thượng thận với I¹³¹-MIBG,Thăm dò bằng đồng vị phóng xạ,Exclude
5875,19.0081.1829,19.81,SPECT/CT tuyến thượng thận với I¹²³-MIBG,Thăm dò bằng đồng vị phóng xạ,Exclude
5876,19.0082.1829,19.82,SPECT/CT tuyến thượng thận với I¹³¹ - Cholesterol,Thăm dò bằng đồng vị phóng xạ,Exclude
5877,19.0083.1829,19.83,"SPECT/CT xương, khớp",Thăm dò bằng đồng vị phóng xạ,Exclude
5878,19.0084.1829,19.84,SPECT/CT chẩn đoán khối u,Thăm dò bằng đồng vị phóng xạ,Exclude
5879,19.0085.1829,19.85,SPECT/CT T chẩn đoán khối u với ⁹⁹ᵐTc – MIBI,Thăm dò bằng đồng vị phóng xạ,Exclude
5880,19.0086.1829,19.86,SPECT/CT T chẩn đoán khối u với ⁶⁷Ga,Thăm dò bằng đồng vị phóng xạ,Exclude
5881,19.0087.1829,19.87,SPECT/CT chẩn đoán khối u với ²⁰¹Tl,Thăm dò bằng đồng vị phóng xạ,Exclude
5882,19.0088.1829,19.88,SPECT/CT chẩn đoán khối u với ¹¹¹In – Pentetreotide,Thăm dò bằng đồng vị phóng xạ,Exclude
5883,19.0089.1829,19.89,SPECT/CT chẩn đoán u phổi,Thăm dò bằng đồng vị phóng xạ,Exclude
5884,19.0090.1829,19.90,SPECT/CT chẩn đoán u vú,Thăm dò bằng đồng vị phóng xạ,Exclude
5885,19.0091.1829,19.91,SPECT/CT chẩn đoán u nguyên bào thần kinh với I¹³¹-MIBG,Thăm dò bằng đồng vị phóng xạ,Exclude
5886,19.0092.1829,19.92,SPECT/CT chẩn đoán u nguyên bào thần kinh với I¹²³-MIBG,Thăm dò bằng đồng vị phóng xạ,Exclude
5887,19.0093.1829,19.93,SPECT/CT phóng xạ miễn dịch,Thăm dò bằng đồng vị phóng xạ,Exclude
5888,19.0094.1829,19.94,SPECT/CT thụ thể Peptid phóng xạ,Thăm dò bằng đồng vị phóng xạ,Exclude
5889,19.0095.1829,19.95,SPECT/CT thụ thể Peptid phóng xạ với ¹⁷⁷Lu-DOTATOC,Thăm dò bằng đồng vị phóng xạ,Exclude
5890,19.0096.1829,19.96,SPECT/CT thụ thể Peptid phóng xạ với ¹¹¹In-DOTATOC,Thăm dò bằng đồng vị phóng xạ,Exclude
5891,19.0097.1829,19.97,SPECT/CT thụ thể Peptid phóng xạ với ¹¹¹In-DTPA-octreotide,Thăm dò bằng đồng vị phóng xạ,Exclude
5892,19.0098.1829,19.98,SPECT/CT thụ thể Peptid phóng xạ với ¹⁷⁷Lu-DOTATATE,Thăm dò bằng đồng vị phóng xạ,Exclude
5893,19.0099.1829,19.99,SPECT/CT hạch Lympho,Thăm dò bằng đồng vị phóng xạ,Exclude
5894,19.0100.1829,19.100,SPECT/CT bạch cầu đánh dấu ⁹⁹ᵐTc –HMPAO,Thăm dò bằng đồng vị phóng xạ,Exclude
5895,19.0101.1829,19.101,SPECT/CT bạch cầu đánh dấu ¹¹¹In,Thăm dò bằng đồng vị phóng xạ,Exclude
5896,19.0102.1829,19.102,SPECT/CT bạch cầu đánh dấu ⁶⁷Ga,Thăm dò bằng đồng vị phóng xạ,Exclude
5897,19.0103.1829,19.103,SPECT/CT mô phỏng xạ trị 3D,Thăm dò bằng đồng vị phóng xạ,Exclude
5898,19.0104.1829,19.104,SPECT/CT mô phỏng xạ trị điều biến liều (IMRT),Thăm dò bằng đồng vị phóng xạ,Exclude
5899,19.0105.1852,19.105,Xạ hình phóng xạ miễn dịch,Thăm dò bằng đồng vị phóng xạ,Exclude
5900,19.0106.1851,19.106,Xạ hình não với ⁹⁹ᵐTc Pertechnetate,Thăm dò bằng đồng vị phóng xạ,Exclude
5901,19.0107.1851,19.107,Xạ hình não với ⁹⁹ᵐTc - ECD,Thăm dò bằng đồng vị phóng xạ,Exclude
5902,19.0108.1851,19.108,Xạ hình não với ⁹⁹ᵐTc – DTPA,Thăm dò bằng đồng vị phóng xạ,Exclude
5903,19.0109.1851,19.109,Xạ hình não với ⁹⁹ᵐTc – HMPAO,Thăm dò bằng đồng vị phóng xạ,Exclude
5904,19.0110.1851,19.110,Xạ hình u màng não với ⁹⁹ᵐTc – chelate,Thăm dò bằng đồng vị phóng xạ,Exclude
5905,19.0111.1850,19.111,Xạ hình lưu thông dịch não tuỷ với ⁹⁹ᵐTc - DTPA,Thăm dò bằng đồng vị phóng xạ,Exclude
5906,19.0112.1850,19.112,Xạ hình lưu thông dịch não tuỷ với ¹¹¹In - DTPA,Thăm dò bằng đồng vị phóng xạ,Exclude
5907,19.0113.1850,19.113,Xạ hình lưu thông dịch não tuỷ với I¹³¹ -RISA,Thăm dò bằng đồng vị phóng xạ,Exclude
5908,19.0114.1828,19.114,Độ tập trung I¹³¹ tuyến giáp,Thăm dò bằng đồng vị phóng xạ,Exclude
5909,19.0115.1856,19.115,Xạ hình toàn thân với I¹³¹,Thăm dò bằng đồng vị phóng xạ,Exclude
5910,19.0116.1856,19.116,Xạ hình toàn thân sau nhận liều điều trị giảm đau di căn ung thư xương,Thăm dò bằng đồng vị phóng xạ,Exclude
5911,19.0117.1856,19.117,Xạ hình toàn thân sau nhận liều điều trị miễn dịch phóng xạ,Thăm dò bằng đồng vị phóng xạ,Exclude
5912,19.0118.1862,19.118,Xạ hình tuyến giáp với I¹³¹,Thăm dò bằng đồng vị phóng xạ,Exclude
5913,19.0119.1862,19.119,Xạ hình tuyến giáp với I¹²³,Thăm dò bằng đồng vị phóng xạ,Exclude
5914,19.0120.1862,19.120,Xạ hình tuyến giáp sau phẫu thuật với I¹³¹,Thăm dò bằng đồng vị phóng xạ,Exclude
5915,19.0121.1856,19.121,Xạ hình tuyến giáp và đo độ tập trung tuyến giáp với I¹³¹,Thăm dò bằng đồng vị phóng xạ,Exclude
5916,19.0122.1856,19.122,Xạ hình tuyến giáp và đo độ tập trung tuyến giáp với ⁹⁹ᵐTc Pertechnetate,Thăm dò bằng đồng vị phóng xạ,Exclude
5917,19.0123.1861,19.123,Xạ hình tuyến cận giáp với ⁹⁹ᵐTc – V – DMSA,Thăm dò bằng đồng vị phóng xạ,Exclude
5918,19.0124.1861,19.124,Xạ hình tuyến cận giáp với ⁹⁹ᵐTc- MIBI,Thăm dò bằng đồng vị phóng xạ,Exclude
5919,19.0125.1861,19.125,Xạ hình tuyến cận giáp với đồng vị phóng xạ kép,Thăm dò bằng đồng vị phóng xạ,Exclude
5920,19.0126.1862,19.126,Xạ hình tuyến giáp với ⁹⁹ᵐTc Pertechnetate,Thăm dò bằng đồng vị phóng xạ,Exclude
5921,19.0127.1863,19.127,Xạ hình tuyến lệ với ⁹⁹ᵐTc Pertechnetate,Thăm dò bằng đồng vị phóng xạ,Exclude
5922,19.0128.1863,19.128,Xạ hình tuyến nước bọt với ⁹⁹ᵐTc Pertechnetate,Thăm dò bằng đồng vị phóng xạ,Exclude
5923,19.0129.1845,19.129,Xạ hình tưới máu cơ tim gắng sức với ⁹⁹ᵐTc – MIBI,Thăm dò bằng đồng vị phóng xạ,Exclude
5924,19.0130.1845,19.130,Xạ hình tưới máu cơ tim không gắng sức với ⁹⁹ᵐTc – MIBI,Thăm dò bằng đồng vị phóng xạ,Exclude
5925,19.0131.1845,19.131,Xạ hình tưới máu cơ tim không gắng sức với Tetrofosmin,Thăm dò bằng đồng vị phóng xạ,Exclude
5926,19.0132.1845,19.132,Xạ hình tưới máu cơ tim gắng sức với ²⁰¹Tl,Thăm dò bằng đồng vị phóng xạ,Exclude
5927,19.0133.1845,19.133,Xạ hình tưới máu cơ tim gắng sức với Tetrofosmin,Thăm dò bằng đồng vị phóng xạ,Exclude
5928,19.0134.1845,19.134,Xạ hình tưới máu cơ tim không gắng sức với ²⁰¹Tl,Thăm dò bằng đồng vị phóng xạ,Exclude
5929,19.0135.1845,19.135,Xạ hình tưới máu cơ tim gắng sức với Tetrofosmin,Thăm dò bằng đồng vị phóng xạ,Exclude
5930,19.0136.1845,19.136,Xạ hình chức năng tim với ⁹⁹ᵐTc đánh dấu,Thăm dò bằng đồng vị phóng xạ,Exclude
5931,19.0137.1845,19.137,Xạ hình chức năng tim pha sớm,Thăm dò bằng đồng vị phóng xạ,Exclude
5932,19.0138.1845,19.138,Xạ hình chức năng tâm thất với ⁹⁹ᵐTc – Pertechnetate,Thăm dò bằng đồng vị phóng xạ,Exclude
5933,19.0139.1839,19.139,Xạ hình nhồi máu cơ tim với ⁹⁹ᵐTc – Pyrophosphate,Thăm dò bằng đồng vị phóng xạ,Exclude
5934,19.0140.1845,19.140,Xạ hình hoại tử cơ tim với ⁹⁹ᵐTc – Pyrophotphate,Thăm dò bằng đồng vị phóng xạ,Exclude
5935,19.0141.1865,19.141,Xạ hình tuyến vú,Thăm dò bằng đồng vị phóng xạ,Exclude
5936,19.0142.1857,19.142,Xạ hình tưới máu phổi,Thăm dò bằng đồng vị phóng xạ,Exclude
5937,19.0143.1857,19.143,Xạ hình tưới máu phổi với ⁹⁹ᵐTc - macroaggregated,Thăm dò bằng đồng vị phóng xạ,Exclude
5938,19.0144.1854,19.144,Xạ hình thông khí phổi,Thăm dò bằng đồng vị phóng xạ,Exclude
5939,19.0145.1854,19.145,Xạ hình thông khí phổi với I¹³³Xe,Thăm dò bằng đồng vị phóng xạ,Exclude
5940,19.0146.1854,19.146,Xạ hình thông khí phổi với ⁹⁹ᵐTc-DTPA,Thăm dò bằng đồng vị phóng xạ,Exclude
5941,19.0147.1837,19.147,Xạ hình chẩn đoán chức năng thực quản và trào ngược dạ dày – thực quản với ⁹⁹ᵐTc – Sulfur Colloid,Thăm dò bằng đồng vị phóng xạ,Exclude
5942,19.0148.1836,19.148,Xạ hình chẩn đoán chức năng co bóp dạ dày với ⁹⁹ᵐTc - Sulfur Colloid,Thăm dò bằng đồng vị phóng xạ,Exclude
5943,19.0149.1842,19.149,Xạ hình chẩn đoán xuất huyết đường tiêu hoá với hồng cầu đánh dấu ⁹⁹ᵐTc,Thăm dò bằng đồng vị phóng xạ,Exclude
5944,19.0150.1840,19.150,Xạ hình chẩn đoán túi thừa Meckel với ⁹⁹ᵐTc Pertechnetate,Thăm dò bằng đồng vị phóng xạ,Exclude
5945,19.0152.1849,19.152,Xạ hình lách với Methionin – ⁹⁹ᵐTc,Thăm dò bằng đồng vị phóng xạ,Exclude
5946,19.0153.1849,19.153,Xạ hình lách với hồng cầu đánh dấu ⁵¹Cr,Thăm dò bằng đồng vị phóng xạ,Exclude
5947,19.0154.1849,19.154,Xạ hình lách với ⁹⁹ᵐTc Sulfur Colloid,Thăm dò bằng đồng vị phóng xạ,Exclude
5948,19.0155.1847,19.155,Xạ hình gan với ⁹⁹ᵐTc Sulfur Colloid,Thăm dò bằng đồng vị phóng xạ,Exclude
5949,19.0156.1846,19.156,Xạ hình gan – mật với ⁹⁹ᵐTc – HIDA,Thăm dò bằng đồng vị phóng xạ,Exclude
5950,19.0157.1846,19.157,Xạ hình gan – mật với I¹³¹ – Rose Bengan,Thăm dò bằng đồng vị phóng xạ,Exclude
5951,19.0158.1841,19.158,Xạ hình u máu trong gan với hồng cầu đánh dấu ⁹⁹ᵐTc,Thăm dò bằng đồng vị phóng xạ,Exclude
5952,19.0159.1846,19.159,Xạ hình chức năng gan – mật sau ghép gan với ⁹⁹ᵐTc – IDA,Thăm dò bằng đồng vị phóng xạ,Exclude
5953,19.0160.1834,19.160,Thận đồ đồng vị với I¹³¹ – Hippuran,Thăm dò bằng đồng vị phóng xạ,Exclude
5954,19.0161.1843,19.161,Xạ hình chức năng thận với I¹³¹– Hippuran,Thăm dò bằng đồng vị phóng xạ,Exclude
5955,19.0162.1853,19.162,Xạ hình thận với ⁹⁹ᵐTc – DMSA,Thăm dò bằng đồng vị phóng xạ,Exclude
5956,19.0163.1843,19.163,Xạ hình chức năng thận với ⁹⁹ᵐTc –DTPA,Thăm dò bằng đồng vị phóng xạ,Exclude
5957,19.0164.1843,19.164,Xạ hình chức năng thận với I¹²³ gắn OIH,Thăm dò bằng đồng vị phóng xạ,Exclude
5958,19.0165.1843,19.165,Xạ hình chức năng thận với I¹³¹ gắn OIH,Thăm dò bằng đồng vị phóng xạ,Exclude
5959,19.0166.1843,19.166,Xạ hình chức năng thận với ⁹⁹ᵐTc – MAG3,Thăm dò bằng đồng vị phóng xạ,Exclude
5960,19.0167.1844,19.167,Xạ hình chức năng thận – tiết niệu sau ghép thận bằng ⁹⁹ᵐTc – MAG3,Thăm dò bằng đồng vị phóng xạ,Exclude
5961,19.0169.1864,19.169,Xạ hình tuyến thượng thận với I¹³¹-MIBG,Thăm dò bằng đồng vị phóng xạ,Exclude
5962,19.0170.1864,19.170,Xạ hình tuyến thượng thận với I¹²³-MIBG,Thăm dò bằng đồng vị phóng xạ,Exclude
5963,19.0171.1864,19.171,Xạ hình tuyến thượng thận với I¹³¹ - Cholesterol,Thăm dò bằng đồng vị phóng xạ,Exclude
5964,19.0173.1858,19.173,Xạ hình tinh hoàn với ⁹⁹ᵐTc Pertechnetate,Thăm dò bằng đồng vị phóng xạ,Exclude
5965,19.0174.1866,19.174,Xạ hình xương với ⁹⁹ᵐTc – MDP,Thăm dò bằng đồng vị phóng xạ,Exclude
5966,19.0175.1867,19.175,Xạ hình xương 3 pha,Thăm dò bằng đồng vị phóng xạ,Exclude
5967,19.0176.1860,19.176,Xạ hình tuỷ xương với ⁹⁹ᵐTc - Sulfur Colloid hoặc BMHP,Thăm dò bằng đồng vị phóng xạ,Exclude
5968,19.0177.1838,19.177,Xạ hình chẩn đoán khối u với ⁹⁹ᵐTc – MIBI,Thăm dò bằng đồng vị phóng xạ,Exclude
5969,19.0178.1838,19.178,Xạ hình chẩn đoán khối u với ⁶⁷Ga,Thăm dò bằng đồng vị phóng xạ,Exclude
5970,19.0179.1838,19.179,Xạ hình chẩn đoán khối u với ²⁰¹Tl,Thăm dò bằng đồng vị phóng xạ,Exclude
5971,19.0180.1838,19.180,Xạ hình chẩn đoán khối u với ¹¹¹In – Pentetreotide,Thăm dò bằng đồng vị phóng xạ,Exclude
5972,19.0181.1838,19.181,Xạ hình chẩn đoán u nguyên bào thần kinh với I¹³¹-MIBG,Thăm dò bằng đồng vị phóng xạ,Exclude
5973,19.0182.1838,19.182,Xạ hình chẩn đoán u nguyên bào thần kinh với I¹²³-MIBG,Thăm dò bằng đồng vị phóng xạ,Exclude
5974,19.0183.1855,19.183,Xạ hình tĩnh mạch với ⁹⁹ᵐTc – MAA,Thăm dò bằng đồng vị phóng xạ,Exclude
5975,19.0184.1855,19.184,Xạ hình tĩnh mạch với ⁹⁹ᵐTc – DTPA,Thăm dò bằng đồng vị phóng xạ,Exclude
5976,19.0185.1869,19.185,Xác định thể tích hồng cầu với hồng cầu đánh dấu ⁵¹Cr,Thăm dò bằng đồng vị phóng xạ,Exclude
5977,19.0186.1868,19.186,Xác định đời sống hồng cầu và nơi phân huỷ hồng cầu với hồng cầu đánh dấu ⁵¹Cr,Thăm dò bằng đồng vị phóng xạ,Exclude
5978,19.0187.1835,19.187,Xạ hình bạch mạch với ⁹⁹ᵐTc –HMPAO hoặc ⁹⁹ᵐTc –Sulfur Colloid,Thăm dò bằng đồng vị phóng xạ,Exclude
5979,19.0188.1848,19.188,Xạ hình hạch Lympho,Thăm dò bằng đồng vị phóng xạ,Exclude
5980,19.0189.1848,19.189,Xạ hình bạch cầu đánh dấu ⁹⁹ᵐTc –HMPAO,Thăm dò bằng đồng vị phóng xạ,Exclude
5981,19.0192.0069,19.192,Đo mật độ xương bằng kỹ thuật DEXA,Một số kỹ thuật chẩn đoán hình ảnh khác,Exclude
5982,19.0192.0070,19.192,Đo mật độ xương bằng kỹ thuật DEXA,Một số kỹ thuật chẩn đoán hình ảnh khác,Exclude
5983,19.0193.1848,19.193,Kỹ thuật phát hiện hạch gác bằng đầu dò Gamma,Thăm dò bằng đồng vị phóng xạ,Exclude
5984,19.0222.0050,19.222,PET/CT,"Chụp cắt lớp vi tính, chụp mạch, cộng hưởng từ",Exclude
5985,19.0223.0050,19.223,PET/CT chẩn đoán khối u,"Chụp cắt lớp vi tính, chụp mạch, cộng hưởng từ",Exclude
5986,19.0224.0050,19.224,PET/CT chẩn đoán khối u với ¹⁸FDG,"Chụp cắt lớp vi tính, chụp mạch, cộng hưởng từ",Exclude
5987,19.0238.0050,19.238,PET/CT chẩn đoán bệnh hệ thần kinh,"Chụp cắt lớp vi tính, chụp mạch, cộng hưởng từ",Exclude
5988,19.0239.0050,19.239,PET/CT chẩn đoán bệnh hệ thần kinh với ¹⁸FDG,"Chụp cắt lớp vi tính, chụp mạch, cộng hưởng từ",Exclude
5989,19.0240.0050,19.240,PET/CT chẩn đoán bệnh sa sút trí tuệ với ¹⁸FDG,"Chụp cắt lớp vi tính, chụp mạch, cộng hưởng từ",Exclude
5990,19.0241.0050,19.241,PET/CT chẩn đoán bệnh Alzheimer với ¹⁸FDG,"Chụp cắt lớp vi tính, chụp mạch, cộng hưởng từ",Exclude
5991,19.0242.0050,19.242,PET/CT chẩn đoán bệnh động kinh với ¹⁸FDG,"Chụp cắt lớp vi tính, chụp mạch, cộng hưởng từ",Exclude
5992,19.0243.0050,19.243,PET/CT chẩn đoán bệnh Parkinson với ¹⁸FDG,"Chụp cắt lớp vi tính, chụp mạch, cộng hưởng từ",Exclude
5993,19.0257.0050,19.257,PET/CT chẩn đoán suy giảm trí nhớ (dimentia),"Chụp cắt lớp vi tính, chụp mạch, cộng hưởng từ",Exclude
5994,19.0259.0050,19.259,PET/CT chẩn đoán bệnh tim mạch,"Chụp cắt lớp vi tính, chụp mạch, cộng hưởng từ",Exclude
5995,19.0262.0050,19.262,PET/CT chẩn đoán bệnh chuyển hóa glucose cơ tim với ¹⁸FDG,"Chụp cắt lớp vi tính, chụp mạch, cộng hưởng từ",Exclude
5996,19.0267.0050,19.267,PET/CT chẩn đoán bệnh tim mạch với ¹⁸FDG,"Chụp cắt lớp vi tính, chụp mạch, cộng hưởng từ",Exclude
5997,19.0268.0050,19.268,PET/CT chẩn đoán bệnh thiếu máu cơ tim với ¹⁸FDG,"Chụp cắt lớp vi tính, chụp mạch, cộng hưởng từ",Exclude
5998,19.0269.0050,19.269,PET/CT đánh giá sự sống còn của cơ tim với ¹⁸FDG,"Chụp cắt lớp vi tính, chụp mạch, cộng hưởng từ",Exclude
5999,19.0270.0050,19.270,PET/CT chẩn đoán bệnh nhiễm trùng,"Chụp cắt lớp vi tính, chụp mạch, cộng hưởng từ",Exclude
6000,19.0271.0050,19.271,PET/CT trong bệnh viêm nhiễm với ¹⁸FDG,"Chụp cắt lớp vi tính, chụp mạch, cộng hưởng từ",Exclude
6001,19.0278.0051,19.278,PET/CT mô phỏng xạ trị,"Chụp cắt lớp vi tính, chụp mạch, cộng hưởng từ",Exclude
6002,19.0309.1824,19.309,Định lượng CA 19 – 9 bằng kỹ thuật miễn dịch phóng xạ,Thăm dò bằng đồng vị phóng xạ,Exclude
6003,19.0310.1824,19.310,Định lượng CA⁵⁰ bằng kỹ thuật miễn dịch phóng xạ,Thăm dò bằng đồng vị phóng xạ,Exclude
6004,19.0311.1824,19.311,Định lượng CA¹²⁵ bằng kỹ thuật miễn dịch phóng xạ,Thăm dò bằng đồng vị phóng xạ,Exclude
6005,19.0312.1824,19.312,Định lượng CA 15 – 3 bằng kỹ thuật miễn dịch phóng xạ,Thăm dò bằng đồng vị phóng xạ,Exclude
6006,19.0313.1824,19.313,Định lượng CA 72 – 4 bằng kỹ thuật miễn dịch phóng xạ,Thăm dò bằng đồng vị phóng xạ,Exclude
6007,19.0314.1827,19.314,Định lượng GH bằng kỹ thuật miễn dịch phóng xạ,Thăm dò bằng đồng vị phóng xạ,Exclude
6008,19.0315.1826,19.315,Định lượng kháng thể kháng Insulin bằng kỹ thuật miễn dịch phóng xạ,Thăm dò bằng đồng vị phóng xạ,Exclude
6009,19.0316.1825,19.316,Định lượng Insulin bằng kỹ thuật miễn dịch phóng xạ,Thăm dò bằng đồng vị phóng xạ,Exclude
6010,19.0317.1824,19.317,Định lượng Tg bằng kỹ thuật miễn dịch phóng xạ,Thăm dò bằng đồng vị phóng xạ,Exclude
6011,19.0318.1827,19.318,Định lượng kháng thể kháng Tg (AntiTg) bằng kỹ thuật miễn dịch phóng xạ,Thăm dò bằng đồng vị phóng xạ,Exclude
6012,19.0319.1826,19.319,Định lượng Micro Albumin niệu bằng kỹ thuật miễn dịch phóng xạ,Thăm dò bằng đồng vị phóng xạ,Exclude
6013,19.0320.1825,19.320,Định lượng LH bằng kỹ thuật miễn dịch phóng xạ,Thăm dò bằng đồng vị phóng xạ,Exclude
6014,19.0321.1825,19.321,Định lượng FSH bằng kỹ thuật miễn dịch phóng xạ,Thăm dò bằng đồng vị phóng xạ,Exclude
6015,19.0322.1825,19.322,Định lượng HCG bằng kỹ thuật miễn dịch phóng xạ,Thăm dò bằng đồng vị phóng xạ,Exclude
6016,19.0323.1826,19.323,Định lượng T3 bằng kỹ thuật miễn dịch phóng xạ,Thăm dò bằng đồng vị phóng xạ,Exclude
6017,19.0324.1826,19.324,Định lượng FT3 bằng kỹ thuật miễn dịch phóng xạ,Thăm dò bằng đồng vị phóng xạ,Exclude
6018,19.0325.1826,19.325,Định lượng T4 bằng kỹ thuật miễn dịch phóng xạ,Thăm dò bằng đồng vị phóng xạ,Exclude
6019,19.0326.1826,19.326,Định lượng FT4 bằng kỹ thuật miễn dịch phóng xạ,Thăm dò bằng đồng vị phóng xạ,Exclude
6020,19.0327.1826,19.327,Định lượng TSH bằng kỹ thuật miễn dịch phóng xạ,Thăm dò bằng đồng vị phóng xạ,Exclude
6021,19.0328.1827,19.328,Định lượng TRAb bằng kỹ thuật miễn dịch phóng xạ,Thăm dò bằng đồng vị phóng xạ,Exclude
6022,19.0329.1825,19.329,Định lượng Testosterone bằng kỹ thuật miễn dịch phóng xạ,Thăm dò bằng đồng vị phóng xạ,Exclude
6023,19.0330.1825,19.330,Định lượng Prolactin bằng kỹ thuật miễn dịch phóng xạ,Thăm dò bằng đồng vị phóng xạ,Exclude
6024,19.0331.1825,19.331,Định lượng Progesterone bằng kỹ thuật miễn dịch phóng xạ,Thăm dò bằng đồng vị phóng xạ,Exclude
6025,19.0332.1825,19.332,Định lượng Estradiol bằng kỹ thuật miễn dịch phóng xạ,Thăm dò bằng đồng vị phóng xạ,Exclude
6026,19.0333.1826,19.333,Định lượng Calcitonin bằng kỹ thuật miễn dịch phóng xạ,Thăm dò bằng đồng vị phóng xạ,Exclude
6027,19.0334.1825,19.334,Định lượng CEA bằng kỹ thuật miễn dịch phóng xạ,Thăm dò bằng đồng vị phóng xạ,Exclude
6028,19.0335.1825,19.335,Định lượng AFP bằng kỹ thuật miễn dịch phóng xạ,Thăm dò bằng đồng vị phóng xạ,Exclude
6029,19.0336.1825,19.336,Định lượng PSA bằng kỹ thuật miễn dịch phóng xạ,Thăm dò bằng đồng vị phóng xạ,Exclude
6030,19.0337.1824,19.337,Định lượng PTH bằng kỹ thuật miễn dịch phóng xạ,Thăm dò bằng đồng vị phóng xạ,Exclude
6031,19.0338.1827,19.338,Định lượng ACTH bằng kỹ thuật miễn dịch phóng xạ,Thăm dò bằng đồng vị phóng xạ,Exclude
6032,19.0339.1825,19.339,Định lượng Cortisol bằng kỹ thuật miễn dịch phóng xạ,Thăm dò bằng đồng vị phóng xạ,Exclude
6033,19.0340.1871,19.340,Điều trị ung thư tuyến giáp bằng I¹³¹,Điều trị bằng chất phóng xạ,Exclude
6034,19.0341.1870,19.341,Điều trị Basedow bằng I¹³¹,Điều trị bằng chất phóng xạ,Exclude
6035,19.0342.1870,19.342,Điều trị bướu tuyến giáp đơn thuần bằng I¹³¹,Điều trị bằng chất phóng xạ,Exclude
6036,19.0343.1870,19.343,Điều trị bướu nhân độc tuyến giáp bằng I¹³¹,Điều trị bằng chất phóng xạ,Exclude
6037,19.0344.1875,19.344,Điều trị tràn dịch màng phổi do ung thư bằng keo ⁹⁰Y,Điều trị bằng chất phóng xạ,Exclude
6038,19.0345.1875,19.345,Điều trị tràn dịch màng phổi do ung thư bằng keo phóng xạ,Điều trị bằng chất phóng xạ,Exclude
6039,19.0346.1875,19.346,Điều trị tràn dịch màng bụng do ung thư bằng keo ⁹⁰Y,Điều trị bằng chất phóng xạ,Exclude
6040,19.0347.1875,19.347,Điều trị tràn dịch màng bụng do ung thư bằng keo phóng xạ,Điều trị bằng chất phóng xạ,Exclude
6041,19.0348.1883,19.348,Điều trị ung thư gan bằng hạt vi cầu phóng xạ ⁹⁰Y,Điều trị bằng chất phóng xạ,Exclude
6042,19.0350.1877,19.350,Điều trị ung thư gan bằng keo Silicon – ³²P,Điều trị bằng chất phóng xạ,Exclude
6043,19.0351.1878,19.351,Điều trị ung thư gan nguyên phát bằng I¹³¹ – Lipiodol,Điều trị bằng chất phóng xạ,Exclude
6044,19.0355.1881,19.355,Điều trị ung thư vú bằng hạt phóng xạ ¹²⁵I,Điều trị bằng chất phóng xạ,Exclude
6045,19.0357.1880,19.357,Điều trị ung thư tiền liệt tuyến bằng hạt phóng xạ ¹²⁵I,Điều trị bằng chất phóng xạ,Exclude
6046,19.0360.1874,19.360,Điều trị sẹo lồi bằng tấm áp ³²P,Điều trị bằng chất phóng xạ,Exclude
6047,19.0361.1874,19.361,Điều trị eczema bằng tấm áp ³²P,Điều trị bằng chất phóng xạ,Exclude
6048,19.0362.1874,19.362,Điều trị u máu nông bằng tấm áp ³²P,Điều trị bằng chất phóng xạ,Exclude
6049,19.0363.1872,19.363,Điều trị bệnh đa hồng cầu nguyên phát bằng ³²P,Điều trị bằng chất phóng xạ,Exclude
6050,19.0364.1872,19.364,Điều trị bệnh Leucose kinh bằng P-32,Điều trị bằng chất phóng xạ,Exclude
6051,19.0365.1872,19.365,Điều trị giảm đau do ung thư di căn xương bằng thuốc phóng xạ,Điều trị bằng chất phóng xạ,Exclude
6052,19.0366.1873,19.366,Điều trị giảm đau do ung thư di căn xương bằng ¹⁵³Sm,Điều trị bằng chất phóng xạ,Exclude
6053,19.0373.1872,19.373,Điều trị giảm đau do ung thư di căn xương bằng ³²P,Điều trị bằng chất phóng xạ,Exclude
6054,19.0374.1876,19.374,Điều trị u nguyên bào thần kinh bằng I¹³¹-MIBG,Điều trị bằng chất phóng xạ,Exclude
6055,19.0375.1876,19.375,Điều trị u tuyến thượng thận bằng I¹³¹-MIBG,Điều trị bằng chất phóng xạ,Exclude
6056,19.0376.1876,19.376,Điều trị u nguyên bào thần kinh bằng I¹²³-MIBG,Điều trị bằng chất phóng xạ,Exclude
6057,19.0377.1876,19.377,Điều trị u tuyến thượng thận bằng I¹²³-MIBG,Điều trị bằng chất phóng xạ,Exclude
6058,19.0378.1823,19.378,Điều trị bằng kỹ thuật miễn dịch phóng xạ,Thăm dò bằng đồng vị phóng xạ,Exclude
6059,19.0379.1823,19.379,Điều trị ung thư bằng kháng thể đơn dòng gắn phóng xạ,Thăm dò bằng đồng vị phóng xạ,Exclude
6060,19.0380.1823,19.380,Điều trị ung thư bằng kháng thể đơn dòng gắn phóng xạ với I¹³¹ -Rituximab,Thăm dò bằng đồng vị phóng xạ,Exclude
6061,19.0381.1823,19.381,Điều trị ung thư bằng kháng thể đơn dòng gắn phóng xạ với I¹³¹-Nimotuzumab,Thăm dò bằng đồng vị phóng xạ,Exclude
6062,19.0382.1823,19.382,Điều trị bằng thụ thể Peptid phóng xạ ¹¹¹In-DTPA-octreotide,Thăm dò bằng đồng vị phóng xạ,Exclude
6063,19.0383.1823,19.383,Điều trị bằng thụ thể Peptid phóng xạ ¹¹¹In-DOTATOC,Thăm dò bằng đồng vị phóng xạ,Exclude
6064,19.0384.1823,19.384,Điều trị bằng thụ thể Peptid phóng xạ ⁹⁰Y-DOTATOC,Thăm dò bằng đồng vị phóng xạ,Exclude
6065,19.0385.1823,19.385,Điều trị bằng thụ thể Peptid phóng xạ ⁹⁰Y-DOTA-Lanreotide,Thăm dò bằng đồng vị phóng xạ,Exclude
6066,19.0386.1823,19.386,Điều trị bằng thụ thể Peptid phóng xạ ⁹⁰Y-DOTATATE,Thăm dò bằng đồng vị phóng xạ,Exclude
6067,19.0387.1823,19.387,Điều trị bằng thụ thể Peptid phóng xạ ¹⁷⁷Lu -DOTATATE,Thăm dò bằng đồng vị phóng xạ,Exclude
6068,19.0388.1823,19.388,Điều trị bằng thụ thể Peptid phóng xạ ¹⁷⁷Lu-DOTATOC,Thăm dò bằng đồng vị phóng xạ,Exclude
6069,19.0389.1823,19.389,Điều trị bằng thụ thể Peptid phóng xạ alpha ²¹³Bi-DOTATOC,Thăm dò bằng đồng vị phóng xạ,Exclude
6070,19.0390.1823,19.390,Điều trị bằng nano - thụ thể peptid phóng xạ ¹⁷⁷Lu-DOTATATE-PLGA-PEG NPs,Thăm dò bằng đồng vị phóng xạ,Exclude
6071,19.0397.1883,19.397,Điều trị ung thư di căn gan bằng hạt vi cầu phóng xạ ⁹⁰Y,Điều trị bằng chất phóng xạ,Exclude
6072,19.0398.1883,19.398,Điều trị ung thư đường mật trong gan bằng hạt vi cầu phóng xạ ⁹⁰Y,Điều trị bằng chất phóng xạ,Exclude
6073,19.0399.1823,19.399,Điều trị u lympho ác tính không Hodgkin bằng kháng thể đơn dòng gắn đồng vị phóng xạ ⁹⁰Y-Ibritumomab,Thăm dò bằng đồng vị phóng xạ,Exclude
6074,19.0400.1823,19.400,Điều trị ung thư bằng kháng thể đơn dòng gắn phóng xạ với ⁹⁰Y- Rituximab,Thăm dò bằng đồng vị phóng xạ,Exclude
6075,19.0401.1823,19.401,Điều trị ung thư bằng kháng thể đơn dòng gắn phóng xạ với ⁹⁰Y- Nimotuzumab,Thăm dò bằng đồng vị phóng xạ,Exclude
6076,19.0402.1883,19.402,Điều trị ung thư bằng hạt vi cầu phóng xạ,Điều trị bằng chất phóng xạ,Exclude
6077,19.0405.1831,19.405,SPECT chẩn đoán khối u bằng kỹ thuật miễn dịch phóng xạ,Thăm dò bằng đồng vị phóng xạ,Exclude
6078,19.0406.1829,19.406,SPECT/CT chẩn đoán khối u bằng kỹ thuật miễn dịch phóng xạ,Thăm dò bằng đồng vị phóng xạ,Exclude
6079,19.0408.1866,19.408,Xạ hình xương bằng NaF,Thăm dò bằng đồng vị phóng xạ,Exclude
6080,19.0411.1180,19.411,Xạ trị áp sát bằng tấm áp phóng xạ,Ung bướu,Exclude
6081,19.0412.1180,19.412,Xạ trị áp sát bằng Stent phóng xạ,Ung bướu,Exclude
6082,19.0413.1847,19.413,"Xạ hình gan bằng bức xạ hãm ở bệnh nhân ung thư gan, ung thư đường mật trong gan, ung thư di căn gan sau điều trị bằng hạt vi cầu phóng xạ ⁹⁰Y",Thăm dò bằng đồng vị phóng xạ,Exclude
6083,19.0414.1830,19.414,"SPECT gan bằng bức xạ hãm ở bệnh nhân ung thư gan, ung thư đường mật trong gan, ung thư di căn gan sau điều trị bằng hạt vi cầu phóng xạ ⁹⁰Y",Thăm dò bằng đồng vị phóng xạ,Exclude
6084,19.0415.1884,19.415,"PET/CT bằng bức xạ hãm ở bệnh nhân ung thư gan, ung thư đường mật trong gan, ung thư di căn gan sau điều trị bằng hạt vi cầu phóng xạ ⁹⁰Y",Điều trị bằng chất phóng xạ,Exclude
6085,19.0416.1847,19.416,Xạ hình đánh giá luồng thông mạch máu (shunt) gan phổi,Thăm dò bằng đồng vị phóng xạ,Exclude
6086,19.0417.1830,19.417,SPECT đánh giá luồng thông mạch máu (shunt) gan phổi,Thăm dò bằng đồng vị phóng xạ,Exclude
6087,19.0420.1859,19.420,Xạ hình tụy,Thăm dò bằng đồng vị phóng xạ,Exclude
6088,15.0001.0986,15.1,Cấy điện cực ốc tai (Cấy ốc tai điện tử),Tai Mũi Họng,Exclude
6089,15.0002.1000,15.2,Phẫu thuật cấy máy trợ thính đường xương (BAHA),Tai Mũi Họng,Exclude
6090,15.0004.0983,15.4,Phẫu thuật khoét mê nhĩ,Tai Mũi Họng,Exclude
6091,15.0005.0986,15.5,Phẫu thuật mở túi nội dịch,Tai Mũi Họng,Exclude
6092,15.0006.0983,15.6,Phẫu thuật điều trị rò mê nhĩ,Tai Mũi Họng,Exclude
6093,15.0007.0973,15.7,Phẫu thuật điều trị rò dịch não tủy ở tai,Tai Mũi Họng,Exclude
6094,15.0008.0949,15.8,Phẫu thuật vùng đỉnh xương đá,Tai Mũi Họng,Exclude
6095,15.0009.0983,15.9,Phẫu thuật cắt u dây thần kinh VII,Tai Mũi Họng,Exclude
6096,15.0010.0979,15.10,"Phẫu thuật phục hồi, tái tạo dây VII",Tai Mũi Họng,Exclude
6097,15.0011.0950,15.11,Phẫu thuật giảm áp dây VII,Tai Mũi Họng,Exclude
6098,15.0012.0983,15.12,Phẫu thuật cắt u dây thần kinh VIII,Tai Mũi Họng,Exclude
6099,15.0013.0983,15.13,Phẫu thuật cắt dây thần kinh tiền đình,Tai Mũi Họng,Exclude
6100,15.0014.0373,15.14,Phẫu thuật dẫn lưu não thất,Ngoại khoa,Exclude
6101,15.0015.0936,15.15,Phẫu thuật dẫn lưu áp xe não do tai,Tai Mũi Họng,Exclude
6102,15.0016.0987,15.16,Phẫu thuật tai xương chũm trong viêm màng não,Tai Mũi Họng,Exclude
6103,15.0017.0987,15.17,Phẫu thuật tai xương chũm trong viêm tắc tĩnh mạch bên,Tai Mũi Họng,Exclude
6104,15.0019.0986,15.19,Phẫu thuật thay thế xương bàn đạp,Tai Mũi Họng,Exclude
6105,15.0020.0911,15.20,Phẫu thuật xương chũm đơn thuần,Tai Mũi Họng,Exclude
6106,15.0021.0987,15.21,Phẫu thuật tiệt căn xương chũm,Tai Mũi Họng,Exclude
6107,15.0022.0374,15.22,Phẫu thuật nội soi tiệt căn xương chũm,Ngoại khoa,Exclude
6108,15.0023.0987,15.23,Phẫu thuật tiệt căn xương chũm cải biên,Tai Mũi Họng,Exclude
6109,15.0024.0374,15.24,Phẫu thuật nội soi tiệt căn xương chũm cải biên,Ngoại khoa,Exclude
6110,15.0025.0987,15.25,Phẫu thuật tiệt căn xương chũm cải biên - chỉnh hình tai giữa,Tai Mũi Họng,Exclude
6111,15.0026.0911,15.26,Phẫu thuật chỉnh hình hốc mổ tiệt căn xương chũm,Tai Mũi Họng,Exclude
6112,15.0027.0911,15.27,Mở sào bào,Tai Mũi Họng,Exclude
6113,15.0028.0911,15.28,Mở sào bào - thượng nhĩ,Tai Mũi Họng,Exclude
6114,15.0029.0911,15.29,Mở sào bào thượng nhĩ - vá nhĩ,Tai Mũi Họng,Exclude
6115,15.0030.0984,15.30,Phẫu thuật tạo hình tai giữa,Tai Mũi Họng,Exclude
6116,15.0031.0881,15.31,Chỉnh hình tai giữa có tái tạo chuỗi xương con,Tai Mũi Họng,Exclude
6117,15.0032.0997,15.32,Chỉnh hình tai giữa không tái tạo chuỗi xương con,Tai Mũi Họng,Exclude
6118,15.0033.1001,15.33,Phẫu thuật mở hòm nhĩ kiểm tra/ lấy dị vật,Tai Mũi Họng,Exclude
6119,15.0034.0997,15.34,Vá nhĩ đơn thuần,Tai Mũi Họng,Exclude
6120,15.0035.0971,15.35,Phẫu thuật vá nhĩ bằng nội soi,Tai Mũi Họng,Exclude
6121,15.0036.0971,15.36,Phẫu thuật tạo hình màng nhĩ,Tai Mũi Họng,Exclude
6122,15.0037.0984,15.37,"Phẫu thuật chỉnh hình tai giữa type I, II, III, IV",Tai Mũi Họng,Exclude
6123,15.0039.0983,15.39,Phẫu thuật lấy u thần kinh thính giác đường xuyên mê nhĩ,Tai Mũi Họng,Exclude
6124,15.0040.0877,15.40,Phẫu thuật cắt bỏ u cuộn cảnh,Tai Mũi Họng,Exclude
6125,15.0041.0911,15.41,Phẫu thuật tạo hình ống tai ngoài thiểu sản,Tai Mũi Họng,Exclude
6126,15.0042.0911,15.42,Phẫu thuật tạo hình chít hẹp ống tai ngoài,Tai Mũi Họng,Exclude
6127,15.0043.0874,15.43,Phẫu thuật cắt bỏ u ống tai ngoài,Tai Mũi Họng,Exclude
6128,15.0043.0875,15.43,Phẫu thuật cắt bỏ u ống tai ngoài,Tai Mũi Họng,Exclude
6129,15.0045.0909,15.45,Phẫu thuật cắt bỏ u nang vành tai/u bả đậu dái tai,Tai Mũi Họng,Exclude
6130,15.0045.0910,15.45,Phẫu thuật cắt bỏ u nang vành tai/u bả đậu dái tai,Tai Mũi Họng,Exclude
6131,15.0046.0954,15.46,Phẫu thuật lấy đường rò luân nhĩ,Tai Mũi Họng,Exclude
6132,15.0046.0872,15.46,Phẫu thuật lấy đường rò luân nhĩ,Tai Mũi Họng,Exclude
6133,15.0048.0971,15.48,Đặt ống thông khí màng nhĩ,Tai Mũi Họng,Exclude
6134,15.0049.0971,15.49,Phẫu thuật nội soi đặt ống thông khí màng nhĩ,Tai Mũi Họng,Exclude
6135,15.0050.0994,15.50,Chích rạch màng nhĩ,Tai Mũi Họng,Exclude
6136,15.0051.0216,15.51,Khâu vết rách vành tai,Các thủ thuật và dịch vụ Nội soi,Exclude
6137,15.0052.0993,15.52,Bơm hơi vòi nhĩ,Tai Mũi Họng,Exclude
6138,15.0053.1002,15.53,Phẫu thuật nạo vét sụn vành tai,Tai Mũi Họng,Exclude
6139,15.0054.0902,15.54,Lấy dị vật tai (gây mê/ gây tê),Tai Mũi Họng,Exclude
6140,15.0054.0903,15.54,Lấy dị vật tai (gây mê/ gây tê),Tai Mũi Họng,Exclude
6141,15.0055.0902,15.55,Nội soi lấy dị vật tai gây mê/[gây tê],Tai Mũi Họng,Exclude
6142,15.0055.0903,15.55,Nội soi lấy dị vật tai gây mê/[gây tê],Tai Mũi Họng,Exclude
6143,15.0056.0882,15.56,Chọc hút dịch vành tai,Tai Mũi Họng,Exclude
6144,15.0058.0899,15.58,Làm thuốc tai,Tai Mũi Họng,Exclude
6145,15.0059.0908,15.59,Lấy nút biểu bì ống tai ngoài,Tai Mũi Họng,Exclude
6146,15.0061.0873,15.61,Phẫu thuật nội soi cắt dây thần kinh Vidienne,Tai Mũi Họng,Exclude
6147,15.0064.0960,15.64,Phẫu thuật nội soi thắt/ đốt động mạch bướm khẩu cái,Tai Mũi Họng,Exclude
6148,15.0066.0999,15.66,Phẫu thuật nội soi thắt động mạch hàm trong,Tai Mũi Họng,Exclude
6149,15.0067.1001,15.67,Phẫu thuật thắt động mạch sàng,Tai Mũi Họng,Exclude
6150,15.0068.0960,15.68,Phẫu thuật nội soi thắt động mạch sàng,Tai Mũi Họng,Exclude
6151,15.0069.1001,15.69,Phẫu thuật dẫn lưu áp xe ổ mắt,Tai Mũi Họng,Exclude
6152,15.0070.0972,15.70,Phẫu thuật nội soi giảm áp ổ mắt,Tai Mũi Họng,Exclude
6153,15.0071.0972,15.71,Phẫu thuật nội soi giảm áp thần kinh thị giác,Tai Mũi Họng,Exclude
6154,15.0072.0947,15.72,Phẫu thuật bít lấp rò dịch não tủy ở mũi,Tai Mũi Họng,Exclude
6155,15.0073.0973,15.73,Phẫu thuật nội soi bít lấp rò dịch não tủy ở mũi,Tai Mũi Họng,Exclude
6156,15.0074.1081,15.74,Phẫu thuật xoang trán đường ngoài (phẫu thuật Jacques),Răng Hàm Mặt,Exclude
6157,15.0075.0969,15.75,Phẫu thuật nội soi mở xoang trán,Tai Mũi Họng,Exclude
6158,15.0077.0978,15.77,Phẫu thuật nội soi mở xoang sàng,Tai Mũi Họng,Exclude
6159,15.0078.0978,15.78,Phẫu thuật nội soi mở xoang hàm,Tai Mũi Họng,Exclude
6160,15.0079.0969,15.79,Phẫu thuật nội soi mở xoang bướm,Tai Mũi Họng,Exclude
6161,15.0081.0918,15.81,Phẫu thuật nội soi cắt polyp mũi,Tai Mũi Họng,Exclude
6162,15.0081.0919,15.81,Phẫu thuật nội soi cắt polyp mũi,Tai Mũi Họng,Exclude
6163,15.0082.0998,15.82,Phẫu thuật cắt polyp mũi bằng Laser,Tai Mũi Họng,Exclude
6164,15.0084.0974,15.84,"Phẫu thuật nội soi mở các xoang sàng, hàm, trán, bướm",Tai Mũi Họng,Exclude
6165,15.0085.0975,15.85,Phẫu thuật nội soi mở dẫn lưu/cắt bỏ u nhày xoang,Tai Mũi Họng,Exclude
6166,15.0086.1001,15.86,Phẫu thuật cắt u nang răng sinh/u nang sàn mũi,Tai Mũi Họng,Exclude
6167,15.0087.0968,15.87,Phẫu thuật ung thư sàng hàm,Tai Mũi Họng,Exclude
6168,15.0088.0941,15.88,Phẫu thuật cắt phần giữa xương hàm trong ung thư sàng hàm,Tai Mũi Họng,Exclude
6169,15.0089.0968,15.89,Phẫu thuật ung thư sàng hàm phối hợp nội soi,Tai Mũi Họng,Exclude
6170,15.0090.0956,15.90,Phẫu thuật mở cạnh mũi,Tai Mũi Họng,Exclude
6171,15.0091.0961,15.91,Phẫu thuật nội soi cắt u mũi xoang,Tai Mũi Họng,Exclude
6172,15.0092.0941,15.92,Phẫu thuật cắt u xơ mạch vòm họng theo đường ngoài,Tai Mũi Họng,Exclude
6173,15.0093.0963,15.93,Phẫu thuật nội soi cắt u xơ mạch vòm mũi họng,Tai Mũi Họng,Exclude
6174,15.0094.0958,15.94,Phẫu thuật nội soi cắt u vùng vòm mũi họng,Tai Mũi Họng,Exclude
6175,15.0095.0375,15.95,Phẫu thuật nội soi cắt u tuyến yên qua đường mũi,Ngoại khoa,Exclude
6176,15.0096.0973,15.96,Phẫu thuật nội soi cắt u thần kinh khứu giác,Tai Mũi Họng,Exclude
6177,15.0097.0960,15.97,Phẫu thuật nội soi cầm máu mũi,Tai Mũi Họng,Exclude
6178,15.0098.0929,15.98,Phẫu thuật nội soi cầm máu sau phẫu thuật nội soi mũi xoang,Tai Mũi Họng,Exclude
6179,15.0099.1001,15.99,Phẫu thuật nội soi tách dính niêm mạc hốc mũi,Tai Mũi Họng,Exclude
6180,15.0100.1001,15.100,Phẫu thuật nội soi tách dính niêm mạc hốc mũi bằng Laser,Tai Mũi Họng,Exclude
6181,15.0101.0969,15.101,Phẫu thuật tịt lỗ mũi sau bẩm sinh,Tai Mũi Họng,Exclude
6182,15.0102.0970,15.102,Phẫu thuật nội soi cắt vách mũi xoang,Tai Mũi Họng,Exclude
6183,15.0103.0942,15.103,Phẫu thuật cắt Concha Bullosa cuốn mũi,Tai Mũi Họng,Exclude
6184,15.0104.0942,15.104,Phẫu thuật nội soi chỉnh hình cuốn mũi giữa,Tai Mũi Họng,Exclude
6185,15.0105.0969,15.105,Phẫu thuật chỉnh hình cuốn mũi dưới,Tai Mũi Họng,Exclude
6186,15.0106.0969,15.106,Phẫu thuật nội soi chỉnh hình cuốn mũi dưới,Tai Mũi Họng,Exclude
6187,15.0107.0969,15.107,Phẫu thuật cuốn mũi dưới bằng sóng cao tần (Coblator),Tai Mũi Họng,Exclude
6188,15.0108.0969,15.108,Phẫu thuật chỉnh hình cuốn mũi dưới bằng Laser,Tai Mũi Họng,Exclude
6189,15.0109.0969,15.109,Phẫu thuật nội soi cắt cuốn dưới,Tai Mũi Họng,Exclude
6190,15.0110.0970,15.110,Phẫu thuật thủng vách ngăn mũi,Tai Mũi Họng,Exclude
6191,15.0111.0970,15.111,Phẫu thuật nội soi bịt lỗ thủng vách ngăn mũi,Tai Mũi Họng,Exclude
6192,15.0112.0970,15.112,Phẫu thuật chỉnh hình vách ngăn,Tai Mũi Họng,Exclude
6193,15.0113.0970,15.113,Phẫu thuật nội soi chỉnh hình vách ngăn mũi,Tai Mũi Họng,Exclude
6194,15.0114.0951,15.114,Phẫu thuật chấn thương xoang trán,Tai Mũi Họng,Exclude
6195,15.0116.0947,15.116,Phẫu thuật vỡ xoang hàm,Tai Mũi Họng,Exclude
6196,15.0117.1001,15.117,Phẫu thuật mở xoang hàm,Tai Mũi Họng,Exclude
6197,15.0118.0947,15.118,Phẫu thuật chấn thương xoang sàng- hàm,Tai Mũi Họng,Exclude
6198,15.0122.0946,15.122,Phẫu thuật chấn thương khối mũi sàng,Tai Mũi Họng,Exclude
6199,15.0123.0912,15.123,Phẫu thuật chỉnh hình sống mũi sau chấn thương,Tai Mũi Họng,Exclude
6200,15.0124.0951,15.124,Phẫu thuật kết hợp xương trong chấn thương sọ mặt,Tai Mũi Họng,Exclude
6201,15.0125.1001,15.125,Phẫu thuật xoang hàm Caldwell-Luc,Tai Mũi Họng,Exclude
6202,15.0126.1001,15.126,Phẫu thuật nội soi nong- dẫn lưu túi lệ,Tai Mũi Họng,Exclude
6203,15.0127.1002,15.127,Phẫu thuật mở lỗ thông mũi xoang qua khe dưới,Tai Mũi Họng,Exclude
6204,15.0128.1002,15.128,Phẫu thuật nội soi mở lỗ thông mũi xoang qua khe dưới,Tai Mũi Họng,Exclude
6205,15.0129.0921,15.129,Nội soi chọc thông xoang trán/xoang bướm gây tê/gây mê,Tai Mũi Họng,Exclude
6206,15.0130.0922,15.130,Đốt điện cuốn mũi dưới,Tai Mũi Họng,Exclude
6207,15.0130.0923,15.130,Đốt điện cuốn mũi dưới,Tai Mũi Họng,Exclude
6208,15.0131.0922,15.131,Nội soi đốt điện cuốn mũi dưới,Tai Mũi Họng,Exclude
6209,15.0131.0923,15.131,Nội soi đốt điện cuốn mũi dưới,Tai Mũi Họng,Exclude
6210,15.0132.0867,15.132,Bẻ cuốn mũi,Tai Mũi Họng,Exclude
6211,15.0133.0867,15.133,Nội soi bẻ cuốn mũi dưới,Tai Mũi Họng,Exclude
6212,15.0134.0913,15.134,Nâng xương chính mũi sau chấn thương,Tai Mũi Họng,Exclude
6213,15.0134.0912,15.134,Nâng xương chính mũi sau chấn thương,Tai Mũi Họng,Exclude
6214,15.0135.0168,15.135,Sinh thiết hốc mũi,Các thủ thuật và dịch vụ Nội soi,Exclude
6215,15.0136.1005,15.136,Nội soi sinh thiết u hốc mũi,Tai Mũi Họng,Exclude
6216,15.0137.0932,15.137,Nội soi sinh thiết u vòm,Tai Mũi Họng,Exclude
6217,15.0137.0931,15.137,Nội soi sinh thiết u vòm,Tai Mũi Họng,Exclude
6218,15.0138.0920,15.138,Chọc rửa xoang hàm,Tai Mũi Họng,Exclude
6219,15.0139.0897,15.139,Phương pháp Proetz,Tai Mũi Họng,Exclude
6220,15.0140.0916,15.140,Nhét bấc mũi sau,Tai Mũi Họng,Exclude
6221,15.0141.0916,15.141,Nhét bấc mũi trước,Tai Mũi Họng,Exclude
6222,15.0142.0869,15.142,Cầm máu mũi bằng Merocel,Tai Mũi Họng,Exclude
6223,15.0142.0868,15.142,Cầm máu mũi bằng Merocel,Tai Mũi Họng,Exclude
6224,15.0143.0906,15.143,Lấy dị vật mũi gây tê/gây mê,Tai Mũi Họng,Exclude
6225,15.0143.0907,15.143,Lấy dị vật mũi gây tê/gây mê,Tai Mũi Họng,Exclude
6226,15.0144.0906,15.144,Nội soi lấy dị vật mũi gây tê/gây mê,Tai Mũi Họng,Exclude
6227,15.0144.0907,15.144,Nội soi lấy dị vật mũi gây tê/gây mê,Tai Mũi Họng,Exclude
6228,15.0145.1002,15.145,Cầm máu điểm mạch mũi bằng hóa chất (Bạc Nitrat),Tai Mũi Họng,Exclude
6229,15.0147.1006,15.147,"Hút rửa mũi, xoang sau mổ",Tai Mũi Họng,Exclude
6230,15.0148.0966,15.148,Phẫu thuật chỉnh hình họng màn hầu lưỡi gà (UPPP),Tai Mũi Họng,Exclude
6231,15.0149.0937,15.149,Phẫu thuật cắt Amidan gây mê,Tai Mũi Họng,Exclude
6232,15.0149.2036,15.149,Phẫu thuật cắt Amidan gây mê,Tai Mũi Họng,Exclude
6233,15.0149.0870,15.149,Phẫu thuật cắt Amidan gây mê,Tai Mũi Họng,Exclude
6234,15.0150.0871,15.150,Phẫu thuật cắt amidan bằng Coblator,Tai Mũi Họng,Exclude
6235,15.0151.0937,15.151,Phẫu thuật cắt u Amidan,Tai Mũi Họng,Exclude
6236,15.0151.2036,15.151,Phẫu thuật cắt u Amidan,Tai Mũi Họng,Exclude
6237,15.0152.0988,15.152,Phẫu thuật xử trí chảy máu sau cắt Amidan (gây mê),Tai Mũi Họng,Exclude
6238,15.0154.0914,15.154,Phẫu thuật nạo VA gây mê nội khí quản,Tai Mũi Họng,Exclude
6239,15.0155.0958,15.155,Phẫu thuật nạo V.A nội soi,Tai Mũi Họng,Exclude
6240,15.0156.0929,15.156,Phẫu thuật nội soi nạo VA bằng Coblator (gây mê),Tai Mũi Họng,Exclude
6241,15.0157.0929,15.157,Phẫu thuật nội soi nạo VA bằng Microdebrider (Hummer) (gây mê),Tai Mũi Họng,Exclude
6242,15.0158.1002,15.158,Phẫu thuật nội soi cầm máu sau nạo VA (gây mê),Tai Mũi Họng,Exclude
6243,15.0159.0965,15.159,Phẫu thuật nội soi cắt u nang hạ họng/ hố lưỡi thanh thiệt,Tai Mũi Họng,Exclude
6244,15.0160.1000,15.160,Phẫu thuật dính mép trước dây thanh,Tai Mũi Họng,Exclude
6245,15.0161.0978,15.161,Phẫu thuật nội soi tách dính dây thanh,Tai Mũi Họng,Exclude
6246,15.0162.0978,15.162,Phẫu thuật nội soi bơm dây thanh (mỡ/Teflon...),Tai Mũi Họng,Exclude
6247,15.0163.1000,15.163,Phẫu thuật chỉnh hình thanh quản điều trị liệt dây thanh,Tai Mũi Họng,Exclude
6248,15.0164.1000,15.164,Phẫu thuật điều trị liệt cơ mở thanh quản hai bên,Tai Mũi Họng,Exclude
6249,15.0165.1000,15.165,Phẫu thuật treo sụn phễu,Tai Mũi Họng,Exclude
6250,15.0166.0978,15.166,Phẫu thuật nội soi vi phẫu thanh quản cắt u nang/ polyp/ hạt xơ/u hạt dây thanh (gây tê/gây mê),Tai Mũi Họng,Exclude
6251,15.0167.0978,15.167,Phẫu thuật nội soi vi phẫu thanh quản cắt u nang/ polyp/ hạt xơ/u hạt dây thanh bằng ống soi mền gây tê,Tai Mũi Họng,Exclude
6252,15.0168.0966,15.168,"Phẫu thuật nội soi cắt u lành tính thanh quản (papiloma, kén hơi thanh quản,…) (gây tê/gây mê)",Tai Mũi Họng,Exclude
6253,15.0169.0966,15.169,Phẫu thuật nội soi cắt u lành tính thanh quản bằng Microdebrider (Hummer),Tai Mũi Họng,Exclude
6254,15.0170.0966,15.170,Phẫu thuật nội soi cắt u lành tính thanh quản bằng Laser,Tai Mũi Họng,Exclude
6255,15.0171.0952,15.171,Phẫu thuật nội soi cắt ung thư thanh quản bằng Laser,Tai Mũi Họng,Exclude
6256,15.0172.0964,15.172,Phẫu thuật nội soi cắt dây thanh,Tai Mũi Họng,Exclude
6257,15.0173.0943,15.173,Phẫu thuật nội soi cắt dây thanh bằng laser,Tai Mũi Họng,Exclude
6258,15.0174.0120,15.174,Phẫu thuật mở khí quản (Gây tê/ gây mê),Các thủ thuật và dịch vụ Nội soi,Exclude
6259,15.0175.1000,15.175,"Phẫu thuật mở khí quản thể khó (trẻ sơ sinh, sau xạ trị, u vùng cổ, K tuyến giáp,…)",Tai Mũi Họng,Exclude
6260,15.0176.0965,15.176,Phẫu thuật nội soi cắt u khí quản ống cứng gây tê/gây mê,Tai Mũi Họng,Exclude
6261,15.0176.1000,15.176,Phẫu thuật nội soi cắt u khí quản ống cứng gây tê/gây mê,Tai Mũi Họng,Exclude
6262,15.0177.0965,15.177,Phẫu thuật nội soi cắt u khí quản ống mềm gây tê/gây mê,Tai Mũi Họng,Exclude
6263,15.0177.1001,15.177,Phẫu thuật nội soi cắt u khí quản ống mềm gây tê/gây mê,Tai Mũi Họng,Exclude
6264,15.0178.0965,15.178,Phẫu thuật nội soi cắt u phế quản ống cứng gây tê/gây mê,Tai Mũi Họng,Exclude
6265,15.0178.1000,15.178,Phẫu thuật nội soi cắt u phế quản ống cứng gây tê/gây mê,Tai Mũi Họng,Exclude
6266,15.0179.0965,15.179,Phẫu thuật nội soi cắt u phế quản ống mềm gây tê/gây mê,Tai Mũi Họng,Exclude
6267,15.0179.1001,15.179,Phẫu thuật nội soi cắt u phế quản ống mềm gây tê/gây mê,Tai Mũi Họng,Exclude
6268,15.0180.0955,15.180,Phẫu thuật nong hẹp thanh khí quản có stent,Tai Mũi Họng,Exclude
6269,15.0181.0955,15.181,Phẫu thuật nong hẹp thanh khí quản không có stent,Tai Mũi Họng,Exclude
6270,15.0182.0966,15.182,Phẫu thuật nội soi nong hẹp thanh khí quản có stent,Tai Mũi Họng,Exclude
6271,15.0183.0966,15.183,Phẫu thuật nội soi nong hẹp thanh khí quản không có stent,Tai Mũi Họng,Exclude
6272,15.0184.0948,15.184,Phẫu thuật chỉnh hình sẹo hẹp thanh khí quản bằng đặt ống nong,Tai Mũi Họng,Exclude
6273,15.0185.0883,15.185,Phẫu thuật chỉnh hình sẹo hẹp thanh khí quản bằng mảnh ghép sụn,Tai Mũi Họng,Exclude
6274,15.0186.0917,15.186,Nối khí quản tận - tận,Tai Mũi Họng,Exclude
6275,15.0187.0998,15.187,Phẫu thuật trong mềm sụn thanh quản,Tai Mũi Họng,Exclude
6276,15.0188.0925,15.188,Kỹ thuật đặt van phát âm,Tai Mũi Họng,Exclude
6277,15.0189.0948,15.189,Phẫu thuật chấn thương thanh khí quản,Tai Mũi Họng,Exclude
6278,15.0193.0157,15.193,Nội soi nong hẹp thực quản,Các thủ thuật và dịch vụ Nội soi,Exclude
6279,15.0194.1001,15.194,Phẫu thuật cắt u sàn miệng,Tai Mũi Họng,Exclude
6280,15.0195.1002,15.195,Phẫu thuật cắt u vùng niêm mạc má,Tai Mũi Họng,Exclude
6281,15.0196.1048,15.196,Phẫu thuật cắt u lưỡi (phần lưỡi di động),Răng Hàm Mặt,Exclude
6282,15.0197.2036,15.197,Phẫu thuật cắt một phần đáy lưỡi,Tai Mũi Họng,Exclude
6283,15.0198.0105,15.198,Nội soi nong hẹp thực quản có stent,Các thủ thuật và dịch vụ Nội soi,Exclude
6284,15.0202.0953,15.202,"Phẫu thuật Laser cắt u nang lành tính đáy lưỡi, hạ họng, màn hầu, Amidan",Tai Mũi Họng,Exclude
6285,15.0203.0988,15.203,"Nội soi cầm máu sau phẫu thuật vùng hạ họng, thanh quản",Tai Mũi Họng,Exclude
6286,15.0204.1043,15.204,Lấy sỏi ống tuyến Stenon đường miệng,Răng Hàm Mặt,Exclude
6287,15.0205.1043,15.205,Lấy sỏi ống tuyến Wharton đường miệng,Răng Hàm Mặt,Exclude
6288,15.0206.0879,15.206,Chích áp xe sàn miệng,Tai Mũi Họng,Exclude
6289,15.0206.0996,15.206,Chích áp xe sàn miệng,Tai Mũi Họng,Exclude
6290,15.0207.0995,15.207,Chích áp xe quanh Amidan,Tai Mũi Họng,Exclude
6291,15.0207.0878,15.207,Chích áp xe quanh Amidan,Tai Mũi Họng,Exclude
6292,15.0208.0916,15.208,"Cầm máu đơn giản sau phẫu thuật cắt Amidan, Nạo VA",Tai Mũi Họng,Exclude
6293,15.0209.1041,15.209,Cắt phanh lưỡi,Răng Hàm Mặt,Exclude
6294,15.0209.0996,15.209,Cắt phanh lưỡi,Tai Mũi Họng,Exclude
6295,15.0211.0168,15.211,Sinh thiết u họng miệng,Các thủ thuật và dịch vụ Nội soi,Exclude
6296,15.0212.0900,15.212,Lấy dị vật họng miệng,Tai Mũi Họng,Exclude
6297,15.0213.0900,15.213,Lấy dị vật hạ họng,Tai Mũi Họng,Exclude
6298,15.0214.1002,15.214,"Khâu phục hồi tổn thương đơn giản miệng, họng",Tai Mũi Họng,Exclude
6299,15.0215.0895,15.215,Đốt họng hạt bằng nhiệt,Tai Mũi Họng,Exclude
6300,15.0216.0894,15.216,"Áp lạnh họng hạt (Nitơ, CO2 lỏng)",Tai Mũi Họng,Exclude
6301,15.0216.0893,15.216,"Áp lạnh họng hạt (Nitơ, CO2 lỏng)",Tai Mũi Họng,Exclude
6302,15.0217.0892,15.217,"Áp lạnh Amidan (Nitơ, CO2 lỏng)",Tai Mũi Họng,Exclude
6303,15.0218.0899,15.218,Bơm thuốc thanh quản,Tai Mũi Họng,Exclude
6304,15.0219.1888,15.219,Đặt nội khí quản,Các thủ thuật và dịch vụ Nội soi,Exclude
6305,15.0220.0206,15.220,Thay canuyn,Các thủ thuật và dịch vụ Nội soi,Exclude
6306,15.0222.0898,15.222,Khí dung mũi họng,Tai Mũi Họng,Exclude
6307,15.0223.0879,15.223,Chích áp xe thành sau họng gây tê/gây mê,Tai Mũi Họng,Exclude
6308,15.0223.0996,15.223,Chích áp xe thành sau họng gây tê/gây mê,Tai Mũi Họng,Exclude
6309,15.0224.1002,15.224,Phẫu thuật chỉnh hình lỗ mở khí quản,Tai Mũi Họng,Exclude
6310,15.0225.0933,15.225,Nội soi hoạt nghiệm thanh quản,Tai Mũi Họng,Exclude
6311,15.0226.1005,15.226,Nội soi hạ họng ống cứng chẩn đoán gây tê,Tai Mũi Họng,Exclude
6312,15.0227.1005,15.227,Nội soi hạ họng ống mềm chẩn đoán gây tê,Tai Mũi Họng,Exclude
6313,15.0228.0932,15.228,Nội soi hạ họng ống cứng lấy dị vật gây tê/gây mê,Tai Mũi Họng,Exclude
6314,15.0229.0932,15.229,Nội soi hạ họng ống mềm lấy dị vật gây tê,Tai Mũi Họng,Exclude
6315,15.0230.0932,15.230,Nội soi hạ họng ống cứng sinh thiết u gây tê/gây mê,Tai Mũi Họng,Exclude
6316,15.0231.0932,15.231,Nội soi hạ họng ống mềm sinh thiết u gây tê,Tai Mũi Họng,Exclude
6317,15.0232.0135,15.232,Nội soi thực quản ống cứng chẩn đoán gây tê/gây mê,Các thủ thuật và dịch vụ Nội soi,Exclude
6318,15.0233.0135,15.233,Nội soi thực quản ống mềm chẩn đoán gây tê/gây mê,Các thủ thuật và dịch vụ Nội soi,Exclude
6319,15.0234.0925,15.234,Nội soi thực quản ống cứng lấy dị vật gây tê/gây mê,Tai Mũi Họng,Exclude
6320,15.0234.0927,15.234,Nội soi thực quản ống cứng lấy dị vật gây tê/gây mê,Tai Mũi Họng,Exclude
6321,15.0235.0926,15.235,Nội soi thực quản ống mềm lấy dị vật gây tê/gây mê,Tai Mũi Họng,Exclude
6322,15.0235.0928,15.235,Nội soi thực quản ống mềm lấy dị vật gây tê/gây mê,Tai Mũi Họng,Exclude
6323,15.0236.0925,15.236,Nội soi thực quản ống cứng sinh thiết u gây tê/gây mê,Tai Mũi Họng,Exclude
6324,15.0236.0927,15.236,Nội soi thực quản ống cứng sinh thiết u gây tê/gây mê,Tai Mũi Họng,Exclude
6325,15.0237.0926,15.237,Nội soi thực quản ống mềm sinh thiết u gây tê/gây mê,Tai Mũi Họng,Exclude
6326,15.0237.0928,15.237,Nội soi thực quản ống mềm sinh thiết u gây tê/gây mê,Tai Mũi Họng,Exclude
6327,15.0238.1004,15.238,Nội soi thanh quản ống cứng chẩn đoán gây tê,Tai Mũi Họng,Exclude
6328,15.0239.1004,15.239,Nội soi thanh quản ống mềm chẩn đoán gây tê,Tai Mũi Họng,Exclude
6329,15.0240.0904,15.240,Nội soi thanh quản ống cứng lấy dị vật gây tê/gây mê,Tai Mũi Họng,Exclude
6330,15.0240.0905,15.240,Nội soi thanh quản ống cứng lấy dị vật gây tê/gây mê,Tai Mũi Họng,Exclude
6331,15.0241.1003,15.241,Nội soi thanh quản ống mềm lấy dị vật gây tê,Tai Mũi Họng,Exclude
6332,15.0242.1004,15.242,Nội soi thanh quản ống cứng sinh thiết u gây tê/gây mê,Tai Mũi Họng,Exclude
6333,15.0243.0932,15.243,Nội soi thanh quản ống mềm sinh thiết u gây tê,Tai Mũi Họng,Exclude
6334,15.0244.1003,15.244,Nội soi khí quản ống cứng chẩn đoán gây tê/gây mê,Tai Mũi Họng,Exclude
6335,15.0245.1003,15.245,Nội soi khí quản ống mềm chẩn đoán gây tê,Tai Mũi Họng,Exclude
6336,15.0246.1003,15.246,Nội soi khí quản ống cứng lấy dị vật gây tê/gây mê,Tai Mũi Họng,Exclude
6337,15.0247.1003,15.247,Nội soi khí quản ống mềm lấy dị vật gây tê,Tai Mũi Họng,Exclude
6338,15.0248.1003,15.248,Nội soi khí quản ống cứng sinh thiết u gây tê/gây mê,Tai Mũi Họng,Exclude
6339,15.0249.1003,15.249,Nội soi khí quản ống mềm sinh thiết u gây tê,Tai Mũi Họng,Exclude
6340,15.0250.0130,15.250,Nội soi phế quản ống cứng chẩn đoán gây tê/gây mê,Các thủ thuật và dịch vụ Nội soi,Exclude
6341,15.0250.0128,15.250,Nội soi phế quản ống cứng chẩn đoán gây tê/gây mê,Các thủ thuật và dịch vụ Nội soi,Exclude
6342,15.0251.0130,15.251,Nội soi phế quản ống mềm chẩn đoán gây tê,Các thủ thuật và dịch vụ Nội soi,Exclude
6343,15.0252.0129,15.252,Nội soi phế quản ống cứng lấy dị vật gây tê/gây mê,Các thủ thuật và dịch vụ Nội soi,Exclude
6344,15.0252.0930,15.252,Nội soi phế quản ống cứng lấy dị vật gây tê/gây mê,Tai Mũi Họng,Exclude
6345,15.0253.0132,15.253,Nội soi phế quản ống mềm lấy dị vật gây tê/[gây mê],Các thủ thuật và dịch vụ Nội soi,Exclude
6346,15.0253.0129,15.253,Nội soi phế quản ống mềm lấy dị vật gây tê/[gây mê],Các thủ thuật và dịch vụ Nội soi,Exclude
6347,15.0254.0131,15.254,Nội soi phế quản ống cứng sinh thiết u gây tê/gây mê,Các thủ thuật và dịch vụ Nội soi,Exclude
6348,15.0254.0127,15.254,Nội soi phế quản ống cứng sinh thiết u gây tê/gây mê,Các thủ thuật và dịch vụ Nội soi,Exclude
6349,15.0255.0131,15.255,Nội soi phế quản ống mềm sinh thiết u gây tê,Các thủ thuật và dịch vụ Nội soi,Exclude
6350,15.0256.0572,15.256,Phẫu thuật khâu nối thần kinh ngoại biên vùng mặt cổ,Ngoại khoa,Exclude
6351,15.0257.1000,15.257,Phẫu thuật thắt động mạch cảnh ngoài,Tai Mũi Họng,Exclude
6352,15.0258.1000,15.258,Phẫu thuật thắt tĩnh mạch cảnh trong,Tai Mũi Họng,Exclude
6353,15.0259.0999,15.259,Phẫu thuật chấn thương mạch máu vùng cổ,Tai Mũi Họng,Exclude
6354,15.0260.0979,15.260,"Phẫu thuật phục hồi, tái tạo dây thần kinh VII (đoạn ngoài sọ)",Tai Mũi Họng,Exclude
6355,15.0261.0979,15.261,Phẫu thuật nối dây thần kinh VII trong xương chũm,Tai Mũi Họng,Exclude
6356,15.0262.0999,15.262,Phẫu thuật vùng chân bướm hàm,Tai Mũi Họng,Exclude
6357,15.0263.0941,15.263,Phẫu thuật cắt u đáy lưỡi/hạ họng theo đường mở xương hàm dưới có tái tạo,Tai Mũi Họng,Exclude
6358,15.0264.0940,15.264,Phẫu thuật cắt u đáy lưỡi/hạ họng theo đường mở xương hàm dưới không có tái tạo,Tai Mũi Họng,Exclude
6359,15.0265.0940,15.265,Phẫu thuật cắt u hạ họng/đáy lưỡi theo đường trên xương móng,Tai Mũi Họng,Exclude
6360,15.0266.0982,15.266,Phẫu thuật tạo hình họng – màn hầu bằng vạt cơ – niêm mạc thành sau họng,Tai Mũi Họng,Exclude
6361,15.0267.0982,15.267,"Phẫu thuật phục hồi tổn thương phức tạp miệng, họng bằng vạt cân cơ",Tai Mũi Họng,Exclude
6362,15.0268.0982,15.268,Phẫu thuật tạo hình họng - màn hầu sau cắt u ác tính,Tai Mũi Họng,Exclude
6363,15.0269.0982,15.269,Phẫu thuật tạo hình lưỡi sau cắt u ác tính,Tai Mũi Họng,Exclude
6364,15.0270.0982,15.270,Phẫu thuật tạo hình họng-thực quản sau cắt u ác tính,Tai Mũi Họng,Exclude
6365,15.0271.0938,15.271,Phẫu thuật cắt hạ họng bán phần,Tai Mũi Họng,Exclude
6366,15.0272.0938,15.272,Phẫu thuật cắt hạ họng - thanh quản bán phần có tạo hình,Tai Mũi Họng,Exclude
6367,15.0273.0876,15.273,Phẫu thuật cắt hạ họng - thanh quản toàn phần,Tai Mũi Họng,Exclude
6368,15.0274.0938,15.274,Phẫu thuật cắt thanh quản toàn phần,Tai Mũi Họng,Exclude
6369,15.0275.0938,15.275,Phẫu thuật cắt thanh quản bán phần đứng,Tai Mũi Họng,Exclude
6370,15.0276.0938,15.276,Phẫu thuật cắt thanh quản bán phần ngang trên thanh môn,Tai Mũi Họng,Exclude
6371,15.0277.0938,15.277,Phẫu thuật cắt bán phần thanh quản trên nhẫn kiểu CHEP,Tai Mũi Họng,Exclude
6372,15.0278.0980,15.278,Phẫu thuật mở sụn giáp cắt dây thanh,Tai Mũi Họng,Exclude
6373,15.0279.0488,15.279,Nạo vét hạch cổ tiệt căn,Ngoại khoa,Exclude
6374,15.0280.0488,15.280,Nạo vét hạch cổ chọn lọc,Ngoại khoa,Exclude
6375,15.0281.0488,15.281,Nạo vét hạch cổ chức năng,Ngoại khoa,Exclude
6376,15.0282.0945,15.282,Phẫu thuật cắt thùy nông tuyến mang tai-bảo tồn dây VII,Tai Mũi Họng,Exclude
6377,15.0283.0945,15.283,Phẫu thuật cắt tuyến mang tai có hoặc không bảo tồn dây VII,Tai Mũi Họng,Exclude
6378,15.0284.0944,15.284,Phẫu thuật cắt tuyến dưới hàm,Tai Mũi Họng,Exclude
6379,15.0285.0357,15.285,Phẫu thuật cắt tuyến giáp toàn phần,Nội tiết,Exclude
6380,15.0286.0357,15.286,Phẫu thuật cắt tuyến giáp gần toàn phần,Nội tiết,Exclude
6381,15.0287.0357,15.287,Phẫu thuật cắt thuỳ giáp,Nội tiết,Exclude
6382,15.0288.2036,15.288,Phẫu thuật cắt mỏm trâm theo đường miệng,Tai Mũi Họng,Exclude
6383,15.0289.0940,15.289,Phẫu thuật khối u khoảng bên họng,Tai Mũi Họng,Exclude
6384,15.0290.0955,15.290,Phẫu thuật mở cạnh cổ dẫn lưu áp xe,Tai Mũi Họng,Exclude
6385,15.0291.0985,15.291,Phẫu thuật rò sống mũi,Tai Mũi Họng,Exclude
6386,15.0292.0957,15.292,Phẫu thuật nang rò giáp lưỡi,Tai Mũi Họng,Exclude
6387,15.0293.0945,15.293,Phẫu thuật rò khe mang I,Tai Mũi Họng,Exclude
6388,15.0294.0945,15.294,Phẫu thuật rò khe mang I có bộc lộ dây VII,Tai Mũi Họng,Exclude
6389,15.0295.0944,15.295,Phẫu thuật lấy nang rò khe mang II,Tai Mũi Họng,Exclude
6390,15.0296.0980,15.296,Phẫu thuật rò xoang lê,Tai Mũi Họng,Exclude
6391,15.0297.0966,15.297,Phẫu thuật túi thừa Zenker,Tai Mũi Họng,Exclude
6392,15.0298.0966,15.298,Phẫu thuật cắt kén hơi thanh quản,Tai Mũi Họng,Exclude
6393,15.0299.0988,15.299,Phẫu thuật mở lại hốc mổ cầm máu sau phẫu thuật vùng đầu cổ,Tai Mũi Họng,Exclude
6394,15.0300.0955,15.300,Phẫu thuật sinh thiết hạch cổ,Tai Mũi Họng,Exclude
6395,15.0301.0216,15.301,"Khâu vết thương đơn giản vùng đầu, mặt, cổ",Các thủ thuật và dịch vụ Nội soi,Exclude
6396,15.0301.0217,15.301,"Khâu vết thương đơn giản vùng đầu, mặt, cổ",Các thủ thuật và dịch vụ Nội soi,Exclude
6397,15.0301.0218,15.301,"Khâu vết thương đơn giản vùng đầu, mặt, cổ",Các thủ thuật và dịch vụ Nội soi,Exclude
6398,15.0301.0219,15.301,"Khâu vết thương đơn giản vùng đầu, mặt, cổ",Các thủ thuật và dịch vụ Nội soi,Exclude
6399,15.0302.0075,15.302,Cắt chỉ sau phẫu thuật,Các thủ thuật và dịch vụ Nội soi,Exclude
6400,15.0303.0202,15.303,Thay băng vết mổ,Các thủ thuật và dịch vụ Nội soi,Exclude
6401,15.0303.0204,15.303,Thay băng vết mổ,Các thủ thuật và dịch vụ Nội soi,Exclude
6402,15.0303.0205,15.303,Thay băng vết mổ,Các thủ thuật và dịch vụ Nội soi,Exclude
6403,15.0303.0200,15.303,Thay băng vết mổ,Các thủ thuật và dịch vụ Nội soi,Exclude
6404,15.0303.2047,15.303,Thay băng vết mổ,Các thủ thuật và dịch vụ Nội soi,Exclude
6405,15.0304.0505,15.304,Chích áp xe nhỏ vùng đầu cổ,Ngoại khoa,Exclude
6406,15.0320.0985,15.320,Phẫu thuật tạo hình tháp mũi bằng vật liệu ghép tự thân,Tai Mũi Họng,Exclude
6407,15.0321.0912,15.321,Nắn chỉnh hình tháp mũi sau chấn thương,Tai Mũi Họng,Exclude
6408,15.0322.0985,15.322,Phẫu thuật tạo hình chít hẹp cửa mũi trước,Tai Mũi Họng,Exclude
6409,15.0323.0985,15.323,Phẫu thuật tạo hình chít hẹp/tịt cửa mũi sau,Tai Mũi Họng,Exclude
6410,15.0327.0982,15.327,"Phẫu thuật tái tạo hình tổn thương mất chất vùng mặt bằng vạt da, cân cơ, xương",Tai Mũi Họng,Exclude
6411,15.0328.0982,15.328,"Phẫu thuật tạo hình tổn thương mất chất vùng mặt bằng mảnh ghép tự do da, cân cơ, xương",Tai Mũi Họng,Exclude
6412,15.0329.0979,15.329,Phẫu thuật tạo hình mặt do liệt dây VII,Tai Mũi Họng,Exclude
6413,15.0330.0985,15.330,Phẫu thuật tạo hình vùng mặt thiểu sản,Tai Mũi Họng,Exclude
6414,15.0331.1049,15.331,Phẫu thuật cắt u da vùng mặt,Răng Hàm Mặt,Exclude
6415,15.0335.1084,15.335,Phẫu thuật tạo hình vá khe hở vòm miệng bằng vạt tại chỗ,Răng Hàm Mặt,Exclude
6416,15.0336.1085,15.336,Phẫu thuật tạo hình khe hở vòm miệng bằng vạt thành sau họng,Răng Hàm Mặt,Exclude
6417,15.0337.1086,15.337,Phẫu thuật tạo hình khe hở môi,Răng Hàm Mặt,Exclude
6418,15.0345.0970,15.345,Phẫu thuật lấy sụn vành tai làm vật liệu ghép tự thân,Tai Mũi Họng,Exclude
6419,15.0346.0970,15.346,Phẫu thuật lấy sụn vách ngăn mũi làm vật liệu ghép tự thân,Tai Mũi Họng,Exclude
6420,15.0347.0970,15.347,Phẫu thuật lấy sụn sườn làm vật liệu ghép tự thân,Tai Mũi Họng,Exclude
6421,15.0350.0970,15.350,Phẫu thuật tạo hình khuyết bộ phận vành tai bằng vạt da,Tai Mũi Họng,Exclude
6422,15.0351.0999,15.351,Phẫu thuật tạo hình toàn bộ vành tai bằng vật liệu ghép tự thân,Tai Mũi Họng,Exclude
6423,15.0352.0999,15.352,Phẫu thuật tạo hình vành tai bằng sụn sườn,Tai Mũi Họng,Exclude
6424,15.0353.1000,15.353,Phẫu thuật tạo hình toàn bộ vành tai bằng vật liệu ghép tổng hợp,Tai Mũi Họng,Exclude
6425,15.0354.1000,15.354,Phẫu thuật tạo hình khuyết bộ phận vành tai bằng vật liệu ghép tự thân/ vật liệu ghép tổng hợp,Tai Mũi Họng,Exclude
6426,15.0355.1001,15.355,Phẫu thuật chỉnh hình thu nhỏ vành tai,Tai Mũi Họng,Exclude
6427,15.0356.1001,15.356,Phẫu thuật chỉnh hình vành tai cụp,Tai Mũi Họng,Exclude
6428,15.0357.1001,15.357,Phẫu thuật chỉnh hình vành tai vùi,Tai Mũi Họng,Exclude
6429,15.0359.2036,15.359,Phẫu thuật cắt Amidan bằng Plasma,Tai Mũi Họng,Exclude
6430,15.0360.0977,15.360,Phẫu thuật nội soi nạo VA bằng Plasma (gây mê),Tai Mũi Họng,Exclude
6431,15.0361.2036,15.361,Phẫu thuật cắt u vùng họng miệng,Tai Mũi Họng,Exclude
6432,15.0367.0924,15.367,Nội soi đường hô hấp và tiêu hóa trên,Tai Mũi Họng,Exclude
6433,15.0371.0940,15.371,Phẫu thuật cắt ung thư Amidan sử dụng dao siêu âm/ dao Ligasure / Laser CO2,Tai Mũi Họng,Exclude
6434,15.0372.0967,15.372,Phẫu thuật nội soi cắt u máu hạ họng - thanh quản bằng dao siêu âm,Tai Mũi Họng,Exclude
6435,15.0375.0952,15.375,Phẫu thuật mở sụn giáp cắt dây thanh bằng Laser CO2,Tai Mũi Họng,Exclude
6436,15.0376.0488,15.376,Nạo vét hạch cổ tiệt căn sử dụng dao siêu âm/ Ligasure,Ngoại khoa,Exclude
6437,15.0377.0488,15.377,Nạo vét hạch cổ chọn lọc sử dụng dao siêu âm/ Ligasure,Ngoại khoa,Exclude
6438,15.0378.0488,15.378,Nạo vét hạch cổ chức năng sử dụng dao siêu âm/ Ligasure,Ngoại khoa,Exclude
6439,15.0379.0945,15.379,Phẫu thuật cắt thùy nông tuyến mang tai- bảo tồn dây VII sử dụng NIM dò tìm dây VII,Tai Mũi Họng,Exclude
6440,15.0380.0945,15.380,Phẫu thuật cắt tuyến mang tai có hoặc không bảo tồn dây VII sử dụng dao siêu âm / Ligasure,Tai Mũi Họng,Exclude
6441,15.0381.0356,15.381,Phẫu thuật cắt tuyến giáp sử dụng dao siêu âm/ Ligasure,Nội tiết,Exclude
6442,15.0382.0358,15.382,Phẫu thuật nội soi cắt tuyến giáp sử dụng dao siêu âm,Nội tiết,Exclude
6443,15.0383.0939,15.383,Phẫu thuật khối u khoảng bên họng bằng dao siêu âm/ Ligasure,Tai Mũi Họng,Exclude
6444,15.0385.0961,15.385,Phẫu thuật nội soi cắt u mũi xoang xâm lấn nền sọ sử dụng định vị Navigation,Tai Mũi Họng,Exclude
6445,15.0388.0961,15.388,Phẫu thuật nội soi cắt u vùng hố yên sử dụng định vị Navigation,Tai Mũi Họng,Exclude
6446,15.0389.0936,15.389,Phẫu thuật áp xe não do tai sử dụng định vị Navigation,Tai Mũi Họng,Exclude
6447,15.0390.0961,15.390,Phẫu thuật cắt ung thư hốc mắt xâm lấn các xoang mặt,Tai Mũi Họng,Exclude
6448,15.0391.0955,15.391,"Phẫu thuật mở cạnh cổ lấy dị vật (dị vật thực quản, hỏa khí…)",Tai Mũi Họng,Exclude
6449,15.0393.0998,15.393,Phẫu thuật nội soi đóng lỗ rò xoang lê bằng laser/nhiệt,Tai Mũi Họng,Exclude
6450,15.0395.0877,15.395,Cắt u cuộn cảnh,Tai Mũi Họng,Exclude
6451,15.0396.0884,15.396,Đo ABR (1 lần),Tai Mũi Họng,Exclude
6452,15.0398.0889,15.398,Đo sức nghe lời,Tai Mũi Họng,Exclude
6453,15.0399.0891,15.399,Đo trên ngưỡng,Tai Mũi Họng,Exclude
6454,15.0400.0939,15.400,Phẫu thuật cắt bỏ u thành bên họng lan lên đáy sọ có kiểm soát bằng kính hiển vi và nội soi,Tai Mũi Họng,Exclude
6455,15.9001.2048,15.9001,Nội soi Mũi xoang,Tai Mũi Họng,Exclude
6456,16.0022.1037,16.22,Phẫu thuật tái tạo xương sống hàm bằng ghép xương đông khô và đặt màng sinh học,Răng Hàm Mặt,Exclude
6457,16.0023.1037,16.23,Phẫu thuật tái tạo xương sống hàm bằng ghép xương nhân tạo và đặt màng sinh học,Răng Hàm Mặt,Exclude
6458,16.0025.1037,16.25,Phẫu thuật điều trị khuyết hổng chẽ chân răng bằng ghép xương nhân tạo và đặt màng sinh học,Răng Hàm Mặt,Exclude
6459,16.0034.1038,16.34,Phẫu thuật vạt điều trị túi quanh răng,Răng Hàm Mặt,Exclude
6460,16.0035.1023,16.35,Phẫu thuật nạo túi lợi,Răng Hàm Mặt,Exclude
6461,16.0043.1020,16.43,Lấy cao răng,Răng Hàm Mặt,Exclude
6462,16.0043.1021,16.43,Lấy cao răng,Răng Hàm Mặt,Exclude
6463,16.0044.1013,16.44,Điều trị tủy răng có sử dụng siêu âm và hàn kín hệ thống ống tủy bằng Gutta percha nguội.,Răng Hàm Mặt,Exclude
6464,16.0044.1015,16.44,Điều trị tủy răng có sử dụng siêu âm và hàn kín hệ thống ống tủy bằng Gutta percha nguội.,Răng Hàm Mặt,Exclude
6465,16.0044.1014,16.44,Điều trị tủy răng có sử dụng siêu âm và hàn kín hệ thống ống tủy bằng Gutta percha nguội.,Răng Hàm Mặt,Exclude
6466,16.0044.1012,16.44,Điều trị tủy răng có sử dụng siêu âm và hàn kín hệ thống ống tủy bằng Gutta percha nguội.,Răng Hàm Mặt,Exclude
6467,16.0045.1013,16.45,Điều trị tủy răng có sử dụng siêu âm và hàn kín hệ thống ống tủy bằng Gutta percha nóng chảy,Răng Hàm Mặt,Exclude
6468,16.0045.1015,16.45,Điều trị tủy răng có sử dụng siêu âm và hàn kín hệ thống ống tủy bằng Gutta percha nóng chảy,Răng Hàm Mặt,Exclude
6469,16.0045.1014,16.45,Điều trị tủy răng có sử dụng siêu âm và hàn kín hệ thống ống tủy bằng Gutta percha nóng chảy,Răng Hàm Mặt,Exclude
6470,16.0045.1012,16.45,Điều trị tủy răng có sử dụng siêu âm và hàn kín hệ thống ống tủy bằng Gutta percha nóng chảy,Răng Hàm Mặt,Exclude
6471,16.0046.1013,16.46,Điều trị tuỷ răng có sử dụng Laser và hàn kín hệ thống ống tuỷ bằng Gutta percha nguội,Răng Hàm Mặt,Exclude
6472,16.0046.1015,16.46,Điều trị tuỷ răng có sử dụng Laser và hàn kín hệ thống ống tuỷ bằng Gutta percha nguội,Răng Hàm Mặt,Exclude
6473,16.0046.1014,16.46,Điều trị tuỷ răng có sử dụng Laser và hàn kín hệ thống ống tuỷ bằng Gutta percha nguội,Răng Hàm Mặt,Exclude
6474,16.0046.1012,16.46,Điều trị tuỷ răng có sử dụng Laser và hàn kín hệ thống ống tuỷ bằng Gutta percha nguội,Răng Hàm Mặt,Exclude
6475,16.0047.1013,16.47,Điều trị tuỷ răng có sử dụng Laser và hàn kín hệ thống ống tuỷ bằng Gutta percha nóng chảy,Răng Hàm Mặt,Exclude
6476,16.0047.1015,16.47,Điều trị tuỷ răng có sử dụng Laser và hàn kín hệ thống ống tuỷ bằng Gutta percha nóng chảy,Răng Hàm Mặt,Exclude
6477,16.0047.1012,16.47,Điều trị tuỷ răng có sử dụng Laser và hàn kín hệ thống ống tuỷ bằng Gutta percha nóng chảy,Răng Hàm Mặt,Exclude
6478,16.0047.1014,16.47,Điều trị tuỷ răng có sử dụng Laser và hàn kín hệ thống ống tuỷ bằng Gutta percha nóng chảy,Răng Hàm Mặt,Exclude
6479,16.0048.1013,16.48,Điều trị tuỷ răng có sử dụng kính hiển vi và hàn kín hệ thống ống tuỷ bằng Gutta percha nguội,Răng Hàm Mặt,Exclude
6480,16.0048.1015,16.48,Điều trị tuỷ răng có sử dụng kính hiển vi và hàn kín hệ thống ống tuỷ bằng Gutta percha nguội,Răng Hàm Mặt,Exclude
6481,16.0048.1014,16.48,Điều trị tuỷ răng có sử dụng kính hiển vi và hàn kín hệ thống ống tuỷ bằng Gutta percha nguội,Răng Hàm Mặt,Exclude
6482,16.0048.1012,16.48,Điều trị tuỷ răng có sử dụng kính hiển vi và hàn kín hệ thống ống tuỷ bằng Gutta percha nguội,Răng Hàm Mặt,Exclude
6483,16.0049.1013,16.49,Điều trị tuỷ răng có sử dụng kính hiển vi và hàn kín hệ thống ống tuỷ bằng Gutta percha nóng chảy,Răng Hàm Mặt,Exclude
6484,16.0049.1015,16.49,Điều trị tuỷ răng có sử dụng kính hiển vi và hàn kín hệ thống ống tuỷ bằng Gutta percha nóng chảy,Răng Hàm Mặt,Exclude
6485,16.0049.1014,16.49,Điều trị tuỷ răng có sử dụng kính hiển vi và hàn kín hệ thống ống tuỷ bằng Gutta percha nóng chảy,Răng Hàm Mặt,Exclude
6486,16.0049.1012,16.49,Điều trị tuỷ răng có sử dụng kính hiển vi và hàn kín hệ thống ống tuỷ bằng Gutta percha nóng chảy,Răng Hàm Mặt,Exclude
6487,16.0050.1013,16.50,Điều trị tủy răng và hàn kín hệ thống ống tủy bằng Gutta percha nguội,Răng Hàm Mặt,Exclude
6488,16.0050.1015,16.50,Điều trị tủy răng và hàn kín hệ thống ống tủy bằng Gutta percha nguội,Răng Hàm Mặt,Exclude
6489,16.0050.1012,16.50,Điều trị tủy răng và hàn kín hệ thống ống tủy bằng Gutta percha nguội,Răng Hàm Mặt,Exclude
6490,16.0050.1014,16.50,Điều trị tủy răng và hàn kín hệ thống ống tủy bằng Gutta percha nguội,Răng Hàm Mặt,Exclude
6491,16.0051.1013,16.51,Điều trị tủy răng và hàn kín hệ thống ống tủy bằng Gutta percha nóng chảy,Răng Hàm Mặt,Exclude
6492,16.0051.1015,16.51,Điều trị tủy răng và hàn kín hệ thống ống tủy bằng Gutta percha nóng chảy,Răng Hàm Mặt,Exclude
6493,16.0051.1014,16.51,Điều trị tủy răng và hàn kín hệ thống ống tủy bằng Gutta percha nóng chảy,Răng Hàm Mặt,Exclude
6494,16.0051.1012,16.51,Điều trị tủy răng và hàn kín hệ thống ống tủy bằng Gutta percha nóng chảy,Răng Hàm Mặt,Exclude
6495,16.0052.1013,16.52,Điều trị tuỷ răng và hàn kín hệ thống ống tủy bằng Gutta percha nguội có sử dụng trâm xoay cầm tay,Răng Hàm Mặt,Exclude
6496,16.0052.1015,16.52,Điều trị tuỷ răng và hàn kín hệ thống ống tủy bằng Gutta percha nguội có sử dụng trâm xoay cầm tay,Răng Hàm Mặt,Exclude
6497,16.0052.1014,16.52,Điều trị tuỷ răng và hàn kín hệ thống ống tủy bằng Gutta percha nguội có sử dụng trâm xoay cầm tay,Răng Hàm Mặt,Exclude
6498,16.0052.1012,16.52,Điều trị tuỷ răng và hàn kín hệ thống ống tủy bằng Gutta percha nguội có sử dụng trâm xoay cầm tay,Răng Hàm Mặt,Exclude
6499,16.0053.1014,16.53,Điều trị tủy răng và hàn kín hệ thống ống tuỷ bằng Gutta percha nóng chảy có sử dụng trâm xoay cầm tay,Răng Hàm Mặt,Exclude
6500,16.0053.1013,16.53,Điều trị tủy răng và hàn kín hệ thống ống tuỷ bằng Gutta percha nóng chảy có sử dụng trâm xoay cầm tay,Răng Hàm Mặt,Exclude
6501,16.0053.1015,16.53,Điều trị tủy răng và hàn kín hệ thống ống tuỷ bằng Gutta percha nóng chảy có sử dụng trâm xoay cầm tay,Răng Hàm Mặt,Exclude
6502,16.0053.1012,16.53,Điều trị tủy răng và hàn kín hệ thống ống tuỷ bằng Gutta percha nóng chảy có sử dụng trâm xoay cầm tay,Răng Hàm Mặt,Exclude
6503,16.0054.1013,16.54,Điều trị tủy răng và hàn kín hệ thống ống tuỷ bằng Gutta percha nguội có sử dụng trâm xoay máy,Răng Hàm Mặt,Exclude
6504,16.0054.1015,16.54,Điều trị tủy răng và hàn kín hệ thống ống tuỷ bằng Gutta percha nguội có sử dụng trâm xoay máy,Răng Hàm Mặt,Exclude
6505,16.0054.1014,16.54,Điều trị tủy răng và hàn kín hệ thống ống tuỷ bằng Gutta percha nguội có sử dụng trâm xoay máy,Răng Hàm Mặt,Exclude
6506,16.0054.1012,16.54,Điều trị tủy răng và hàn kín hệ thống ống tuỷ bằng Gutta percha nguội có sử dụng trâm xoay máy,Răng Hàm Mặt,Exclude
6507,16.0055.1013,16.55,Điều trị tủy răng và hàn kín hệ thống ống tủy bằng Gutta percha nóng chảy có sử dụng trâm xoay máy,Răng Hàm Mặt,Exclude
6508,16.0055.1015,16.55,Điều trị tủy răng và hàn kín hệ thống ống tủy bằng Gutta percha nóng chảy có sử dụng trâm xoay máy,Răng Hàm Mặt,Exclude
6509,16.0055.1014,16.55,Điều trị tủy răng và hàn kín hệ thống ống tủy bằng Gutta percha nóng chảy có sử dụng trâm xoay máy,Răng Hàm Mặt,Exclude
6510,16.0055.1012,16.55,Điều trị tủy răng và hàn kín hệ thống ống tủy bằng Gutta percha nóng chảy có sử dụng trâm xoay máy,Răng Hàm Mặt,Exclude
6511,16.0056.1032,16.56,Chụp tuỷ bằng MTA,Răng Hàm Mặt,Exclude
6512,16.0057.1032,16.57,Chụp tuỷ bằng Hydroxit canxi,Răng Hàm Mặt,Exclude
6513,16.0061.1011,16.61,Điều trị tủy lại,Răng Hàm Mặt,Exclude
6514,16.0064.1031,16.64,Điều trị sâu ngà răng phục hồi bằng Amalgam có sử dụng Laser,Răng Hàm Mặt,Exclude
6515,16.0065.1031,16.65,Điều trị sâu ngà răng phục hồi bằng Composite có sử dụng Laser,Răng Hàm Mặt,Exclude
6516,16.0066.1031,16.66,Điều trị sâu ngà răng phục hồi bằng GlassIonomer Cement (GIC) có sử dụng Laser,Răng Hàm Mặt,Exclude
6517,16.0067.1031,16.67,Điều trị sâu ngà răng phục hồi bằng GlassIonomer Cement (GIC) kết hợp Composite,Răng Hàm Mặt,Exclude
6518,16.0068.1031,16.68,Điều trị sâu ngà răng phục hồi bằng Composite,Răng Hàm Mặt,Exclude
6519,16.0069.1031,16.69,Điều trị sâu ngà răng phục hồi bằng Amalgam,Răng Hàm Mặt,Exclude
6520,16.0070.1031,16.70,Điều trị sâu ngà răng phục hồi bằng GlassIonomer Cement,Răng Hàm Mặt,Exclude
6521,16.0071.1018,16.71,Phục hồi cổ răng bằng GlassIonomer Cement,Răng Hàm Mặt,Exclude
6522,16.0072.1018,16.72,Phục hồi cổ răng bằng Composite,Răng Hàm Mặt,Exclude
6523,16.0074.1018,16.74,Phục hồi cổ răng bằng GlassIonomer Cement (GIC) có sử dụng Laser,Răng Hàm Mặt,Exclude
6524,16.0075.1018,16.75,Phục hồi cổ răng bằng Composite có sử dụng Laser,Răng Hàm Mặt,Exclude
6525,16.0197.1036,16.197,Phẫu thuật nhổ răng lạc chỗ,Răng Hàm Mặt,Exclude
6526,16.0198.1026,16.198,Phẫu thuật nhổ răng ngầm,Răng Hàm Mặt,Exclude
6527,16.0199.1028,16.199,Phẫu thuật nhổ răng khôn mọc lệch hàm trên,Răng Hàm Mặt,Exclude
6528,16.0200.1028,16.200,Phẫu thuật nhổ răng khôn mọc lệch hàm dưới,Răng Hàm Mặt,Exclude
6529,16.0201.1028,16.201,Phẫu thuật nhổ răng khôn mọc lệch có cắt thân,Răng Hàm Mặt,Exclude
6530,16.0202.1028,16.202,Phẫu thuật nhổ răng khôn mọc lệch có cắt thân chia chân răng,Răng Hàm Mặt,Exclude
6531,16.0203.1026,16.203,Nhổ răng vĩnh viễn,Răng Hàm Mặt,Exclude
6532,16.0204.1025,16.204,Nhổ răng vĩnh viễn lung lay,Răng Hàm Mặt,Exclude
6533,16.0205.1024,16.205,Nhổ chân răng vĩnh viễn,Răng Hàm Mặt,Exclude
6534,16.0206.1026,16.206,Nhổ răng thừa,Răng Hàm Mặt,Exclude
6535,16.0214.1007,16.214,Cắt lợi trùm răng khôn hàm dưới,Răng Hàm Mặt,Exclude
6536,16.0216.1041,16.216,Phẫu thuật cắt phanh lưỡi,Răng Hàm Mặt,Exclude
6537,16.0217.1041,16.217,Phẫu thuật cắt phanh môi,Răng Hàm Mặt,Exclude
6538,16.0218.1041,16.218,Phẫu thuật cắt phanh má,Răng Hàm Mặt,Exclude
6539,16.0220.1042,16.220,Cấy lại răng bị bật khỏi ổ răng,Răng Hàm Mặt,Exclude
6540,16.0222.1035,16.222,Trám bít hố rãnh với GlassIonomer Cement quang trùng hợp,Răng Hàm Mặt,Exclude
6541,16.0223.1035,16.223,Trám bít hố rãnh với Composite hoá trùng hợp,Răng Hàm Mặt,Exclude
6542,16.0224.1035,16.224,Trám bít hố rãnh với Composite quang trùng hợp,Răng Hàm Mặt,Exclude
6543,16.0225.1035,16.225,Trám bít hố rãnh bằng nhựa Sealant,Răng Hàm Mặt,Exclude
6544,16.0226.1035,16.226,Trám bít hố rãnh bằng GlassIonomer Cement,Răng Hàm Mặt,Exclude
6545,16.0230.1010,16.230,Điều trị răng sữa viêm tuỷ có hồi phục,Răng Hàm Mặt,Exclude
6546,16.0232.1016,16.232,Điều trị tuỷ răng sữa,Răng Hàm Mặt,Exclude
6547,16.0232.1017,16.232,Điều trị tuỷ răng sữa,Răng Hàm Mặt,Exclude
6548,16.0233.1050,16.233,Điều trị đóng cuống răng bằng Canxi Hydroxit,Răng Hàm Mặt,Exclude
6549,16.0234.1050,16.234,Điều trị đóng cuống răng bằng MTA,Răng Hàm Mặt,Exclude
6550,16.0235.1019,16.235,Điều trị răng sữa sâu ngà phục hồi bằng Amalgam,Răng Hàm Mặt,Exclude
6551,16.0236.1019,16.236,Điều trị răng sữa sâu ngà phục hồi bằng GlassIonomer Cement,Răng Hàm Mặt,Exclude
6552,16.0238.1029,16.238,Nhổ răng sữa,Răng Hàm Mặt,Exclude
6553,16.0239.1029,16.239,Nhổ chân răng sữa,Răng Hàm Mặt,Exclude
6554,16.0242.1067,16.242,Phẫu thuật điều trị gãy lồi cầu xương hàm dưới bằng chỉ thép,Răng Hàm Mặt,Exclude
6555,16.0243.1067,16.243,Phẫu thuật điều trị gãy lồi cầu xương hàm dưới bằng nẹp vít hợp kim,Răng Hàm Mặt,Exclude
6556,16.0244.1067,16.244,Phẫu thuật điều trị gãy lồi cầu xương hàm dưới bằng nẹp vít tự tiêu,Răng Hàm Mặt,Exclude
6557,16.0245.1067,16.245,Phẫu thuật điều trị gãy lồi cầu xương hàm dưới bằng vật liệu thay thế,Răng Hàm Mặt,Exclude
6558,16.0246.1067,16.246,"Phẫu thuật điều trị gãy lồi cầu xương hàm dưới bằng ghép xương, sụn tự thân",Răng Hàm Mặt,Exclude
6559,16.0247.1069,16.247,Phẫu thuật điều trị gãy Lefort I bằng chỉ thép,Răng Hàm Mặt,Exclude
6560,16.0248.1069,16.248,Phẫu thuật điều trị gãy Lefort I bằng nẹp vít hợp kim,Răng Hàm Mặt,Exclude
6561,16.0249.1069,16.249,Phẫu thuật điều trị gãy Lefort I bằng nẹp vít tự tiêu,Răng Hàm Mặt,Exclude
6562,16.0250.1069,16.250,Phẫu thuật điều trị gãy Lefort II bằng chỉ thép,Răng Hàm Mặt,Exclude
6563,16.0251.1069,16.251,Phẫu thuật điều trị gãy Lefort II bằng nẹp vít hợp kim,Răng Hàm Mặt,Exclude
6564,16.0252.1069,16.252,Phẫu thuật điểu trị gãy Lefort II bằng nẹp vít tự tiêu,Răng Hàm Mặt,Exclude
6565,16.0253.1069,16.253,Phẫu thuật điều trị gãy Lefort III bằng chỉ thép,Răng Hàm Mặt,Exclude
6566,16.0254.1069,16.254,Phẫu thuật điều trị gãy Lefort III bằng nẹp vít hợp kim,Răng Hàm Mặt,Exclude
6567,16.0255.1069,16.255,Phẫu thuật điều trị gãy Lefort III bằng nẹp vít tự tiêu,Răng Hàm Mặt,Exclude
6568,16.0263.1064,16.263,Phẫu thuật chỉnh hình xương 2 hàm,Răng Hàm Mặt,Exclude
6569,16.0264.1072,16.264,Phẫu thuật điều trị dính khớp thái dương hàm 1 bên bằng ghép xương - sụn tự thân,Răng Hàm Mặt,Exclude
6570,16.0265.1071,16.265,Phẫu thuật điều trị dính khớp thái dương hàm 1 bên bằng ghép vật liệu thay thế,Răng Hàm Mặt,Exclude
6571,16.0266.1074,16.266,Phẫu thuật điều trị dính khớp thái dương hàm 2 bên bằng ghép xương - sụn tự thân,Răng Hàm Mặt,Exclude
6572,16.0267.1073,16.267,Phẫu thuật điều trị dính khớp thái dương hàm 2 bên bằng vật liệu thay thế,Răng Hàm Mặt,Exclude
6573,16.0268.1068,16.268,Phẫu thuật điều trị gãy xương hàm dưới bằng chỉ thép,Răng Hàm Mặt,Exclude
6574,16.0269.1068,16.269,Phẫu thuật điều trị gãy xương hàm dưới bằng nẹp vít hợp kim,Răng Hàm Mặt,Exclude
6575,16.0270.1068,16.270,Phẫu thuật điều trị gãy xương hàm dưới bằng nẹp vít tự tiêu,Răng Hàm Mặt,Exclude
6576,16.0271.1095,16.271,Phẫu thuật điều trị gãy xương gò má bằng chỉ thép,Răng Hàm Mặt,Exclude
6577,16.0272.1095,16.272,Phẫu thuật điều trị gãy xương gò má bằng nẹp vít hợp kim,Răng Hàm Mặt,Exclude
6578,16.0273.1095,16.273,Phẫu thuật điều trị gãy xương gò má bằng nẹp vít tự tiêu,Răng Hàm Mặt,Exclude
6579,16.0274.1095,16.274,Phẫu thuật điểu trị gãy cung tiếp bằng chỉ thép,Răng Hàm Mặt,Exclude
6580,16.0275.1095,16.275,Phẫu thuật điều trị gãy cung tiếp bằng nẹp vít hợp kim,Răng Hàm Mặt,Exclude
6581,16.0276.1095,16.276,Phẫu thuật điều trị gãy cung tiếp bằng nẹp vít tự tiêu,Răng Hàm Mặt,Exclude
6582,16.0277.1066,16.277,Phẫu thuật điều trị gãy xương gò má - cung tiếp bằng chỉ thép,Răng Hàm Mặt,Exclude
6583,16.0278.1066,16.278,Phẫu thuật điều trị gãy xương gò má - cung tiếp bằng nẹp vít hợp kim,Răng Hàm Mặt,Exclude
6584,16.0279.1066,16.279,Phẫu thuật điều trị gãy xương gò má - cung tiếp bằng nẹp vít tự tiêu,Răng Hàm Mặt,Exclude
6585,16.0280.1066,16.280,Điều trị gãy xương gò má - cung tiếp bằng nắn chỉnh (có gây mê hoặc gây tê),Răng Hàm Mặt,Exclude
6586,16.0286.1068,16.286,Điều trị gãy xương hàm dưới bằng cung cố định 2 hàm,Răng Hàm Mặt,Exclude
6587,16.0287.1068,16.287,Điều trị gãy xương hàm dưới bằng buộc nút Ivy cố định 2 hàm,Răng Hàm Mặt,Exclude
6588,16.0288.1068,16.288,Điều trị gãy xương hàm dưới bằng vít neo chặn cố định 2 hàm,Răng Hàm Mặt,Exclude
6589,16.0291.1065,16.291,Phẫu thuật điều trị đa chấn thương vùng hàm mặt,Răng Hàm Mặt,Exclude
6590,16.0294.1079,16.294,Phẫu thuật lấy dị vật vùng hàm mặt,Răng Hàm Mặt,Exclude
6591,16.0295.0576,16.295,Phẫu thuật điều trị vết thương phần mềm vùng hàm mặt có thiếu hổng tổ chức,Ngoại khoa,Exclude
6592,16.0298.1009,16.298,Cố định tạm thời sơ cứu gãy xương hàm,Răng Hàm Mặt,Exclude
6593,16.0306.1043,16.306,Phẫu thuật lấy sỏi ống Wharton tuyến dưới hàm,Răng Hàm Mặt,Exclude
6594,16.0311.1057,16.311,Phẫu thuật ghép xương bằng vật liệu thay thế tức thì sau cắt đoạn xương hàm trên,Răng Hàm Mặt,Exclude
6595,16.0312.1056,16.312,Phẫu thuật ghép xương tự thân tự do tức thì sau cắt đoạn xương hàm dưới,Răng Hàm Mặt,Exclude
6596,16.0314.1055,16.314,Phẫu thuật ghép xương với khung nẹp hợp kim tức thì sau cắt đoạn xương hàm dưới,Răng Hàm Mặt,Exclude
6597,16.0316.1054,16.316,Phẫu thuật cắt nhánh ổ mắt của dây thần kinh V,Răng Hàm Mặt,Exclude
6598,16.0317.1054,16.317,Phẫu thuật cắt nhánh dưới hàm của dây thần kinh V,Răng Hàm Mặt,Exclude
6599,16.0318.1077,16.318,Phẫu thuật tạo hình các khuyết hổng lớn vùng hàm mặt bằng vạt da cơ,Răng Hàm Mặt,Exclude
6600,16.0319.1058,16.319,Phẫu thuật cắt bỏ tuyến nước bọt mang tai bảo tồn thần kinh VII,Răng Hàm Mặt,Exclude
6601,16.0323.1081,16.323,Phẫu thuật mở xoang hàm để lấy chóp răng hoặc răng ngầm,Răng Hàm Mặt,Exclude
6602,16.0333.1070,16.333,Phẫu thuật rạch dẫn lưu viêm tấy lan toả vùng hàm mặt,Răng Hàm Mặt,Exclude
6603,16.0335.1022,16.335,Nắn sai khớp thái dương hàm,Răng Hàm Mặt,Exclude
6604,16.0336.1053,16.336,Nắn sai khớp thái dương hàm dưới gây mê,Răng Hàm Mặt,Exclude
6605,16.0337.1053,16.337,Nắn sai khớp thái dương hàm đến muộn có gây tê,Răng Hàm Mặt,Exclude
6606,16.0341.1087,16.341,Phẫu thuật điều trị khe hở môi một bên,Răng Hàm Mặt,Exclude
6607,16.0342.1086,16.342,Phẫu thuật điều trị khe hở môi hai bên,Răng Hàm Mặt,Exclude
6608,16.0343.1083,16.343,Phẫu thuật điều trị khe hở chéo mặt một bên,Răng Hàm Mặt,Exclude
6609,16.0344.1083,16.344,Phẫu thuật điều trị khe hở chéo mặt hai bên,Răng Hàm Mặt,Exclude
6610,16.0345.1084,16.345,Phẫu thuật điều trị khe hở vòm miệng không toàn bộ,Răng Hàm Mặt,Exclude
6611,16.0346.1084,16.346,Phẫu thuật điều trị khe hở vòm miệng toàn bộ,Răng Hàm Mặt,Exclude
6612,16.0348.1089,16.348,"Phẫu thuật tháo nẹp, vít",Răng Hàm Mặt,Exclude
6613,16.0348.1090,16.348,"Phẫu thuật tháo nẹp, vít",Răng Hàm Mặt,Exclude
6614,16.0348.1091,16.348,"Phẫu thuật tháo nẹp, vít",Răng Hàm Mặt,Exclude
6615,17.0001.0254,17.1,Điều trị bằng sóng ngắn,Y học dân tộc và Phục hồi chức năng,Exclude
6616,17.0002.0254,17.2,Điều trị bằng sóng cực ngắn,Y học dân tộc và Phục hồi chức năng,Exclude
6617,17.0003.0254,17.3,Điều trị bằng vi sóng,Y học dân tộc và Phục hồi chức năng,Exclude
6618,17.0004.0232,17.4,Điều trị bằng từ trường,Y học dân tộc và Phục hồi chức năng,Exclude
6619,17.0005.0231,17.5,Điều trị bằng dòng điện một chiều đều,Y học dân tộc và Phục hồi chức năng,Exclude
6620,17.0006.0231,17.6,Điều trị bằng điện phân dẫn thuốc,Y học dân tộc và Phục hồi chức năng,Exclude
6621,17.0007.0234,17.7,Điều trị bằng các dòng điện xung,Y học dân tộc và Phục hồi chức năng,Exclude
6622,17.0008.0253,17.8,Điều trị bằng siêu âm,Y học dân tộc và Phục hồi chức năng,Exclude
6623,17.0009.0255,17.9,Điều trị bằng sóng xung kích,Y học dân tộc và Phục hồi chức năng,Exclude
6624,17.0010.0236,17.10,Điều trị bằng dòng giao thoa,Y học dân tộc và Phục hồi chức năng,Exclude
6625,17.0011.0237,17.11,Điều trị bằng tia hồng ngoại,Y học dân tộc và Phục hồi chức năng,Exclude
6626,17.0012.0243,17.12,Điều trị bằng Laser công suất thấp,Y học dân tộc và Phục hồi chức năng,Exclude
6627,17.0013.0275,17.13,Đo liều sinh học trong điều trị tia tử ngoại,Y học dân tộc và Phục hồi chức năng,Exclude
6628,17.0014.0275,17.14,Điều trị bằng tia tử ngoại tại chỗ,Y học dân tộc và Phục hồi chức năng,Exclude
6629,17.0015.0275,17.15,Điều trị bằng tia tử ngoại toàn thân,Y học dân tộc và Phục hồi chức năng,Exclude
6630,17.0018.0221,17.18,Điều trị bằng Parafin,Y học dân tộc và Phục hồi chức năng,Exclude
6631,17.0019.0272,17.19,Điều trị bằng bồn xoáy hoặc bể sục,Y học dân tộc và Phục hồi chức năng,Exclude
6632,17.0022.0272,17.22,"Thủy trị liệu toàn thân (bể bơi, bồn ngâm)",Y học dân tộc và Phục hồi chức năng,Exclude
6633,17.0023.0272,17.23,Điều trị bằng bùn,Y học dân tộc và Phục hồi chức năng,Exclude
6634,17.0024.0272,17.24,Điều trị bằng nước khoáng,Y học dân tộc và Phục hồi chức năng,Exclude
6635,17.0025.1116,17.25,Điều trị bằng oxy cao áp,Bỏng,Exclude
6636,17.0026.0220,17.26,Điều trị bằng máy kéo giãn cột sống,Y học dân tộc và Phục hồi chức năng,Exclude
6637,17.0027.0232,17.27,Điều trị bằng điện trường cao áp,Y học dân tộc và Phục hồi chức năng,Exclude
6638,17.0028.0232,17.28,Điều trị bằng ion tĩnh điện,Y học dân tộc và Phục hồi chức năng,Exclude
6639,17.0030.0232,17.30,Điều trị bằng tĩnh điện trường,Y học dân tộc và Phục hồi chức năng,Exclude
6640,17.0033.0266,17.33,Kỹ thuật tập tay và bàn tay cho người bệnh liệt nửa người,Y học dân tộc và Phục hồi chức năng,Exclude
6641,17.0034.0267,17.34,Kỹ thuật tập đứng và đi cho người bệnh liệt nửa người,Y học dân tộc và Phục hồi chức năng,Exclude
6642,17.0037.0267,17.37,Tập ngồi thăng bằng tĩnh và động,Y học dân tộc và Phục hồi chức năng,Exclude
6643,17.0039.0267,17.39,Tập đứng thăng bằng tĩnh và động,Y học dân tộc và Phục hồi chức năng,Exclude
6644,17.0041.0268,17.41,Tập đi với thanh song song,Y học dân tộc và Phục hồi chức năng,Exclude
6645,17.0042.0268,17.42,Tập đi với khung tập đi,Y học dân tộc và Phục hồi chức năng,Exclude
6646,17.0043.0268,17.43,"Tập đi với nạng (nạng nách, nạng khuỷu)",Y học dân tộc và Phục hồi chức năng,Exclude
6647,17.0044.0268,17.44,Tập đi với gậy,Y học dân tộc và Phục hồi chức năng,Exclude
6648,17.0045.0268,17.45,Tập đi với bàn xương cá,Y học dân tộc và Phục hồi chức năng,Exclude
6649,17.0046.0268,17.46,Tập đi trên máy thảm lăn (Treadmill),Y học dân tộc và Phục hồi chức năng,Exclude
6650,17.0047.0268,17.47,"Tập lên, xuống cầu thang",Y học dân tộc và Phục hồi chức năng,Exclude
6651,17.0048.0268,17.48,"Tập đi trên các địa hình khác nhau (dốc, sỏi, gồ ghề...)",Y học dân tộc và Phục hồi chức năng,Exclude
6652,17.0049.0268,17.49,Tập đi với chân giả trên gối,Y học dân tộc và Phục hồi chức năng,Exclude
6653,17.0050.0268,17.50,Tập đi với chân giả dưới gối,Y học dân tộc và Phục hồi chức năng,Exclude
6654,17.0051.0268,17.51,Tập đi với khung treo,Y học dân tộc và Phục hồi chức năng,Exclude
6655,17.0052.0267,17.52,Tập vận động thụ động,Y học dân tộc và Phục hồi chức năng,Exclude
6656,17.0053.0267,17.53,Tập vận động có trợ giúp,Y học dân tộc và Phục hồi chức năng,Exclude
6657,17.0056.0267,17.56,Tập vận động có kháng trở,Y học dân tộc và Phục hồi chức năng,Exclude
6658,17.0058.0268,17.58,Tập vận động trên bóng,Y học dân tộc và Phục hồi chức năng,Exclude
6659,17.0059.0268,17.59,Tập trong bồn bóng nhỏ,Y học dân tộc và Phục hồi chức năng,Exclude
6660,17.0062.0267,17.62,Tập tạo thuận thần kinh cơ cảm thụ bản thể chức năng,Y học dân tộc và Phục hồi chức năng,Exclude
6661,17.0063.0268,17.63,Tập với thang tường,Y học dân tộc và Phục hồi chức năng,Exclude
6662,17.0064.0268,17.64,Tập với giàn treo các chi,Y học dân tộc và Phục hồi chức năng,Exclude
6663,17.0065.0269,17.65,Tập với ròng rọc,Y học dân tộc và Phục hồi chức năng,Exclude
6664,17.0066.0268,17.66,Tập với dụng cụ quay khớp vai,Y học dân tộc và Phục hồi chức năng,Exclude
6665,17.0067.0268,17.67,Tập với dụng cụ chèo thuyền,Y học dân tộc và Phục hồi chức năng,Exclude
6666,17.0068.0268,17.68,Tập thăng bằng với bàn bập bênh,Y học dân tộc và Phục hồi chức năng,Exclude
6667,17.0069.0268,17.69,Tập với máy tập thăng bằng,Y học dân tộc và Phục hồi chức năng,Exclude
6668,17.0070.0261,17.70,Tập với ghế tập mạnh cơ Tứ đầu đùi,Y học dân tộc và Phục hồi chức năng,Exclude
6669,17.0071.0270,17.71,Tập với xe đạp tập,Y học dân tộc và Phục hồi chức năng,Exclude
6670,17.0072.0268,17.72,Tập với bàn nghiêng,Y học dân tộc và Phục hồi chức năng,Exclude
6671,17.0073.0277,17.73,Tập các kiểu thở,Y học dân tộc và Phục hồi chức năng,Exclude
6672,17.0075.0277,17.75,Tập ho có trợ giúp,Y học dân tộc và Phục hồi chức năng,Exclude
6673,17.0078.0238,17.78,Kỹ thuật kéo nắn trị liệu,Y học dân tộc và Phục hồi chức năng,Exclude
6674,17.0085.0282,17.85,Kỹ thuật xoa bóp vùng,Y học dân tộc và Phục hồi chức năng,Exclude
6675,17.0086.0283,17.86,Kỹ thuật xoa bóp toàn thân,Y học dân tộc và Phục hồi chức năng,Exclude
6676,17.0090.0267,17.90,Tập điều hợp vận động,Y học dân tộc và Phục hồi chức năng,Exclude
6677,17.0091.0262,17.91,"Tập mạnh cơ đáy chậu (cơ sàn chậu, Pelvis floor)",Y học dân tộc và Phục hồi chức năng,Exclude
6678,17.0092.0268,17.92,Kỹ thuật tập sử dụng và điều khiển xe lăn,Y học dân tộc và Phục hồi chức năng,Exclude
6679,17.0102.0258,17.102,Tập tri giác và nhận thức,Y học dân tộc và Phục hồi chức năng,Exclude
6680,17.0104.0264,17.104,Tập nuốt,Y học dân tộc và Phục hồi chức năng,Exclude
6681,17.0104.0263,17.104,Tập nuốt,Y học dân tộc và Phục hồi chức năng,Exclude
6682,17.0108.0260,17.108,"Tập giao tiếp (ngôn ngữ ký hiệu, hình ảnh…)",Y học dân tộc và Phục hồi chức năng,Exclude
6683,17.0109.0265,17.109,Tập cho người thất ngôn,Y học dân tộc và Phục hồi chức năng,Exclude
6684,17.0111.0265,17.111,Tập sửa lỗi phát âm,Y học dân tộc và Phục hồi chức năng,Exclude
6685,17.0124.1784,17.124,Đo áp lực bàng quang bằng máy niệu động học,Thăm dò chức năng,Exclude
6686,17.0125.1783,17.125,Đo áp lực bàng quang bằng cột thước nước,Thăm dò chức năng,Exclude
6687,17.0126.1786,17.126,Đo áp lực hậu môn trực tràng,Thăm dò chức năng,Exclude
6688,17.0129.1785,17.129,Đo áp lực bàng quang ở người bệnh nhi,Thăm dò chức năng,Exclude
6689,17.0130.0250,17.130,Phong bế thần kinh bằng Phenol để điều trị co cứng cơ,Y học dân tộc và Phục hồi chức năng,Exclude
6690,17.0131.0274,17.131,Tiêm Botulinum toxine vào điểm vận động để điều trị co cứng cơ,Y học dân tộc và Phục hồi chức năng,Exclude
6691,17.0132.0273,17.132,Tiêm Botulinum toxine vào cơ thành bàng quang để điều trị bàng quang tăng hoạt động,Y học dân tộc và Phục hồi chức năng,Exclude
6692,17.0133.0242,17.133,Kỹ thuật thông tiểu ngắt quãng trong phục hồi chức năng tủy sống,Y học dân tộc và Phục hồi chức năng,Exclude
6693,17.0134.0240,17.134,Kỹ thuật tập đường ruột cho người bệnh tổn thương tủy sống,Y học dân tộc và Phục hồi chức năng,Exclude
6694,17.0135.0239,17.135,Kỹ thuật can thiệp rối loạn đại tiện bằng phản hồi sinh học (Biofeedback),Y học dân tộc và Phục hồi chức năng,Exclude
6695,17.0136.0519,17.136,Kỹ thuật điều trị bàn chân khoèo bẩm sinh theo phương pháp Ponsetti,Ngoại khoa,Exclude
6696,17.0136.0520,17.136,Kỹ thuật điều trị bàn chân khoèo bẩm sinh theo phương pháp Ponsetti,Ngoại khoa,Exclude
6697,17.0138.0523,17.138,Kỹ thuật bó bột Hip Spica Cast điều trị trật khớp háng bẩm sinh,Ngoại khoa,Exclude
6698,17.0138.0524,17.138,Kỹ thuật bó bột Hip Spica Cast điều trị trật khớp háng bẩm sinh,Ngoại khoa,Exclude
6699,17.0141.0241,17.141,Kỹ thuật sử dụng tay giả trên khuỷu,Y học dân tộc và Phục hồi chức năng,Exclude
6700,17.0142.0241,17.142,Kỹ thuật sử dụng tay giả dưới khuỷu,Y học dân tộc và Phục hồi chức năng,Exclude
6701,17.0143.0241,17.143,Kỹ thuật sử dụng nẹp dạng khớp háng (SWASH),Y học dân tộc và Phục hồi chức năng,Exclude
6702,17.0144.0241,17.144,Kỹ thuật sử dụng chân giả tháo khớp háng,Y học dân tộc và Phục hồi chức năng,Exclude
6703,17.0145.0241,17.145,Kỹ thuật sử dụng chân giả trên gối,Y học dân tộc và Phục hồi chức năng,Exclude
6704,17.0146.0241,17.146,Kỹ thuật sử dụng chân giả dưới gối,Y học dân tộc và Phục hồi chức năng,Exclude
6705,17.0147.0241,17.147,Kỹ thuật sử dụng áo nẹp chỉnh hình cột sống ngực- thắt lưng TLSO (điều trị cong vẹo cột sống),Y học dân tộc và Phục hồi chức năng,Exclude
6706,17.0148.0241,17.148,Kỹ thuật sử dụng áo nẹp chỉnh hình cột sống thắt lưng LSO (điều trị cong vẹo cột sống),Y học dân tộc và Phục hồi chức năng,Exclude
6707,17.0149.0241,17.149,Kỹ thuật sử dụng nẹp cổ bàn tay WHO,Y học dân tộc và Phục hồi chức năng,Exclude
6708,17.0150.0241,17.150,Kỹ thuật sử dụng nẹp trên gối có khớp háng HKAFO,Y học dân tộc và Phục hồi chức năng,Exclude
6709,17.0151.0241,17.151,Kỹ thuật sử dụng nẹp gối cổ bàn chân KAFO,Y học dân tộc và Phục hồi chức năng,Exclude
6710,17.0152.0241,17.152,Kỹ thuật sử dụng nẹp cổ bàn chân AFO,Y học dân tộc và Phục hồi chức năng,Exclude
6711,17.0153.0241,17.153,Kỹ thuật sử dụng nẹp bàn chân FO,Y học dân tộc và Phục hồi chức năng,Exclude
6712,17.0158.0233,17.158,Điều trị bằng điện vi dòng,Y học dân tộc và Phục hồi chức năng,Exclude
6713,17.0159.0243,17.159,Điều trị bằng Laser công suất thấp vào điểm vận động và huyệt đạo,Y học dân tộc và Phục hồi chức năng,Exclude
6714,17.0160.0245,17.160,Điều trị bằng Laser công suất thấp nội mạch,Y học dân tộc và Phục hồi chức năng,Exclude
6715,17.0161.0228,17.161,Điều trị chườm ngải cứu,Y học dân tộc và Phục hồi chức năng,Exclude
6716,17.0162.0272,17.162,Thủy trị liệu có thuốc,Y học dân tộc và Phục hồi chức năng,Exclude
6717,17.0163.0272,17.163,Thủy trị liệu cho người bệnh sau bỏng,Y học dân tộc và Phục hồi chức năng,Exclude
6718,17.0168.0281,17.168,Kỹ thuật xoa bóp bằng máy,Y học dân tộc và Phục hồi chức năng,Exclude
6719,17.0175.0238,17.175,Kỹ thuật kéo dãn cho trẻ em bị vẹo cổ bẩm sinh,Y học dân tộc và Phục hồi chức năng,Exclude
6720,17.0187.0268,17.187,Kỹ thuật tập đi trên máy Treadmill với nâng đỡ một phần trọng lượng,Y học dân tộc và Phục hồi chức năng,Exclude
6721,17.0195.0226,17.195,Chẩn đoán điện thần kinh cơ,Y học dân tộc và Phục hồi chức năng,Exclude
6722,17.0215.0274,17.215,Tiêm Botulinum toxine vào điểm vận động để điều trị loạn trương lực cơ cổ,Y học dân tộc và Phục hồi chức năng,Exclude
6723,17.0216.0274,17.216,Tiêm Botulinum toxine vào điểm vận động để điều trị loạn trương lực cơ khu trú,Y học dân tộc và Phục hồi chức năng,Exclude
6724,17.0232.0241,17.232,Kỹ thuật sử dụng nẹp chỉnh hình tư thế cổ cho bệnh nhân sau bỏng,Y học dân tộc và Phục hồi chức năng,Exclude
6725,17.0233.0241,17.233,"Kỹ thuật sử dụng nẹp chỉnh hình tư thế chân, tay cho bệnh nhân sau bỏng",Y học dân tộc và Phục hồi chức năng,Exclude
6726,17.0240.0527,17.240,Kỹ thuật bó bột cánh-cẳng-bàn tay không nắn làm khuôn nẹp bàn tay trên khuỷu,Ngoại khoa,Exclude
6727,17.0240.0528,17.240,Kỹ thuật bó bột cánh-cẳng-bàn tay không nắn làm khuôn nẹp bàn tay trên khuỷu,Ngoại khoa,Exclude
6728,17.0241.0527,17.241,Kỹ thuật bó bột cánh-cẳng-bàn tay có nắn làm khuôn nẹp bàn tay trên khuỷu,Ngoại khoa,Exclude
6729,17.0250.0256,17.250,Tập do cứng khớp,Y học dân tộc và Phục hồi chức năng,Exclude
6730,17.0251.0268,17.251,Tập vận động với các dụng cụ trợ giúp,Y học dân tộc và Phục hồi chức năng,Exclude
6731,17.0252.0279,17.252,Xoa bóp áp lực hơi,Y học dân tộc và Phục hồi chức năng,Exclude
6732,18.0001.0001,18.1,Siêu âm tuyến giáp,Siêu âm,Exclude
6733,18.0002.0001,18.2,Siêu âm các tuyến nước bọt,Siêu âm,Exclude
6734,18.0003.0001,18.3,Siêu âm cơ phần mềm vùng cổ mặt,Siêu âm,Exclude
6735,18.0004.0001,18.4,Siêu âm hạch vùng cổ,Siêu âm,Exclude
6736,18.0005.0069,18.5,Siêu âm đàn hồi nhu mô tuyến giáp,Một số kỹ thuật chẩn đoán hình ảnh khác,Exclude
6737,18.0006.0001,18.6,Siêu âm hốc mắt,Siêu âm,Exclude
6738,18.0007.0001,18.7,Siêu âm qua thóp,Siêu âm,Exclude
6739,18.0008.0001,18.8,Siêu âm nhãn cầu,Siêu âm,Exclude
6740,18.0009.0069,18.9,Siêu âm Doppler hốc mắt,Một số kỹ thuật chẩn đoán hình ảnh khác,Exclude
6741,18.0010.0069,18.10,"Siêu âm Doppler u tuyến, hạch vùng cổ",Một số kỹ thuật chẩn đoán hình ảnh khác,Exclude
6742,18.0011.0001,18.11,Siêu âm màng phổi,Siêu âm,Exclude
6743,18.0012.0001,18.12,"Siêu âm thành ngực (cơ, phần mềm thành ngực)",Siêu âm,Exclude
6744,18.0013.0001,18.13,Siêu âm các khối u phổi ngoại vi,Siêu âm,Exclude
6745,18.0015.0001,18.15,"Siêu âm ổ bụng (gan mật, tụy, lách, thận, bàng quang)",Siêu âm,Exclude
6746,18.0016.0001,18.16,"Siêu âm hệ tiết niệu (thận, tuyến thượng thận, bàng quang, tiền liệt tuyến)",Siêu âm,Exclude
6747,18.0017.0003,18.17,Siêu âm tiền liệt tuyến qua trực tràng,Siêu âm,Exclude
6748,18.0018.0001,18.18,Siêu âm tử cung phần phụ,Siêu âm,Exclude
6749,18.0019.0001,18.19,"Siêu âm ống tiêu hóa (dạ dày, ruột non, đại tràng)",Siêu âm,Exclude
6750,18.0020.0001,18.20,"Siêu âm thai (thai, nhau thai, nước ối)",Siêu âm,Exclude
6751,18.0021.0069,18.21,Siêu âm Doppler các khối u trong ổ bụng,Một số kỹ thuật chẩn đoán hình ảnh khác,Exclude
6752,18.0022.0069,18.22,Siêu âm Doppler gan lách,Một số kỹ thuật chẩn đoán hình ảnh khác,Exclude
6753,18.0023.0004,18.23,"Siêu âm Doppler mạch máu ổ bụng (động mạch chủ, mạc treo tràng trên, thân tạng…)",Siêu âm,Exclude
6754,18.0024.0004,18.24,Siêu âm Doppler động mạch thận,Siêu âm,Exclude
6755,18.0025.0069,18.25,Siêu âm Doppler tử cung phần phụ,Một số kỹ thuật chẩn đoán hình ảnh khác,Exclude
6756,18.0026.0069,18.26,"Siêu âm Doppler thai nhi (thai, nhau thai, dây rốn, động mạch tử cung)",Một số kỹ thuật chẩn đoán hình ảnh khác,Exclude
6757,18.0029.0004,18.29,"Siêu âm Doppler tĩnh mạch chậu, chủ dưới",Siêu âm,Exclude
6758,18.0030.0001,18.30,Siêu âm tử cung buồng trứng qua đường bụng,Siêu âm,Exclude
6759,18.0031.0003,18.31,Siêu âm tử cung buồng trứng qua đường âm đạo,Siêu âm,Exclude
6760,18.0032.0069,18.32,"Siêu âm Doppler tử cung, buồng trứng qua đường bụng",Một số kỹ thuật chẩn đoán hình ảnh khác,Exclude
6761,18.0033.0004,18.33,"Siêu âm Doppler tử cung, buồng trứng qua đường âm đạo",Siêu âm,Exclude
6762,18.0034.0001,18.34,Siêu âm thai nhi trong 3 tháng đầu,Siêu âm,Exclude
6763,18.0035.0001,18.35,Siêu âm thai nhi trong 3 tháng giữa,Siêu âm,Exclude
6764,18.0036.0001,18.36,Siêu âm thai nhi trong 3 tháng cuối,Siêu âm,Exclude
6765,18.0037.0004,18.37,Siêu âm Doppler động mạch tử cung,Siêu âm,Exclude
6766,18.0043.0001,18.43,"Siêu âm khớp (gối, háng, khuỷu, cổ tay….)",Siêu âm,Exclude
6767,18.0044.0001,18.44,"Siêu âm phần mềm (da, tổ chức dưới da, cơ….)",Siêu âm,Exclude
6768,18.0045.0004,18.45,"Siêu âm Doppler động mạch, tĩnh mạch chi dưới",Siêu âm,Exclude
6769,18.0046.0004,18.46,Siêu âm cầu nối động mạch tĩnh mạch,Siêu âm,Exclude
6770,18.0047.0009,18.47,Siêu âm nội mạch,Siêu âm,Exclude
6771,18.0048.0004,18.48,"Doppler động mạch cảnh, Doppler xuyên sọ",Siêu âm,Exclude
6772,18.0049.0004,18.49,"Siêu âm tim, màng tim qua thành ngực",Siêu âm,Exclude
6773,18.0050.0008,18.50,"Siêu âm tim, màng tim qua thực quản",Siêu âm,Exclude
6774,18.0051.0005,18.51,"Siêu âm tim, mạch máu có cản âm",Siêu âm,Exclude
6775,18.0052.0004,18.52,"Siêu âm Doppler tim, van tim",Siêu âm,Exclude
6776,18.0053.0007,18.53,Siêu âm 3D/4D tim,Siêu âm,Exclude
6777,18.0054.0001,18.54,Siêu âm tuyến vú hai bên,Siêu âm,Exclude
6778,18.0055.0069,18.55,Siêu âm Doppler tuyến vú,Một số kỹ thuật chẩn đoán hình ảnh khác,Exclude
6779,18.0056.0069,18.56,Siêu âm đàn hồi mô vú,Một số kỹ thuật chẩn đoán hình ảnh khác,Exclude
6780,18.0057.0001,18.57,Siêu âm tinh hoàn hai bên,Siêu âm,Exclude
6781,18.0058.0069,18.58,"Siêu âm Doppler tinh hoàn, mào tinh hoàn hai bên",Một số kỹ thuật chẩn đoán hình ảnh khác,Exclude
6782,18.0059.0001,18.59,Siêu âm dương vật,Siêu âm,Exclude
6783,18.0060.0069,18.60,Siêu âm Doppler dương vật,Một số kỹ thuật chẩn đoán hình ảnh khác,Exclude
6784,18.0062.0145,18.62,Siêu âm nội soi,Các thủ thuật và dịch vụ Nội soi,Exclude
6785,18.0064.0177,18.64,Sinh thiết tiền liệt tuyến qua siêu âm nội soi đường trực tràng,Các thủ thuật và dịch vụ Nội soi,Exclude
6786,18.0065.0069,18.65,"Siêu âm đàn hồi mô (gan, tuyến vú…)",Một số kỹ thuật chẩn đoán hình ảnh khác,Exclude
6787,18.0066.0003,18.66,Siêu âm 3D/4D trực tràng,Siêu âm,Exclude
6788,18.0067.0013,18.67,Chụp Xquang sọ thẳng/nghiêng,Chụp X-quang thường,Exclude
6789,18.0067.0029,18.67,Chụp Xquang sọ thẳng/nghiêng,Chụp Xquang số hóa,Exclude
6790,18.0067.0028,18.67,Chụp Xquang sọ thẳng/nghiêng,Chụp Xquang số hóa,Exclude
6791,18.0067.0010,18.67,Chụp Xquang sọ thẳng/nghiêng,Chụp X-quang thường,Exclude
6792,18.0068.0013,18.68,Chụp Xquang mặt thẳng nghiêng,Chụp X-quang thường,Exclude
6793,18.0068.0029,18.68,Chụp Xquang mặt thẳng nghiêng,Chụp Xquang số hóa,Exclude
6794,18.0068.0028,18.68,Chụp Xquang mặt thẳng nghiêng,Chụp Xquang số hóa,Exclude
6795,18.0068.0011,18.68,Chụp Xquang mặt thẳng nghiêng,Chụp X-quang thường,Exclude
6796,18.0069.0028,18.69,Chụp Xquang mặt thấp hoặc mặt cao,Chụp Xquang số hóa,Exclude
6797,18.0069.0010,18.69,Chụp Xquang mặt thấp hoặc mặt cao,Chụp X-quang thường,Exclude
6798,18.0070.0028,18.70,Chụp Xquang sọ tiếp tuyến,Chụp Xquang số hóa,Exclude
6799,18.0070.0010,18.70,Chụp Xquang sọ tiếp tuyến,Chụp X-quang thường,Exclude
6800,18.0071.0029,18.71,Chụp Xquang hốc mắt thẳng nghiêng,Chụp Xquang số hóa,Exclude
6801,18.0071.0011,18.71,Chụp Xquang hốc mắt thẳng nghiêng,Chụp X-quang thường,Exclude
6802,18.0071.0028,18.71,Chụp Xquang hốc mắt thẳng nghiêng,Chụp Xquang số hóa,Exclude
6803,18.0072.0028,18.72,Chụp Xquang Blondeau [Blondeau + Hirtz],Chụp Xquang số hóa,Exclude
6804,18.0072.0010,18.72,Chụp Xquang Blondeau [Blondeau + Hirtz],Chụp X-quang thường,Exclude
6805,18.0072.0029,18.72,Chụp Xquang Blondeau [Blondeau + Hirtz],Chụp Xquang số hóa,Exclude
6806,18.0073.0028,18.73,Chụp Xquang Hirtz,Chụp Xquang số hóa,Exclude
6807,18.0073.0010,18.73,Chụp Xquang Hirtz,Chụp X-quang thường,Exclude
6808,18.0074.0028,18.74,Chụp Xquang hàm chếch một bên,Chụp Xquang số hóa,Exclude
6809,18.0074.0010,18.74,Chụp Xquang hàm chếch một bên,Chụp X-quang thường,Exclude
6810,18.0075.0028,18.75,Chụp Xquang xương chính mũi nghiêng hoặc tiếp tuyến,Chụp Xquang số hóa,Exclude
6811,18.0075.0010,18.75,Chụp Xquang xương chính mũi nghiêng hoặc tiếp tuyến,Chụp X-quang thường,Exclude
6812,18.0076.0028,18.76,Chụp Xquang hố yên thẳng hoặc nghiêng,Chụp Xquang số hóa,Exclude
6813,18.0076.0010,18.76,Chụp Xquang hố yên thẳng hoặc nghiêng,Chụp X-quang thường,Exclude
6814,18.0077.0028,18.77,Chụp Xquang Chausse III,Chụp Xquang số hóa,Exclude
6815,18.0077.0010,18.77,Chụp Xquang Chausse III,Chụp X-quang thường,Exclude
6816,18.0078.0028,18.78,Chụp Xquang Schuller,Chụp Xquang số hóa,Exclude
6817,18.0078.0010,18.78,Chụp Xquang Schuller,Chụp X-quang thường,Exclude
6818,18.0079.0028,18.79,Chụp Xquang Stenvers,Chụp Xquang số hóa,Exclude
6819,18.0079.0010,18.79,Chụp Xquang Stenvers,Chụp X-quang thường,Exclude
6820,18.0080.0028,18.80,Chụp Xquang khớp thái dương hàm,Chụp Xquang số hóa,Exclude
6821,18.0080.0010,18.80,Chụp Xquang khớp thái dương hàm,Chụp X-quang thường,Exclude
6822,18.0081.2001,18.81,Chụp Xquang răng cận chóp (Periapical),Chụp X-quang thường,Exclude
6823,18.0081.2002,18.81,Chụp Xquang răng cận chóp (Periapical),Chụp Xquang số hóa,Exclude
6824,18.0082.0028,18.82,Chụp Xquang răng cánh cắn (Bite wing),Chụp Xquang số hóa,Exclude
6825,18.0082.0010,18.82,Chụp Xquang răng cánh cắn (Bite wing),Chụp X-quang thường,Exclude
6826,18.0083.0028,18.83,Chụp Xquang răng toàn cảnh,Chụp Xquang số hóa,Exclude
6827,18.0083.0014,18.83,Chụp Xquang răng toàn cảnh,Chụp X-quang thường,Exclude
6828,18.0084.0028,18.84,Chụp Xquang phim cắn (Occlusal),Chụp Xquang số hóa,Exclude
6829,18.0085.0028,18.85,Chụp Xquang mỏm trâm,Chụp Xquang số hóa,Exclude
6830,18.0085.0010,18.85,Chụp Xquang mỏm trâm,Chụp X-quang thường,Exclude
6831,18.0086.0029,18.86,Chụp Xquang cột sống cổ thẳng nghiêng,Chụp Xquang số hóa,Exclude
6832,18.0086.0013,18.86,Chụp Xquang cột sống cổ thẳng nghiêng,Chụp X-quang thường,Exclude
6833,18.0086.0028,18.86,Chụp Xquang cột sống cổ thẳng nghiêng,Chụp Xquang số hóa,Exclude
6834,18.0087.0029,18.87,Chụp Xquang cột sống cổ chếch hai bên,Chụp Xquang số hóa,Exclude
6835,18.0087.0013,18.87,Chụp Xquang cột sống cổ chếch hai bên,Chụp X-quang thường,Exclude
6836,18.0087.0010,18.87,Chụp Xquang cột sống cổ chếch hai bên,Chụp X-quang thường,Exclude
6837,18.0087.0028,18.87,Chụp Xquang cột sống cổ chếch hai bên,Chụp Xquang số hóa,Exclude
6838,18.0088.0030,18.88,"Chụp Xquang cột sống cổ động, nghiêng 3 tư thế",Chụp Xquang số hóa,Exclude
6839,18.0089.0010,18.89,Chụp Xquang cột sống cổ C1-C2,Chụp X-quang thường,Exclude
6840,18.0089.0029,18.89,Chụp Xquang cột sống cổ C1-C2,Chụp Xquang số hóa,Exclude
6841,18.0089.0028,18.89,Chụp Xquang cột sống cổ C1-C2,Chụp Xquang số hóa,Exclude
6842,18.0090.0029,18.90,Chụp Xquang cột sống ngực thẳng nghiêng hoặc chếch,Chụp Xquang số hóa,Exclude
6843,18.0090.0013,18.90,Chụp Xquang cột sống ngực thẳng nghiêng hoặc chếch,Chụp X-quang thường,Exclude
6844,18.0090.0011,18.90,Chụp Xquang cột sống ngực thẳng nghiêng hoặc chếch,Chụp X-quang thường,Exclude
6845,18.0090.0028,18.90,Chụp Xquang cột sống ngực thẳng nghiêng hoặc chếch,Chụp Xquang số hóa,Exclude
6846,18.0091.0029,18.91,Chụp Xquang cột sống thắt lưng thẳng nghiêng,Chụp Xquang số hóa,Exclude
6847,18.0091.0013,18.91,Chụp Xquang cột sống thắt lưng thẳng nghiêng,Chụp X-quang thường,Exclude
6848,18.0091.0011,18.91,Chụp Xquang cột sống thắt lưng thẳng nghiêng,Chụp X-quang thường,Exclude
6849,18.0091.0028,18.91,Chụp Xquang cột sống thắt lưng thẳng nghiêng,Chụp Xquang số hóa,Exclude
6850,18.0092.0029,18.92,Chụp Xquang cột sống thắt lưng chếch hai bên,Chụp Xquang số hóa,Exclude
6851,18.0092.0013,18.92,Chụp Xquang cột sống thắt lưng chếch hai bên,Chụp X-quang thường,Exclude
6852,18.0092.0011,18.92,Chụp Xquang cột sống thắt lưng chếch hai bên,Chụp X-quang thường,Exclude
6853,18.0092.0028,18.92,Chụp Xquang cột sống thắt lưng chếch hai bên,Chụp Xquang số hóa,Exclude
6854,18.0093.0029,18.93,Chụp Xquang cột sống thắt lưng L5-S1 thẳng nghiêng,Chụp Xquang số hóa,Exclude
6855,18.0093.0013,18.93,Chụp Xquang cột sống thắt lưng L5-S1 thẳng nghiêng,Chụp X-quang thường,Exclude
6856,18.0093.0011,18.93,Chụp Xquang cột sống thắt lưng L5-S1 thẳng nghiêng,Chụp X-quang thường,Exclude
6857,18.0093.0028,18.93,Chụp Xquang cột sống thắt lưng L5-S1 thẳng nghiêng,Chụp Xquang số hóa,Exclude
6858,18.0094.0029,18.94,"Chụp Xquang cột sống thắt lưng động, gập ưỡn",Chụp Xquang số hóa,Exclude
6859,18.0094.0013,18.94,"Chụp Xquang cột sống thắt lưng động, gập ưỡn",Chụp X-quang thường,Exclude
6860,18.0094.0011,18.94,"Chụp Xquang cột sống thắt lưng động, gập ưỡn",Chụp X-quang thường,Exclude
6861,18.0094.0028,18.94,"Chụp Xquang cột sống thắt lưng động, gập ưỡn",Chụp Xquang số hóa,Exclude
6862,18.0095.0028,18.95,Chụp Xquang cột sống thắt lưng De Sèze,Chụp Xquang số hóa,Exclude
6863,18.0095.0012,18.95,Chụp Xquang cột sống thắt lưng De Sèze,Chụp X-quang thường,Exclude
6864,18.0095.0010,18.95,Chụp Xquang cột sống thắt lưng De Sèze,Chụp X-quang thường,Exclude
6865,18.0096.0029,18.96,Chụp Xquang cột sống cùng cụt thẳng nghiêng,Chụp Xquang số hóa,Exclude
6866,18.0096.0013,18.96,Chụp Xquang cột sống cùng cụt thẳng nghiêng,Chụp X-quang thường,Exclude
6867,18.0096.0011,18.96,Chụp Xquang cột sống cùng cụt thẳng nghiêng,Chụp X-quang thường,Exclude
6868,18.0096.0028,18.96,Chụp Xquang cột sống cùng cụt thẳng nghiêng,Chụp Xquang số hóa,Exclude
6869,18.0097.0030,18.97,Chụp Xquang khớp cùng chậu thẳng chếch hai bên,Chụp Xquang số hóa,Exclude
6870,18.0098.0012,18.98,Chụp Xquang khung chậu thẳng,Chụp X-quang thường,Exclude
6871,18.0098.0028,18.98,Chụp Xquang khung chậu thẳng,Chụp Xquang số hóa,Exclude
6872,18.0098.0010,18.98,Chụp Xquang khung chậu thẳng,Chụp X-quang thường,Exclude
6873,18.0099.0028,18.99,Chụp Xquang xương đòn thẳng hoặc chếch,Chụp Xquang số hóa,Exclude
6874,18.0099.0012,18.99,Chụp Xquang xương đòn thẳng hoặc chếch,Chụp X-quang thường,Exclude
6875,18.0099.0010,18.99,Chụp Xquang xương đòn thẳng hoặc chếch,Chụp X-quang thường,Exclude
6876,18.0100.0028,18.100,Chụp Xquang khớp vai thẳng,Chụp Xquang số hóa,Exclude
6877,18.0100.0012,18.100,Chụp Xquang khớp vai thẳng,Chụp X-quang thường,Exclude
6878,18.0100.0010,18.100,Chụp Xquang khớp vai thẳng,Chụp X-quang thường,Exclude
6879,18.0100.0029,18.100,Chụp Xquang khớp vai thẳng [thẳng và nghiêng],Chụp Xquang số hóa,Exclude
6880,18.0100.0013,18.100,Chụp Xquang khớp vai thẳng [thẳng và nghiêng],Chụp X-quang thường,Exclude
6881,18.0101.0028,18.101,Chụp Xquang khớp vai nghiêng hoặc chếch,Chụp Xquang số hóa,Exclude
6882,18.0101.0012,18.101,Chụp Xquang khớp vai nghiêng hoặc chếch,Chụp X-quang thường,Exclude
6883,18.0101.0010,18.101,Chụp Xquang khớp vai nghiêng hoặc chếch,Chụp X-quang thường,Exclude
6884,18.0102.0029,18.102,Chụp Xquang xương bả vai thẳng nghiêng,Chụp Xquang số hóa,Exclude
6885,18.0102.0013,18.102,Chụp Xquang xương bả vai thẳng nghiêng,Chụp X-quang thường,Exclude
6886,18.0102.0010,18.102,Chụp Xquang xương bả vai thẳng nghiêng,Chụp X-quang thường,Exclude
6887,18.0102.0028,18.102,Chụp Xquang xương bả vai thẳng nghiêng,Chụp Xquang số hóa,Exclude
6888,18.0103.0029,18.103,Chụp Xquang xương cánh tay thẳng nghiêng,Chụp Xquang số hóa,Exclude
6889,18.0103.0013,18.103,Chụp Xquang xương cánh tay thẳng nghiêng,Chụp X-quang thường,Exclude
6890,18.0103.0011,18.103,Chụp Xquang xương cánh tay thẳng nghiêng,Chụp X-quang thường,Exclude
6891,18.0103.0028,18.103,Chụp Xquang xương cánh tay thẳng nghiêng,Chụp Xquang số hóa,Exclude
6892,18.0104.0029,18.104,"Chụp Xquang khớp khuỷu thẳng, nghiêng hoặc chếch",Chụp Xquang số hóa,Exclude
6893,18.0104.0013,18.104,"Chụp Xquang khớp khuỷu thẳng, nghiêng hoặc chếch",Chụp X-quang thường,Exclude
6894,18.0104.0011,18.104,"Chụp Xquang khớp khuỷu thẳng, nghiêng hoặc chếch",Chụp X-quang thường,Exclude
6895,18.0104.0028,18.104,"Chụp Xquang khớp khuỷu thẳng, nghiêng hoặc chếch",Chụp Xquang số hóa,Exclude
6896,18.0105.0012,18.105,Chụp Xquang khớp khuỷu gập (Jones hoặc Coyle),Chụp X-quang thường,Exclude
6897,18.0105.0028,18.105,Chụp Xquang khớp khuỷu gập (Jones hoặc Coyle),Chụp Xquang số hóa,Exclude
6898,18.0105.0010,18.105,Chụp Xquang khớp khuỷu gập (Jones hoặc Coyle),Chụp X-quang thường,Exclude
6899,18.0106.0029,18.106,Chụp Xquang xương cẳng tay thẳng nghiêng,Chụp Xquang số hóa,Exclude
6900,18.0106.0013,18.106,Chụp Xquang xương cẳng tay thẳng nghiêng,Chụp X-quang thường,Exclude
6901,18.0106.0011,18.106,Chụp Xquang xương cẳng tay thẳng nghiêng,Chụp X-quang thường,Exclude
6902,18.0106.0028,18.106,Chụp Xquang xương cẳng tay thẳng nghiêng,Chụp Xquang số hóa,Exclude
6903,18.0107.0013,18.107,"Chụp Xquang xương cổ tay thẳng, nghiêng hoặc chếch",Chụp X-quang thường,Exclude
6904,18.0107.0029,18.107,"Chụp Xquang xương cổ tay thẳng, nghiêng hoặc chếch",Chụp Xquang số hóa,Exclude
6905,18.0107.0011,18.107,"Chụp Xquang xương cổ tay thẳng, nghiêng hoặc chếch",Chụp X-quang thường,Exclude
6906,18.0107.0028,18.107,"Chụp Xquang xương cổ tay thẳng, nghiêng hoặc chếch",Chụp Xquang số hóa,Exclude
6907,18.0108.0013,18.108,"Chụp Xquang xương bàn ngón tay thẳng, nghiêng hoặc chếch",Chụp X-quang thường,Exclude
6908,18.0108.0029,18.108,"Chụp Xquang xương bàn ngón tay thẳng, nghiêng hoặc chếch",Chụp Xquang số hóa,Exclude
6909,18.0108.0010,18.108,"Chụp Xquang xương bàn ngón tay thẳng, nghiêng hoặc chếch",Chụp X-quang thường,Exclude
6910,18.0108.0028,18.108,"Chụp Xquang xương bàn ngón tay thẳng, nghiêng hoặc chếch",Chụp Xquang số hóa,Exclude
6911,18.0109.0012,18.109,Chụp Xquang khớp háng thẳng hai bên,Chụp X-quang thường,Exclude
6912,18.0109.0028,18.109,Chụp Xquang khớp háng thẳng hai bên,Chụp Xquang số hóa,Exclude
6913,18.0110.0012,18.110,Chụp Xquang khớp háng nghiêng,Chụp X-quang thường,Exclude
6914,18.0110.0028,18.110,Chụp Xquang khớp háng nghiêng,Chụp Xquang số hóa,Exclude
6915,18.0110.0010,18.110,Chụp Xquang khớp háng nghiêng,Chụp X-quang thường,Exclude
6916,18.0111.0013,18.111,Chụp Xquang xương đùi thẳng nghiêng,Chụp X-quang thường,Exclude
6917,18.0111.0029,18.111,Chụp Xquang xương đùi thẳng nghiêng,Chụp Xquang số hóa,Exclude
6918,18.0111.0011,18.111,Chụp Xquang xương đùi thẳng nghiêng,Chụp X-quang thường,Exclude
6919,18.0111.0028,18.111,Chụp Xquang xương đùi thẳng nghiêng,Chụp Xquang số hóa,Exclude
6920,18.0112.0013,18.112,"Chụp Xquang khớp gối thẳng, nghiêng hoặc chếch",Chụp X-quang thường,Exclude
6921,18.0112.0029,18.112,"Chụp Xquang khớp gối thẳng, nghiêng hoặc chếch",Chụp Xquang số hóa,Exclude
6922,18.0112.0011,18.112,"Chụp Xquang khớp gối thẳng, nghiêng hoặc chếch",Chụp X-quang thường,Exclude
6923,18.0112.0028,18.112,"Chụp Xquang khớp gối thẳng, nghiêng hoặc chếch",Chụp Xquang số hóa,Exclude
6924,18.0113.0013,18.113,Chụp Xquang xương bánh chè và khớp đùi bánh chè,Chụp X-quang thường,Exclude
6925,18.0113.0029,18.113,Chụp Xquang xương bánh chè và khớp đùi bánh chè,Chụp Xquang số hóa,Exclude
6926,18.0113.0011,18.113,Chụp Xquang xương bánh chè và khớp đùi bánh chè,Chụp X-quang thường,Exclude
6927,18.0113.0028,18.113,Chụp Xquang xương bánh chè và khớp đùi bánh chè,Chụp Xquang số hóa,Exclude
6928,18.0114.0013,18.114,Chụp Xquang xương cẳng chân thẳng nghiêng,Chụp X-quang thường,Exclude
6929,18.0114.0029,18.114,Chụp Xquang xương cẳng chân thẳng nghiêng,Chụp Xquang số hóa,Exclude
6930,18.0114.0011,18.114,Chụp Xquang xương cẳng chân thẳng nghiêng,Chụp X-quang thường,Exclude
6931,18.0114.0028,18.114,Chụp Xquang xương cẳng chân thẳng nghiêng,Chụp Xquang số hóa,Exclude
6932,18.0115.0013,18.115,"Chụp Xquang xương cổ chân thẳng, nghiêng hoặc chếch",Chụp X-quang thường,Exclude
6933,18.0115.0029,18.115,"Chụp Xquang xương cổ chân thẳng, nghiêng hoặc chếch",Chụp Xquang số hóa,Exclude
6934,18.0115.0011,18.115,"Chụp Xquang xương cổ chân thẳng, nghiêng hoặc chếch",Chụp X-quang thường,Exclude
6935,18.0115.0028,18.115,"Chụp Xquang xương cổ chân thẳng, nghiêng hoặc chếch",Chụp Xquang số hóa,Exclude
6936,18.0116.0013,18.116,"Chụp Xquang xương bàn, ngón chân thẳng, nghiêng hoặc chếch",Chụp X-quang thường,Exclude
6937,18.0116.0029,18.116,"Chụp Xquang xương bàn, ngón chân thẳng, nghiêng hoặc chếch",Chụp Xquang số hóa,Exclude
6938,18.0116.0011,18.116,"Chụp Xquang xương bàn, ngón chân thẳng, nghiêng hoặc chếch",Chụp X-quang thường,Exclude
6939,18.0116.0028,18.116,"Chụp Xquang xương bàn, ngón chân thẳng, nghiêng hoặc chếch",Chụp Xquang số hóa,Exclude
6940,18.0117.0011,18.117,Chụp Xquang xương gót thẳng nghiêng,Chụp X-quang thường,Exclude
6941,18.0117.0029,18.117,Chụp Xquang xương gót thẳng nghiêng,Chụp Xquang số hóa,Exclude
6942,18.0117.0028,18.117,Chụp Xquang xương gót thẳng nghiêng,Chụp Xquang số hóa,Exclude
6943,18.0118.0030,18.118,Chụp Xquang toàn bộ chi dưới thẳng,Chụp Xquang số hóa,Exclude
6944,18.0118.0013,18.118,Chụp Xquang toàn bộ chi dưới thẳng,Chụp X-quang thường,Exclude
6945,18.0119.0012,18.119,Chụp Xquang ngực thẳng,Chụp X-quang thường,Exclude
6946,18.0119.0028,18.119,Chụp Xquang ngực thẳng,Chụp Xquang số hóa,Exclude
6947,18.0119.0010,18.119,Chụp Xquang ngực thẳng,Chụp X-quang thường,Exclude
6948,18.0119.0029,18.119,Chụp Xquang ngực thẳng [thẳng và nghiêng],Chụp Xquang số hóa,Exclude
6949,18.0119.0013,18.119,Chụp Xquang ngực thẳng [thẳng và nghiêng],Chụp X-quang thường,Exclude
6950,18.0120.0012,18.120,Chụp Xquang ngực nghiêng hoặc chếch mỗi bên,Chụp X-quang thường,Exclude
6951,18.0120.0028,18.120,Chụp Xquang ngực nghiêng hoặc chếch mỗi bên,Chụp Xquang số hóa,Exclude
6952,18.0120.0010,18.120,Chụp Xquang ngực nghiêng hoặc chếch mỗi bên,Chụp X-quang thường,Exclude
6953,18.0121.0013,18.121,"Chụp Xquang xương ức thẳng, nghiêng",Chụp X-quang thường,Exclude
6954,18.0121.0029,18.121,"Chụp Xquang xương ức thẳng, nghiêng",Chụp Xquang số hóa,Exclude
6955,18.0121.0011,18.121,"Chụp Xquang xương ức thẳng, nghiêng",Chụp X-quang thường,Exclude
6956,18.0121.0028,18.121,"Chụp Xquang xương ức thẳng, nghiêng",Chụp Xquang số hóa,Exclude
6957,18.0122.0013,18.122,Chụp Xquang khớp ức đòn thẳng chếch,Chụp X-quang thường,Exclude
6958,18.0122.0029,18.122,Chụp Xquang khớp ức đòn thẳng chếch,Chụp Xquang số hóa,Exclude
6959,18.0122.0011,18.122,Chụp Xquang khớp ức đòn thẳng chếch,Chụp X-quang thường,Exclude
6960,18.0122.0028,18.122,Chụp Xquang khớp ức đòn thẳng chếch,Chụp Xquang số hóa,Exclude
6961,18.0123.0012,18.123,Chụp Xquang đỉnh phổi ưỡn,Chụp X-quang thường,Exclude
6962,18.0123.0028,18.123,Chụp Xquang đỉnh phổi ưỡn,Chụp Xquang số hóa,Exclude
6963,18.0123.0010,18.123,Chụp Xquang đỉnh phổi ưỡn,Chụp X-quang thường,Exclude
6964,18.0124.0016,18.124,Chụp Xquang thực quản cổ nghiêng,Chụp X-quang thường,Exclude
6965,18.0124.0034,18.124,Chụp Xquang thực quản cổ nghiêng,Chụp Xquang số hóa,Exclude
6966,18.0125.0012,18.125,Chụp Xquang bụng không chuẩn bị thẳng hoặc nghiêng,Chụp X-quang thường,Exclude
6967,18.0125.0028,18.125,Chụp Xquang bụng không chuẩn bị thẳng hoặc nghiêng,Chụp Xquang số hóa,Exclude
6968,18.0125.0029,18.125,Chụp Xquang bụng không chuẩn bị thẳng hoặc nghiêng [thẳng và nghiêng],Chụp Xquang số hóa,Exclude
6969,18.0125.0013,18.125,Chụp Xquang bụng không chuẩn bị thẳng hoặc nghiêng [thẳng và nghiêng],Chụp X-quang thường,Exclude
6970,18.0126.0026,18.126,Chụp Xquang tuyến vú,Chụp X-quang thường,Exclude
6971,18.0127.0028,18.127,Chụp Xquang tại giường,Chụp Xquang số hóa,Exclude
6972,18.0128.0028,18.128,Chụp Xquang tại phòng mổ,Chụp Xquang số hóa,Exclude
6973,18.0129.0029,18.129,"Chụp Xquang phim đo sọ thẳng, nghiêng (Cephalometric)",Chụp Xquang số hóa,Exclude
6974,18.0129.0014,18.129,"Chụp Xquang phim đo sọ thẳng, nghiêng (Cephalometric)",Chụp X-quang thường,Exclude
6975,18.0129.0028,18.129,"Chụp Xquang phim đo sọ thẳng, nghiêng (Cephalometric)",Chụp Xquang số hóa,Exclude
6976,18.0130.0017,18.130,Chụp Xquang thực quản dạ dày,Chụp X-quang thường,Exclude
6977,18.0130.0035,18.130,Chụp Xquang thực quản dạ dày,Chụp Xquang số hóa,Exclude
6978,18.0131.0035,18.131,Chụp Xquang ruột non,Chụp Xquang số hóa,Exclude
6979,18.0131.0017,18.131,Chụp Xquang ruột non,Chụp X-quang thường,Exclude
6980,18.0132.0036,18.132,Chụp Xquang đại tràng,Chụp Xquang số hóa,Exclude
6981,18.0132.0018,18.132,Chụp Xquang đại tràng,Chụp X-quang thường,Exclude
6982,18.0133.0019,18.133,Chụp Xquang đường mật qua Kehr,Chụp X-quang thường,Exclude
6983,18.0134.0019,18.134,Chụp Xquang mật tụy ngược dòng qua nội soi,Chụp X-quang thường,Exclude
6984,18.0135.0025,18.135,Chụp Xquang đường dò,Chụp X-quang thường,Exclude
6985,18.0136.0039,18.136,Chụp Xquang tuyến nước bọt,Chụp Xquang số hóa,Exclude
6986,18.0138.0023,18.138,Chụp Xquang tử cung vòi trứng,Chụp X-quang thường,Exclude
6987,18.0138.0031,18.138,Chụp Xquang tử cung vòi trứng,Chụp Xquang số hóa,Exclude
6988,18.0139.0039,18.139,Chụp Xquang ống tuyến sữa,Chụp Xquang số hóa,Exclude
6989,18.0140.0020,18.140,Chụp Xquang niệu đồ tĩnh mạch (UIV),Chụp X-quang thường,Exclude
6990,18.0140.0032,18.140,Chụp Xquang niệu đồ tĩnh mạch (UIV),Chụp Xquang số hóa,Exclude
6991,18.0141.0020,18.141,Chụp Xquang bể thận-niệu quản xuôi dòng,Chụp X-quang thường,Exclude
6992,18.0141.0032,18.141,Chụp Xquang bể thận-niệu quản xuôi dòng,Chụp Xquang số hóa,Exclude
6993,18.0142.0021,18.142,Chụp Xquang niệu quản-bể thận ngược dòng,Chụp X-quang thường,Exclude
6994,18.0142.0033,18.142,Chụp Xquang niệu quản-bể thận ngược dòng,Chụp Xquang số hóa,Exclude
6995,18.0143.0033,18.143,Chụp Xquang niệu đạo bàng quang ngược dòng,Chụp Xquang số hóa,Exclude
6996,18.0144.0022,18.144,Chụp Xquang bàng quang trên xương mu,Chụp X-quang thường,Exclude
6997,18.0148.0027,18.148,Chụp Xquang bao rễ thần kinh,Chụp X-quang thường,Exclude
6998,18.0149.0040,18.149,Chụp CLVT sọ não không tiêm thuốc cản quang (từ 1-32 dãy),"Chụp cắt lớp vi tính, chụp mạch, cộng hưởng từ",Exclude
6999,18.0150.0041,18.150,Chụp CLVT sọ não có tiêm thuốc cản quang (từ 1-32 dãy),"Chụp cắt lớp vi tính, chụp mạch, cộng hưởng từ",Exclude
7000,18.0151.0041,18.151,Chụp CLVT hệ động mạch cảnh có tiêm thuốc cản quang (từ 1-32 dãy),"Chụp cắt lớp vi tính, chụp mạch, cộng hưởng từ",Exclude
7001,18.0152.0041,18.152,Chụp CLVT tưới máu não (CT perfusion) (từ 1-32 dãy),"Chụp cắt lớp vi tính, chụp mạch, cộng hưởng từ",Exclude
7002,18.0153.0041,18.153,Chụp CLVT mạch máu não (từ 1-32 dãy),"Chụp cắt lớp vi tính, chụp mạch, cộng hưởng từ",Exclude
7003,18.0154.0041,18.154,Chụp CLVT sọ não có dựng hình 3D (từ 1-32 dãy),"Chụp cắt lớp vi tính, chụp mạch, cộng hưởng từ",Exclude
7004,18.0155.0040,18.155,Chụp CLVT hàm-mặt không tiêm thuốc cản quang (từ 1-32 dãy),"Chụp cắt lớp vi tính, chụp mạch, cộng hưởng từ",Exclude
7005,18.0156.0041,18.156,Chụp CLVT hàm-mặt có tiêm thuốc cản quang (từ 1-32 dãy),"Chụp cắt lớp vi tính, chụp mạch, cộng hưởng từ",Exclude
7006,18.0157.0040,18.157,Chụp CLVT hàm mặt có ứng dụng phần mềm nha khoa (từ 1-32 dãy),"Chụp cắt lớp vi tính, chụp mạch, cộng hưởng từ",Exclude
7007,18.0158.0040,18.158,Chụp CLVT tai-xương đá không tiêm thuốc (từ 1-32 dãy),"Chụp cắt lớp vi tính, chụp mạch, cộng hưởng từ",Exclude
7008,18.0159.0041,18.159,Chụp CLVT tai-xương đá có tiêm thuốc cản quang (từ 1-32 dãy),"Chụp cắt lớp vi tính, chụp mạch, cộng hưởng từ",Exclude
7009,18.0160.0041,18.160,Chụp CLVT hốc mắt (từ 1-32 dãy),"Chụp cắt lớp vi tính, chụp mạch, cộng hưởng từ",Exclude
7010,18.0160.0040,18.160,Chụp CLVT hốc mắt (từ 1-32 dãy),"Chụp cắt lớp vi tính, chụp mạch, cộng hưởng từ",Exclude
7011,18.0161.0040,18.161,Chụp CLVT hàm mặt có dựng hình 3D (từ 1-32 dãy),"Chụp cắt lớp vi tính, chụp mạch, cộng hưởng từ",Exclude
7012,18.0162.0040,18.162,Chụp cắt lớp vi tính hàm mặt chùm tia hình nón hàm trên (Cone-Beam CT),"Chụp cắt lớp vi tính, chụp mạch, cộng hưởng từ",Exclude
7013,18.0163.0040,18.163,Chụp cắt lớp vi tính hàm mặt chùm tia hình nón hàm dưới (Cone-Beam CT),"Chụp cắt lớp vi tính, chụp mạch, cộng hưởng từ",Exclude
7014,18.0164.0040,18.164,Chụp cắt lớp vi tính hàm mặt chùm tia hình nón hàm trên hàm dưới (Cone-Beam CT),"Chụp cắt lớp vi tính, chụp mạch, cộng hưởng từ",Exclude
7015,18.0165.0043,18.165,Chụp CLVT sọ não không tiêm thuốc cản quang (từ 64-128 dãy),"Chụp cắt lớp vi tính, chụp mạch, cộng hưởng từ",Exclude
7016,18.0166.0042,18.166,Chụp CLVT sọ não có tiêm thuốc cản quang (từ 64-128 dãy),"Chụp cắt lớp vi tính, chụp mạch, cộng hưởng từ",Exclude
7017,18.0167.0042,18.167,Chụp CLVT hệ động mạch cảnh có tiêm thuốc cản quang (từ 64-128 dãy),"Chụp cắt lớp vi tính, chụp mạch, cộng hưởng từ",Exclude
7018,18.0168.0042,18.168,Chụp CLVT tưới máu não (CT perfusion) (từ 64-128 dãy),"Chụp cắt lớp vi tính, chụp mạch, cộng hưởng từ",Exclude
7019,18.0169.0042,18.169,Chụp CLVT mạch máu não (từ 64-128 dãy),"Chụp cắt lớp vi tính, chụp mạch, cộng hưởng từ",Exclude
7020,18.0170.0042,18.170,Chụp CLVT sọ não có dựng hình 3D (từ 64-128 dãy),"Chụp cắt lớp vi tính, chụp mạch, cộng hưởng từ",Exclude
7021,18.0171.0043,18.171,Chụp CLVT hàm-mặt không tiêm thuốc cản quang (từ 64-128 dãy),"Chụp cắt lớp vi tính, chụp mạch, cộng hưởng từ",Exclude
7022,18.0172.0042,18.172,Chụp CLVT hàm-mặt có tiêm thuốc cản quang (từ 64-128 dãy),"Chụp cắt lớp vi tính, chụp mạch, cộng hưởng từ",Exclude
7023,18.0173.0043,18.173,Chụp CLVT hàm mặt có ứng dụng phần mềm nha khoa (từ 64-128 dãy),"Chụp cắt lớp vi tính, chụp mạch, cộng hưởng từ",Exclude
7024,18.0174.0043,18.174,Chụp CLVT tai-xương đá không tiêm thuốc (từ 64-128 dãy),"Chụp cắt lớp vi tính, chụp mạch, cộng hưởng từ",Exclude
7025,18.0175.0042,18.175,Chụp CLVT tai-xương đá có tiêm thuốc cản quang (từ 64-128 dãy),"Chụp cắt lớp vi tính, chụp mạch, cộng hưởng từ",Exclude
7026,18.0176.0043,18.176,Chụp CLVT hốc mắt (từ 64-128 dãy),"Chụp cắt lớp vi tính, chụp mạch, cộng hưởng từ",Exclude
7027,18.0176.0042,18.176,Chụp CLVT hốc mắt (từ 64-128 dãy),"Chụp cắt lớp vi tính, chụp mạch, cộng hưởng từ",Exclude
7028,18.0177.0043,18.177,Chụp CLVT hàm mặt có dựng hình 3D (từ 64-128 dãy),"Chụp cắt lớp vi tính, chụp mạch, cộng hưởng từ",Exclude
7029,18.0178.0047,18.178,Chụp CLVT sọ não không tiêm thuốc cản quang (từ ≥ 256 dãy),"Chụp cắt lớp vi tính, chụp mạch, cộng hưởng từ",Exclude
7030,18.0179.0046,18.179,Chụp CLVT sọ não có tiêm thuốc cản quang (từ ≥ 256 dãy),"Chụp cắt lớp vi tính, chụp mạch, cộng hưởng từ",Exclude
7031,18.0180.0046,18.180,Chụp CLVT hệ động mạch cảnh có tiêm thuốc cản quang (từ ≥ 256 dãy),"Chụp cắt lớp vi tính, chụp mạch, cộng hưởng từ",Exclude
7032,18.0181.0046,18.181,Chụp CLVT tưới máu não (CT perfusion) (từ ≥ 256 dãy),"Chụp cắt lớp vi tính, chụp mạch, cộng hưởng từ",Exclude
7033,18.0182.0046,18.182,Chụp CLVT mạch máu não (từ ≥ 256 dãy),"Chụp cắt lớp vi tính, chụp mạch, cộng hưởng từ",Exclude
7034,18.0183.0047,18.183,Chụp CLVT sọ não có dựng hình 3D (từ ≥ 256 dãy),"Chụp cắt lớp vi tính, chụp mạch, cộng hưởng từ",Exclude
7035,18.0184.0047,18.184,Chụp CLVT hàm-mặt không tiêm thuốc cản quang (từ ≥ 256 dãy),"Chụp cắt lớp vi tính, chụp mạch, cộng hưởng từ",Exclude
7036,18.0185.0046,18.185,Chụp CLVT hàm-mặt có tiêm thuốc cản quang (từ ≥ 256 dãy),"Chụp cắt lớp vi tính, chụp mạch, cộng hưởng từ",Exclude
7037,18.0186.0047,18.186,Chụp CLVT hàm mặt có ứng dụng phần mềm nha khoa (từ ≥ 256 dãy),"Chụp cắt lớp vi tính, chụp mạch, cộng hưởng từ",Exclude
7038,18.0187.0047,18.187,Chụp CLVT tai-xương đá không tiêm thuốc (từ ≥ 256 dãy),"Chụp cắt lớp vi tính, chụp mạch, cộng hưởng từ",Exclude
7039,18.0188.0046,18.188,Chụp CLVT tai-xương đá có tiêm thuốc cản quang (từ ≥ 256 dãy),"Chụp cắt lớp vi tính, chụp mạch, cộng hưởng từ",Exclude
7040,18.0189.0047,18.189,Chụp CLVT hốc mắt (từ ≥ 256 dãy),"Chụp cắt lớp vi tính, chụp mạch, cộng hưởng từ",Exclude
7041,18.0190.0047,18.190,Chụp CLVT hàm mặt có dựng hình 3D (từ ≥ 256 dãy),"Chụp cắt lớp vi tính, chụp mạch, cộng hưởng từ",Exclude
7042,18.0191.0040,18.191,Chụp cắt lớp vi tính lồng ngực không tiêm thuốc cản quang (từ 1- 32 dãy),"Chụp cắt lớp vi tính, chụp mạch, cộng hưởng từ",Exclude
7043,18.0192.0041,18.192,Chụp cắt lớp vi tính lồng ngực có tiêm thuốc cản quang (từ 1- 32 dãy),"Chụp cắt lớp vi tính, chụp mạch, cộng hưởng từ",Exclude
7044,18.0193.0040,18.193,Chụp cắt lớp vi tính phổi độ phân giải cao (từ 1- 32 dãy),"Chụp cắt lớp vi tính, chụp mạch, cộng hưởng từ",Exclude
7045,18.0195.0040,18.195,Chụp cắt lớp vi tính nội soi ảo cây phế quản (từ 1- 32 dãy),"Chụp cắt lớp vi tính, chụp mạch, cộng hưởng từ",Exclude
7046,18.0196.0041,18.196,Chụp cắt lớp vi tính động mạch phổi (từ 1- 32 dãy),"Chụp cắt lớp vi tính, chụp mạch, cộng hưởng từ",Exclude
7047,18.0197.0041,18.197,Chụp cắt lớp vi tính động mạch chủ ngực (từ 1- 32 dãy),"Chụp cắt lớp vi tính, chụp mạch, cộng hưởng từ",Exclude
7048,18.0198.0041,18.198,"Chụp cắt lớp vi tính động mạch vành, tim (từ 1- 32 dãy)","Chụp cắt lớp vi tính, chụp mạch, cộng hưởng từ",Exclude
7049,18.0199.0040,18.199,Chụp cắt lớp vi tính tính điểm vôi hóa mạch vành (từ 1- 32 dãy),"Chụp cắt lớp vi tính, chụp mạch, cộng hưởng từ",Exclude
7050,18.0200.0043,18.200,Chụp cắt lớp vi tính lồng ngực không tiêm thuốc cản quang (từ 64- 128 dãy),"Chụp cắt lớp vi tính, chụp mạch, cộng hưởng từ",Exclude
7051,18.0201.0042,18.201,Chụp cắt lớp vi tính lồng ngực có tiêm thuốc cản quang (từ 64- 128 dãy),"Chụp cắt lớp vi tính, chụp mạch, cộng hưởng từ",Exclude
7052,18.0202.0043,18.202,Chụp cắt lớp vi tính phổi độ phân giải cao (từ 64- 128 dãy),"Chụp cắt lớp vi tính, chụp mạch, cộng hưởng từ",Exclude
7053,18.0204.0043,18.204,Chụp cắt lớp vi tính nội soi ảo cây phế quản (từ 64- 128 dãy),"Chụp cắt lớp vi tính, chụp mạch, cộng hưởng từ",Exclude
7054,18.0205.0042,18.205,Chụp cắt lớp vi tính động mạch phổi (từ 64- 128 dãy),"Chụp cắt lớp vi tính, chụp mạch, cộng hưởng từ",Exclude
7055,18.0206.0042,18.206,Chụp cắt lớp vi tính động mạch chủ ngực (từ 64- 128 dãy),"Chụp cắt lớp vi tính, chụp mạch, cộng hưởng từ",Exclude
7056,18.0207.0042,18.207,"Chụp cắt lớp vi tính động mạch vành, tim (từ 64- 128 dãy)","Chụp cắt lớp vi tính, chụp mạch, cộng hưởng từ",Exclude
7057,18.0208.0043,18.208,Chụp cắt lớp vi tính tính điểm vôi hóa mạch vành (từ 64- 128 dãy),"Chụp cắt lớp vi tính, chụp mạch, cộng hưởng từ",Exclude
7058,18.0209.0047,18.209,Chụp cắt lớp vi tính lồng ngực không tiêm thuốc cản quang (từ ≥ 256 dãy),"Chụp cắt lớp vi tính, chụp mạch, cộng hưởng từ",Exclude
7059,18.0210.0046,18.210,Chụp cắt lớp vi tính lồng ngực có tiêm thuốc cản quang (từ ≥ 256 dãy),"Chụp cắt lớp vi tính, chụp mạch, cộng hưởng từ",Exclude
7060,18.0211.0047,18.211,Chụp cắt lớp vi tính phổi độ phân giải cao (từ ≥ 256 dãy),"Chụp cắt lớp vi tính, chụp mạch, cộng hưởng từ",Exclude
7061,18.0212.0047,18.212,Chụp cắt lớp vi tính phổi liều thấp tầm soát u (từ ≥ 256 dãy),"Chụp cắt lớp vi tính, chụp mạch, cộng hưởng từ",Exclude
7062,18.0213.0047,18.213,Chụp cắt lớp vi tính nội soi ảo cây phế quản (từ ≥ 256 dãy),"Chụp cắt lớp vi tính, chụp mạch, cộng hưởng từ",Exclude
7063,18.0214.0046,18.214,Chụp cắt lớp vi tính động mạch phổi (từ ≥ 256 dãy),"Chụp cắt lớp vi tính, chụp mạch, cộng hưởng từ",Exclude
7064,18.0215.0046,18.215,Chụp cắt lớp vi tính động mạch chủ ngực (từ ≥ 256 dãy),"Chụp cắt lớp vi tính, chụp mạch, cộng hưởng từ",Exclude
7065,18.0216.0046,18.216,"Chụp cắt lớp vi tính động mạch vành, tim có dùng thuốc beta block (từ ≥ 256 dãy)","Chụp cắt lớp vi tính, chụp mạch, cộng hưởng từ",Exclude
7066,18.0217.0046,18.217,"Chụp cắt lớp vi tính động mạch vành, tim không dùng thuốc beta block (từ ≥ 256 dãy)","Chụp cắt lớp vi tính, chụp mạch, cộng hưởng từ",Exclude
7067,18.0218.0047,18.218,Chụp cắt lớp vi tính tính điểm vôi hóa mạch vành (từ ≥ 256 dãy),"Chụp cắt lớp vi tính, chụp mạch, cộng hưởng từ",Exclude
7068,18.0219.0041,18.219,"Chụp cắt lớp vi tính tầng trên ổ bụng thường quy (gồm: chụp Cắt lớp vi tính gan-mật, tụy, lách, dạ dày-tá tràng.v.v.) (từ 1-32 dãy)","Chụp cắt lớp vi tính, chụp mạch, cộng hưởng từ",Exclude
7069,18.0219.0040,18.219,"Chụp cắt lớp vi tính tầng trên ổ bụng thường quy (gồm: chụp Cắt lớp vi tính gan-mật, tụy, lách, dạ dày-tá tràng.v.v.) (từ 1-32 dãy)","Chụp cắt lớp vi tính, chụp mạch, cộng hưởng từ",Exclude
7070,18.0220.0040,18.220,Chụp cắt lớp vi tính bụng-tiểu khung thường quy (từ 1-32 dãy),"Chụp cắt lớp vi tính, chụp mạch, cộng hưởng từ",Exclude
7071,18.0220.0041,18.220,Chụp cắt lớp vi tính bụng-tiểu khung thường quy (từ 1-32 dãy),"Chụp cắt lớp vi tính, chụp mạch, cộng hưởng từ",Exclude
7072,18.0221.0040,18.221,"Chụp cắt lớp vi tính tiểu khung thường quy (gồm: chụp cắt lớp vi tính tử cung-buồng trứng, tiền liệt tuyến, các khối u vùng tiểu khung.v.v.) (từ 1-32 dãy)","Chụp cắt lớp vi tính, chụp mạch, cộng hưởng từ",Exclude
7073,18.0221.0041,18.221,"Chụp cắt lớp vi tính tiểu khung thường quy (gồm: chụp cắt lớp vi tính tử cung-buồng trứng, tiền liệt tuyến, các khối u vùng tiểu khung.v.v.) (từ 1-32 dãy)","Chụp cắt lớp vi tính, chụp mạch, cộng hưởng từ",Exclude
7074,18.0222.0040,18.222,Chụp cắt lớp vi tính hệ tiết niệu thường quy (từ 1-32 dãy),"Chụp cắt lớp vi tính, chụp mạch, cộng hưởng từ",Exclude
7075,18.0222.0041,18.222,Chụp cắt lớp vi tính hệ tiết niệu thường quy (từ 1-32 dãy),"Chụp cắt lớp vi tính, chụp mạch, cộng hưởng từ",Exclude
7076,18.0223.0041,18.223,"Chụp cắt lớp vi tính tầng trên ổ bụng có khảo sát mạch các tạng (bao gồm mạch: gan, tụy, lách và mạch khối u) (từ 1-32 dãy)","Chụp cắt lớp vi tính, chụp mạch, cộng hưởng từ",Exclude
7077,18.0224.0041,18.224,Chụp cắt lớp vi tính hệ tiết niệu có khảo sát mạch thận và/hoặc dựng hình đường bài xuất (từ 1-32 dãy),"Chụp cắt lớp vi tính, chụp mạch, cộng hưởng từ",Exclude
7078,18.0225.0041,18.225,Chụp cắt lớp vi tính gan có dựng hình đường mật (từ 1-32 dãy),"Chụp cắt lớp vi tính, chụp mạch, cộng hưởng từ",Exclude
7079,18.0226.0041,18.226,Chụp cắt lớp vi tính tạng khảo sát huyết động học khối u (CT perfusion) (từ 1-32 dãy),"Chụp cắt lớp vi tính, chụp mạch, cộng hưởng từ",Exclude
7080,18.0227.0040,18.227,Chụp cắt lớp vi tính ruột non (entero-scan) không dùng sonde (từ 1-32 dãy),"Chụp cắt lớp vi tính, chụp mạch, cộng hưởng từ",Exclude
7081,18.0228.0041,18.228,Chụp cắt lớp vi tính ruột non (entero-scan) có dùng sonde (từ 1-32 dãy),"Chụp cắt lớp vi tính, chụp mạch, cộng hưởng từ",Exclude
7082,18.0229.0041,18.229,Chụp cắt lớp vi tính đại tràng (colo-scan) dùng dịch hoặc hơi có nội soi ảo (từ 1-32 dãy),"Chụp cắt lớp vi tính, chụp mạch, cộng hưởng từ",Exclude
7083,18.0230.0041,18.230,Chụp cắt lớp vi tính động mạch chủ-chậu (từ 1-32 dãy),"Chụp cắt lớp vi tính, chụp mạch, cộng hưởng từ",Exclude
7084,18.0231.0042,18.231,"Chụp cắt lớp vi tính tầng trên ổ bụng thường quy (gồm: chụp Cắt lớp vi tính gan-mật, tụy, lách, dạ dày-tá tràng.v.v.) (từ 64-128 dãy)","Chụp cắt lớp vi tính, chụp mạch, cộng hưởng từ",Exclude
7085,18.0231.0043,18.231,"Chụp cắt lớp vi tính tầng trên ổ bụng thường quy (gồm: chụp Cắt lớp vi tính gan-mật, tụy, lách, dạ dày-tá tràng.v.v.) (từ 64-128 dãy)","Chụp cắt lớp vi tính, chụp mạch, cộng hưởng từ",Exclude
7086,18.0232.0042,18.232,Chụp cắt lớp vi tính bụng-tiểu khung thường quy (từ 64-128 dãy),"Chụp cắt lớp vi tính, chụp mạch, cộng hưởng từ",Exclude
7087,18.0232.0043,18.232,Chụp cắt lớp vi tính bụng-tiểu khung thường quy (từ 64-128 dãy),"Chụp cắt lớp vi tính, chụp mạch, cộng hưởng từ",Exclude
7088,18.0233.0042,18.233,"Chụp cắt lớp vi tính tiểu khung thường quy (gồm: chụp cắt lớp vi tính tử cung-buồng trứng, tiền liệt tuyến, các khối u vùng tiểu khung.v.v.) (từ 64-128 dãy)","Chụp cắt lớp vi tính, chụp mạch, cộng hưởng từ",Exclude
7089,18.0233.0043,18.233,"Chụp cắt lớp vi tính tiểu khung thường quy (gồm: chụp cắt lớp vi tính tử cung-buồng trứng, tiền liệt tuyến, các khối u vùng tiểu khung.v.v.) (từ 64-128 dãy)","Chụp cắt lớp vi tính, chụp mạch, cộng hưởng từ",Exclude
7090,18.0234.0042,18.234,Chụp cắt lớp vi tính hệ tiết niệu thường quy (từ 64-128 dãy),"Chụp cắt lớp vi tính, chụp mạch, cộng hưởng từ",Exclude
7091,18.0234.0043,18.234,Chụp cắt lớp vi tính hệ tiết niệu thường quy (từ 64-128 dãy),"Chụp cắt lớp vi tính, chụp mạch, cộng hưởng từ",Exclude
7092,18.0235.0042,18.235,"Chụp cắt lớp vi tính tầng trên ổ bụng có khảo sát mạch các tạng (bao gồm mạch: gan, tụy, lách và mạch khối u) (từ 64-128 dãy)","Chụp cắt lớp vi tính, chụp mạch, cộng hưởng từ",Exclude
7093,18.0236.0042,18.236,Chụp cắt lớp vi tính hệ tiết niệu có khảo sát mạch thận và/hoặc dựng hình đường bài xuất (từ 64-128 dãy),"Chụp cắt lớp vi tính, chụp mạch, cộng hưởng từ",Exclude
7094,18.0237.0042,18.237,Chụp cắt lớp vi tính gan có dựng hình đường mật (từ 64-128 dãy),"Chụp cắt lớp vi tính, chụp mạch, cộng hưởng từ",Exclude
7095,18.0238.0042,18.238,Chụp cắt lớp vi tính tạng khảo sát huyết động học khối u (CT perfusion) (từ 64-128 dãy),"Chụp cắt lớp vi tính, chụp mạch, cộng hưởng từ",Exclude
7096,18.0239.0043,18.239,Chụp cắt lớp vi tính ruột non (entero-scan) không dùng sonde (từ 64-128 dãy),"Chụp cắt lớp vi tính, chụp mạch, cộng hưởng từ",Exclude
7097,18.0240.0042,18.240,Chụp cắt lớp vi tính ruột non (entero-scan) có dùng sonde (từ 64-128 dãy),"Chụp cắt lớp vi tính, chụp mạch, cộng hưởng từ",Exclude
7098,18.0241.0042,18.241,Chụp cắt lớp vi tính đại tràng (colo-scan) dùng dịch hoặc hơi có nội soi ảo (từ 64-128 dãy),"Chụp cắt lớp vi tính, chụp mạch, cộng hưởng từ",Exclude
7099,18.0242.0042,18.242,Chụp cắt lớp vi tính động mạch chủ-chậu (từ 64-128 dãy),"Chụp cắt lớp vi tính, chụp mạch, cộng hưởng từ",Exclude
7100,18.0243.0046,18.243,"Chụp cắt lớp vi tính tầng trên ổ bụng thường quy (gồm: chụp Cắt lớp vi tính gan-mật, tụy, lách, dạ dày-tá tràng.v.v.) (từ ≥ 256 dãy)","Chụp cắt lớp vi tính, chụp mạch, cộng hưởng từ",Exclude
7101,18.0243.0047,18.243,"Chụp cắt lớp vi tính tầng trên ổ bụng thường quy (gồm: chụp Cắt lớp vi tính gan-mật, tụy, lách, dạ dày-tá tràng.v.v.) (từ ≥ 256 dãy)","Chụp cắt lớp vi tính, chụp mạch, cộng hưởng từ",Exclude
7102,18.0244.0046,18.244,Chụp cắt lớp vi tính bụng-tiểu khung thường quy (từ ≥ 256 dãy),"Chụp cắt lớp vi tính, chụp mạch, cộng hưởng từ",Exclude
7103,18.0244.0047,18.244,Chụp cắt lớp vi tính bụng-tiểu khung thường quy (từ ≥ 256 dãy),"Chụp cắt lớp vi tính, chụp mạch, cộng hưởng từ",Exclude
7104,18.0245.0040,18.245,"Chụp cắt lớp vi tính tiểu khung thường quy (gồm: chụp cắt lớp vi tính tử cung-buồng trứng, tiền liệt tuyến, các khối u vùng tiểu khung.v.v.)","Chụp cắt lớp vi tính, chụp mạch, cộng hưởng từ",Exclude
7105,18.0245.0041,18.245,"Chụp cắt lớp vi tính tiểu khung thường quy (gồm: chụp cắt lớp vi tính tử cung-buồng trứng, tiền liệt tuyến, các khối u vùng tiểu khung.v.v.)","Chụp cắt lớp vi tính, chụp mạch, cộng hưởng từ",Exclude
7106,18.0245.0042,18.245,"Chụp cắt lớp vi tính tiểu khung thường quy (gồm: chụp cắt lớp vi tính tử cung-buồng trứng, tiền liệt tuyến, các khối u vùng tiểu khung.v.v.)","Chụp cắt lớp vi tính, chụp mạch, cộng hưởng từ",Exclude
7107,18.0245.0043,18.245,"Chụp cắt lớp vi tính tiểu khung thường quy (gồm: chụp cắt lớp vi tính tử cung-buồng trứng, tiền liệt tuyến, các khối u vùng tiểu khung.v.v.)","Chụp cắt lớp vi tính, chụp mạch, cộng hưởng từ",Exclude
7108,18.0245.0046,18.245,"Chụp cắt lớp vi tính tiểu khung thường quy (gồm: chụp cắt lớp vi tính tử cung-buồng trứng, tiền liệt tuyến, các khối u vùng tiểu khung.v.v.)","Chụp cắt lớp vi tính, chụp mạch, cộng hưởng từ",Exclude
7109,18.0245.0047,18.245,"Chụp cắt lớp vi tính tiểu khung thường quy (gồm: chụp cắt lớp vi tính tử cung-buồng trứng, tiền liệt tuyến, các khối u vùng tiểu khung.v.v.)","Chụp cắt lớp vi tính, chụp mạch, cộng hưởng từ",Exclude
7110,18.0246.0046,18.246,Chụp cắt lớp vi tính hệ tiết niệu thường quy (từ ≥ 256 dãy),"Chụp cắt lớp vi tính, chụp mạch, cộng hưởng từ",Exclude
7111,18.0246.0047,18.246,Chụp cắt lớp vi tính hệ tiết niệu thường quy (từ ≥ 256 dãy),"Chụp cắt lớp vi tính, chụp mạch, cộng hưởng từ",Exclude
7112,18.0247.0046,18.247,"Chụp cắt lớp vi tính tầng trên ổ bụng có khảo sát mạch các tạng (bao gồm mạch: gan, tụy, lách và mạch khối u) (từ ≥ 256 dãy)","Chụp cắt lớp vi tính, chụp mạch, cộng hưởng từ",Exclude
7113,18.0248.0046,18.248,Chụp cắt lớp vi tính hệ tiết niệu có khảo sát mạch thận và/hoặc dựng hình đường bài xuất (từ ≥ 256 dãy),"Chụp cắt lớp vi tính, chụp mạch, cộng hưởng từ",Exclude
7114,18.0249.0046,18.249,Chụp cắt lớp vi tính gan có dựng hình đường mật (từ ≥ 256 dãy),"Chụp cắt lớp vi tính, chụp mạch, cộng hưởng từ",Exclude
7115,18.0250.0046,18.250,Chụp cắt lớp vi tính tạng khảo sát huyết động học khối u (CT perfusion) (từ ≥ 256 dãy),"Chụp cắt lớp vi tính, chụp mạch, cộng hưởng từ",Exclude
7116,18.0251.0047,18.251,Chụp cắt lớp vi tính ruột non (entero-scan) không dùng sonde (từ ≥ 256 dãy),"Chụp cắt lớp vi tính, chụp mạch, cộng hưởng từ",Exclude
7117,18.0252.0046,18.252,Chụp cắt lớp vi tính ruột non (entero-scan) có dùng sonde (từ ≥ 256 dãy),"Chụp cắt lớp vi tính, chụp mạch, cộng hưởng từ",Exclude
7118,18.0253.0046,18.253,Chụp cắt lớp vi tính đại tràng (colo-scan) dùng dịch hoặc hơi có nội soi ảo (từ ≥ 256 dãy),"Chụp cắt lớp vi tính, chụp mạch, cộng hưởng từ",Exclude
7119,18.0254.0046,18.254,Chụp cắt lớp vi tính động mạch chủ-chậu (từ ≥ 256 dãy),"Chụp cắt lớp vi tính, chụp mạch, cộng hưởng từ",Exclude
7120,18.0255.0040,18.255,Chụp cắt lớp vi tính cột sống cổ không tiêm thuốc cản quang (từ 1- 32 dãy),"Chụp cắt lớp vi tính, chụp mạch, cộng hưởng từ",Exclude
7121,18.0256.0041,18.256,Chụp cắt lớp vi tính cột sống cổ có tiêm thuốc cản quang (từ 1- 32 dãy),"Chụp cắt lớp vi tính, chụp mạch, cộng hưởng từ",Exclude
7122,18.0257.0040,18.257,Chụp cắt lớp vi tính cột sống ngực không tiêm thuốc cản quang (từ 1- 32 dãy),"Chụp cắt lớp vi tính, chụp mạch, cộng hưởng từ",Exclude
7123,18.0258.0041,18.258,Chụp cắt lớp vi tính cột sống ngực có tiêm thuốc cản quang (từ 1- 32 dãy),"Chụp cắt lớp vi tính, chụp mạch, cộng hưởng từ",Exclude
7124,18.0259.0040,18.259,Chụp cắt lớp vi tính cột sống thắt lưng không tiêm thuốc cản quang (từ 1- 32 dãy),"Chụp cắt lớp vi tính, chụp mạch, cộng hưởng từ",Exclude
7125,18.0260.0041,18.260,Chụp cắt lớp vi tính cột sống thắt lưng có tiêm thuốc cản quang (từ 1- 32 dãy),"Chụp cắt lớp vi tính, chụp mạch, cộng hưởng từ",Exclude
7126,18.0261.0040,18.261,Chụp cắt lớp vi tính khớp thường quy không tiêm thuốc cản quang (từ 1- 32 dãy),"Chụp cắt lớp vi tính, chụp mạch, cộng hưởng từ",Exclude
7127,18.0262.0041,18.262,Chụp cắt lớp vi tính khớp thường quy có tiêm thuốc cản quang (từ 1- 32 dãy),"Chụp cắt lớp vi tính, chụp mạch, cộng hưởng từ",Exclude
7128,18.0263.0041,18.263,Chụp cắt lớp vi tính khớp có tiêm thuốc cản quang vào ổ khớp (từ 1- 32 dãy),"Chụp cắt lớp vi tính, chụp mạch, cộng hưởng từ",Exclude
7129,18.0264.0040,18.264,Chụp cắt lớp vi tính xương chi không tiêm thuốc cản quang (từ 1- 32 dãy),"Chụp cắt lớp vi tính, chụp mạch, cộng hưởng từ",Exclude
7130,18.0265.0041,18.265,Chụp cắt lớp vi tính xương chi có tiêm thuốc cản quang (từ 1- 32 dãy),"Chụp cắt lớp vi tính, chụp mạch, cộng hưởng từ",Exclude
7131,18.0266.0041,18.266,Chụp cắt lớp vi tính mạch máu chi trên (từ 1- 32 dãy),"Chụp cắt lớp vi tính, chụp mạch, cộng hưởng từ",Exclude
7132,18.0267.0041,18.267,Chụp cắt lớp vi tính mạch máu chi dưới (từ 1- 32 dãy),"Chụp cắt lớp vi tính, chụp mạch, cộng hưởng từ",Exclude
7133,18.0268.0043,18.268,Chụp cắt lớp vi tính cột sống cổ không tiêm thuốc cản quang (từ 64- 128 dãy),"Chụp cắt lớp vi tính, chụp mạch, cộng hưởng từ",Exclude
7134,18.0269.0042,18.269,Chụp cắt lớp vi tính cột sống cổ có tiêm thuốc cản quang (từ 64- 128 dãy),"Chụp cắt lớp vi tính, chụp mạch, cộng hưởng từ",Exclude
7135,18.0270.0043,18.270,Chụp cắt lớp vi tính cột sống ngực không tiêm thuốc cản quang (từ 64- 128 dãy),"Chụp cắt lớp vi tính, chụp mạch, cộng hưởng từ",Exclude
7136,18.0271.0042,18.271,Chụp cắt lớp vi tính cột sống ngực có tiêm thuốc cản quang (từ 64- 128 dãy),"Chụp cắt lớp vi tính, chụp mạch, cộng hưởng từ",Exclude
7137,18.0272.0043,18.272,Chụp cắt lớp vi tính cột sống thắt lưng không tiêm thuốc cản quang (từ 64- 128 dãy),"Chụp cắt lớp vi tính, chụp mạch, cộng hưởng từ",Exclude
7138,18.0273.0042,18.273,Chụp cắt lớp vi tính cột sống thắt lưng có tiêm thuốc cản quang (từ 64- 128 dãy),"Chụp cắt lớp vi tính, chụp mạch, cộng hưởng từ",Exclude
7139,18.0274.0043,18.274,Chụp cắt lớp vi tính khớp thường quy không tiêm thuốc cản quang (từ 64- 128 dãy),"Chụp cắt lớp vi tính, chụp mạch, cộng hưởng từ",Exclude
7140,18.0275.0042,18.275,Chụp cắt lớp vi tính khớp thường quy có tiêm thuốc cản quang (từ 64- 128 dãy),"Chụp cắt lớp vi tính, chụp mạch, cộng hưởng từ",Exclude
7141,18.0276.0042,18.276,Chụp cắt lớp vi tính khớp có tiêm thuốc cản quang vào ổ khớp (từ 64- 128 dãy),"Chụp cắt lớp vi tính, chụp mạch, cộng hưởng từ",Exclude
7142,18.0277.0043,18.277,Chụp cắt lớp vi tính xương chi không tiêm thuốc cản quang (từ 64- 128 dãy),"Chụp cắt lớp vi tính, chụp mạch, cộng hưởng từ",Exclude
7143,18.0278.0042,18.278,Chụp cắt lớp vi tính xương chi có tiêm thuốc cản quang (từ 64- 128 dãy),"Chụp cắt lớp vi tính, chụp mạch, cộng hưởng từ",Exclude
7144,18.0279.0044,18.279,Chụp cắt lớp vi tính tầm soát toàn thân (từ 64- 128 dãy),"Chụp cắt lớp vi tính, chụp mạch, cộng hưởng từ",Exclude
7145,18.0279.0045,18.279,Chụp cắt lớp vi tính tầm soát toàn thân (từ 64- 128 dãy),"Chụp cắt lớp vi tính, chụp mạch, cộng hưởng từ",Exclude
7146,18.0280.0042,18.280,Chụp cắt lớp vi tính mạch máu chi trên (từ 64- 128 dãy),"Chụp cắt lớp vi tính, chụp mạch, cộng hưởng từ",Exclude
7147,18.0281.0042,18.281,Chụp cắt lớp vi tính mạch máu chi dưới (từ 64- 128 dãy),"Chụp cắt lớp vi tính, chụp mạch, cộng hưởng từ",Exclude
7148,18.0282.0047,18.282,Chụp cắt lớp vi tính cột sống cổ không tiêm thuốc cản quang (từ ≥256 dãy),"Chụp cắt lớp vi tính, chụp mạch, cộng hưởng từ",Exclude
7149,18.0283.0046,18.283,Chụp cắt lớp vi tính cột sống cổ có tiêm thuốc cản quang (từ ≥256 dãy),"Chụp cắt lớp vi tính, chụp mạch, cộng hưởng từ",Exclude
7150,18.0284.0047,18.284,Chụp cắt lớp vi tính cột sống ngực không tiêm thuốc cản quang (từ ≥256 dãy),"Chụp cắt lớp vi tính, chụp mạch, cộng hưởng từ",Exclude
7151,18.0285.0046,18.285,Chụp cắt lớp vi tính cột sống ngực có tiêm thuốc cản quang (từ ≥256 dãy),"Chụp cắt lớp vi tính, chụp mạch, cộng hưởng từ",Exclude
7152,18.0286.0047,18.286,Chụp cắt lớp vi tính cột sống thắt lưng không tiêm thuốc cản quang (từ ≥256 dãy),"Chụp cắt lớp vi tính, chụp mạch, cộng hưởng từ",Exclude
7153,18.0287.0046,18.287,Chụp cắt lớp vi tính cột sống thắt lưng có tiêm thuốc cản quang (từ ≥256 dãy),"Chụp cắt lớp vi tính, chụp mạch, cộng hưởng từ",Exclude
7154,18.0288.0047,18.288,Chụp cắt lớp vi tính khớp thường quy không tiêm thuốc cản quang (từ ≥256 dãy),"Chụp cắt lớp vi tính, chụp mạch, cộng hưởng từ",Exclude
7155,18.0289.0046,18.289,Chụp cắt lớp vi tính khớp thường quy có tiêm thuốc cản quang (từ ≥256 dãy),"Chụp cắt lớp vi tính, chụp mạch, cộng hưởng từ",Exclude
7156,18.0290.0046,18.290,Chụp cắt lớp vi tính khớp có tiêm thuốc cản quang vào ổ khớp (từ ≥256 dãy),"Chụp cắt lớp vi tính, chụp mạch, cộng hưởng từ",Exclude
7157,18.0291.0047,18.291,Chụp cắt lớp vi tính xương chi không tiêm thuốc cản quang (từ ≥256 dãy),"Chụp cắt lớp vi tính, chụp mạch, cộng hưởng từ",Exclude
7158,18.0292.0046,18.292,Chụp cắt lớp vi tính xương chi có tiêm thuốc cản quang (từ ≥256 dãy),"Chụp cắt lớp vi tính, chụp mạch, cộng hưởng từ",Exclude
7159,18.0293.0048,18.293,Chụp cắt lớp vi tính tầm soát toàn thân (từ ≥256 dãy),"Chụp cắt lớp vi tính, chụp mạch, cộng hưởng từ",Exclude
7160,18.0293.0049,18.293,Chụp cắt lớp vi tính tầm soát toàn thân (từ ≥256 dãy),"Chụp cắt lớp vi tính, chụp mạch, cộng hưởng từ",Exclude
7161,18.0294.0046,18.294,Chụp cắt lớp vi tính mạch máu chi trên (từ ≥256 dãy),"Chụp cắt lớp vi tính, chụp mạch, cộng hưởng từ",Exclude
7162,18.0295.0046,18.295,Chụp cắt lớp vi tính mạch máu chi dưới (từ ≥256 dãy),"Chụp cắt lớp vi tính, chụp mạch, cộng hưởng từ",Exclude
7163,18.0296.0066,18.296,Chụp cộng hưởng từ sọ não (0.2-1.5T),"Chụp cắt lớp vi tính, chụp mạch, cộng hưởng từ",Exclude
7164,18.0297.0065,18.297,Chụp cộng hưởng từ sọ não có tiêm chất tương phản (0.2-1.5T),"Chụp cắt lớp vi tính, chụp mạch, cộng hưởng từ",Exclude
7165,18.0298.0066,18.298,Chụp cộng hưởng từ não- mạch não không tiêm chất tương phản (0.2-1.5T),"Chụp cắt lớp vi tính, chụp mạch, cộng hưởng từ",Exclude
7166,18.0299.0065,18.299,Chụp cộng hưởng từ não- mạch não có tiêm chất tương phản (0.2-1.5T),"Chụp cắt lớp vi tính, chụp mạch, cộng hưởng từ",Exclude
7167,18.0300.0066,18.300,Chụp cộng hưởng từ hệ mạch cổ không tiêm chất tương phản (0.2-1.5T),"Chụp cắt lớp vi tính, chụp mạch, cộng hưởng từ",Exclude
7168,18.0301.0065,18.301,Chụp cộng hưởng từ hệ mạch cổ có tiêm chất tương phản (0.2-1.5T),"Chụp cắt lớp vi tính, chụp mạch, cộng hưởng từ",Exclude
7169,18.0302.0065,18.302,Chụp cộng hưởng từ tuyến yên có tiêm chất tương phản (khảo sát động học) (0.2-1.5T),"Chụp cắt lớp vi tính, chụp mạch, cộng hưởng từ",Exclude
7170,18.0303.0066,18.303,Chụp cộng hưởng từ hốc mắt và thần kinh thị giác (0.2-1.5T),"Chụp cắt lớp vi tính, chụp mạch, cộng hưởng từ",Exclude
7171,18.0304.0065,18.304,Chụp cộng hưởng từ hốc mắt và thần kinh thị giác có tiêm chất tương phản (0.2-1.5T),"Chụp cắt lớp vi tính, chụp mạch, cộng hưởng từ",Exclude
7172,18.0305.0065,18.305,Chụp cộng hưởng từ tưới máu não (perfusion) (0.2-1.5T),"Chụp cắt lớp vi tính, chụp mạch, cộng hưởng từ",Exclude
7173,18.0306.0068,18.306,Chụp cộng hưởng từ phổ não (spect tính rography) (0.2-1.5T),"Chụp cắt lớp vi tính, chụp mạch, cộng hưởng từ",Exclude
7174,18.0307.0068,18.307,Chụp cộng hưởng từ các bó sợi thần kinh (tractography) hay Chụp Cộng hưởng từ khuếch tán sức căng (DTI - Diffusion Tensor Imaging) (0.2-1.5T),"Chụp cắt lớp vi tính, chụp mạch, cộng hưởng từ",Exclude
7175,18.0308.0066,18.308,Chụp cộng hưởng từ khuếch tán (DWI - Diffusion-weighted Imaging) (0.2-1.5T),"Chụp cắt lớp vi tính, chụp mạch, cộng hưởng từ",Exclude
7176,18.0309.0065,18.309,Chụp cộng hưởng từ đáy sọ và xương đá (0.2-1.5T),"Chụp cắt lớp vi tính, chụp mạch, cộng hưởng từ",Exclude
7177,18.0310.0066,18.310,Chụp cộng hưởng từ vùng mặt – cổ (0.2-1.5T),"Chụp cắt lớp vi tính, chụp mạch, cộng hưởng từ",Exclude
7178,18.0311.0065,18.311,Chụp cộng hưởng từ vùng mặt – cổ có tiêm tương phản (0.2-1.5T),"Chụp cắt lớp vi tính, chụp mạch, cộng hưởng từ",Exclude
7179,18.0312.0068,18.312,Chụp cộng hưởng từ sọ não chức năng (0.2-1.5T),"Chụp cắt lớp vi tính, chụp mạch, cộng hưởng từ",Exclude
7180,18.0313.0066,18.313,Chụp cộng hưởng từ lồng ngực (0.2-1.5T),"Chụp cắt lớp vi tính, chụp mạch, cộng hưởng từ",Exclude
7181,18.0314.0065,18.314,Chụp cộng hưởng từ lồng ngực có tiêm thuốc cản quang (0.2-1.5T),"Chụp cắt lớp vi tính, chụp mạch, cộng hưởng từ",Exclude
7182,18.0315.0065,18.315,Chụp cộng hưởng từ thông khí phổi (Heli) (0.2-1.5T),"Chụp cắt lớp vi tính, chụp mạch, cộng hưởng từ",Exclude
7183,18.0316.0066,18.316,Chụp cộng hưởng từ tuyến vú (0.2-1.5T),"Chụp cắt lớp vi tính, chụp mạch, cộng hưởng từ",Exclude
7184,18.0317.0065,18.317,Chụp cộng hưởng từ tuyến vú động học có tiêm tương phản (0.2-1.5T),"Chụp cắt lớp vi tính, chụp mạch, cộng hưởng từ",Exclude
7185,18.0318.0068,18.318,Chụp cộng hưởng từ phổ tuyến vú (0.2-1.5T),"Chụp cắt lớp vi tính, chụp mạch, cộng hưởng từ",Exclude
7186,18.0319.0066,18.319,"Chụp cộng hưởng từ tầng bụng không tiêm chất tương phản (gồm: chụp cộng hưởng từ gan-mật, tụy, lách, thận, dạ dày-tá tràng...) (0.2-1.5T)","Chụp cắt lớp vi tính, chụp mạch, cộng hưởng từ",Exclude
7187,18.0320.0065,18.320,"Chụp cộng hưởng từ tầng bụng có tiêm chất tương phản (gồm: chụp cộng hưởng từ gan-mật, tụy, lách, thận, dạ dày-tá tràng...) (0.2-1.5T)","Chụp cắt lớp vi tính, chụp mạch, cộng hưởng từ",Exclude
7188,18.0321.0066,18.321,"Chụp cộng hưởng từ vùng chậu (gồm: chụp cộng hưởng từ tử cung-phần phụ, tiền liệt tuyến, đại tràng chậu hông, trực tràng, các khối u vùng chậu…) (0.2-1.5T)","Chụp cắt lớp vi tính, chụp mạch, cộng hưởng từ",Exclude
7189,18.0322.0065,18.322,Chụp cộng hưởng từ vùng chậu dò hậu môn (0.2-1.5T),"Chụp cắt lớp vi tính, chụp mạch, cộng hưởng từ",Exclude
7190,18.0323.0065,18.323,"Chụp cộng hưởng từ vùng chậu có tiêm chất tương phản (gồm: chụp cộng hưởng từ tử cung-phần phụ, tiền liệt tuyến, đại tràng chậu hông, trực tràng, các khối u vùng chậu…) (0.2-1.5T)","Chụp cắt lớp vi tính, chụp mạch, cộng hưởng từ",Exclude
7191,18.0324.0066,18.324,"Chụp cộng hưởng từ bìu, dương vật (0.2-1.5T)","Chụp cắt lớp vi tính, chụp mạch, cộng hưởng từ",Exclude
7192,18.0325.0065,18.325,"Chụp cộng hưởng từ bìu, dương vật có tiêm chất tương phản (0.2-1.5T)","Chụp cắt lớp vi tính, chụp mạch, cộng hưởng từ",Exclude
7193,18.0326.0066,18.326,"Chụp cộng hưởng từ động học sàn chậu, tống phân (defecography-MR) (0.2-1.5T)","Chụp cắt lớp vi tính, chụp mạch, cộng hưởng từ",Exclude
7194,18.0327.0065,18.327,Chụp cộng hưởng từ ruột non (enteroclysis) (0.2-1.5T),"Chụp cắt lớp vi tính, chụp mạch, cộng hưởng từ",Exclude
7195,18.0328.0065,18.328,Chụp cộng hưởng từ nội soi ảo khung đại tràng (virtual colonoscopy) (0.2-1.5T),"Chụp cắt lớp vi tính, chụp mạch, cộng hưởng từ",Exclude
7196,18.0329.0065,18.329,Chụp cộng hưởng từ tuyến tiền liệt có tiêm tương phản (0.2-1.5T),"Chụp cắt lớp vi tính, chụp mạch, cộng hưởng từ",Exclude
7197,18.0330.0068,18.330,Chụp cộng hưởng từ phổ tuyến tiền liệt (0.2-1.5T),"Chụp cắt lớp vi tính, chụp mạch, cộng hưởng từ",Exclude
7198,18.0331.0065,18.331,Chụp cộng hưởng từ đánh giá bánh nhau (rau) (0.2-1.5T),"Chụp cắt lớp vi tính, chụp mạch, cộng hưởng từ",Exclude
7199,18.0332.0066,18.332,Chụp cộng hưởng từ thai nhi (0.2-1.5T),"Chụp cắt lớp vi tính, chụp mạch, cộng hưởng từ",Exclude
7200,18.0333.0067,18.333,Chụp cộng hưởng từ gan với chất tương phản đặc hiệu mô (0.2-1.5T),"Chụp cắt lớp vi tính, chụp mạch, cộng hưởng từ",Exclude
7201,18.0334.0066,18.334,Chụp cộng hưởng từ cột sống cổ (0.2-1.5T),"Chụp cắt lớp vi tính, chụp mạch, cộng hưởng từ",Exclude
7202,18.0335.0065,18.335,Chụp cộng hưởng từ cột sống cổ có tiêm tương phản (0.2-1.5T),"Chụp cắt lớp vi tính, chụp mạch, cộng hưởng từ",Exclude
7203,18.0336.0066,18.336,Chụp cộng hưởng từ cột sống ngực (0.2-1.5T),"Chụp cắt lớp vi tính, chụp mạch, cộng hưởng từ",Exclude
7204,18.0337.0065,18.337,Chụp cộng hưởng từ cột sống ngực có tiêm tương phản (0.2-1.5T),"Chụp cắt lớp vi tính, chụp mạch, cộng hưởng từ",Exclude
7205,18.0338.0066,18.338,Chụp cộng hưởng từ cột sống thắt lưng - cùng (0.2-1.5T),"Chụp cắt lớp vi tính, chụp mạch, cộng hưởng từ",Exclude
7206,18.0339.0065,18.339,Chụp cộng hưởng từ cột sống thắt lưng - cùng có tiêm tương phản (0.2-1.5T),"Chụp cắt lớp vi tính, chụp mạch, cộng hưởng từ",Exclude
7207,18.0340.0066,18.340,Chụp cộng hưởng từ khớp (0.2-1.5T),"Chụp cắt lớp vi tính, chụp mạch, cộng hưởng từ",Exclude
7208,18.0341.0065,18.341,Chụp cộng hưởng từ khớp có tiêm tương phản tĩnh mạch (0.2-1.5T),"Chụp cắt lớp vi tính, chụp mạch, cộng hưởng từ",Exclude
7209,18.0342.0065,18.342,Chụp cộng hưởng từ khớp có tiêm tương phản nội khớp (0.2-1.5T),"Chụp cắt lớp vi tính, chụp mạch, cộng hưởng từ",Exclude
7210,18.0343.0066,18.343,Chụp cộng hưởng từ xương và tủy xương (0.2-1.5T),"Chụp cắt lớp vi tính, chụp mạch, cộng hưởng từ",Exclude
7211,18.0344.0065,18.344,Chụp cộng hưởng từ xương và tủy xương có tiêm tương phản (0.2-1.5T),"Chụp cắt lớp vi tính, chụp mạch, cộng hưởng từ",Exclude
7212,18.0345.0066,18.345,Chụp cộng hưởng từ phần mềm chi (0.2-1.5T),"Chụp cắt lớp vi tính, chụp mạch, cộng hưởng từ",Exclude
7213,18.0346.0065,18.346,Chụp cộng hưởng từ phần mềm chi có tiêm tương phản (0.2-1.5T),"Chụp cắt lớp vi tính, chụp mạch, cộng hưởng từ",Exclude
7214,18.0347.0065,18.347,Chụp cộng hưởng từ động mạch chủ-chậu (1.5T),"Chụp cắt lớp vi tính, chụp mạch, cộng hưởng từ",Exclude
7215,18.0348.0065,18.348,Chụp cộng hưởng từ động mạch chủ-ngực (1.5T),"Chụp cắt lớp vi tính, chụp mạch, cộng hưởng từ",Exclude
7216,18.0349.0065,18.349,Chụp cộng hưởng từ động mạch vành (1.5T),"Chụp cắt lớp vi tính, chụp mạch, cộng hưởng từ",Exclude
7217,18.0350.0065,18.350,Chụp cộng hưởng từ tim (1.5T),"Chụp cắt lớp vi tính, chụp mạch, cộng hưởng từ",Exclude
7218,18.0351.0065,18.351,"Chụp cộng hưởng từ tầng trên ổ bụng có khảo sát mạch các tạng (bao gồm mạch: gan, tụy, lách và mạch khối u) (1.5T)","Chụp cắt lớp vi tính, chụp mạch, cộng hưởng từ",Exclude
7219,18.0352.0066,18.352,Chụp cộng hưởng từ động mạch chi trên (1.5T),"Chụp cắt lớp vi tính, chụp mạch, cộng hưởng từ",Exclude
7220,18.0353.0065,18.353,Chụp cộng hưởng từ động mạch chi trên có tiêm tương phản (1.5T),"Chụp cắt lớp vi tính, chụp mạch, cộng hưởng từ",Exclude
7221,18.0354.0066,18.354,Chụp cộng hưởng từ động mạch chi dưới (1.5T),"Chụp cắt lớp vi tính, chụp mạch, cộng hưởng từ",Exclude
7222,18.0355.0065,18.355,Chụp cộng hưởng từ động mạch chi dưới có tiêm tương phản (1.5T),"Chụp cắt lớp vi tính, chụp mạch, cộng hưởng từ",Exclude
7223,18.0358.0066,18.358,Chụp cộng hưởng từ tĩnh mạch (1.5T),"Chụp cắt lớp vi tính, chụp mạch, cộng hưởng từ",Exclude
7224,18.0359.0065,18.359,Chụp cộng hưởng từ tĩnh mạch có tiêm tương phản (1.5T),"Chụp cắt lớp vi tính, chụp mạch, cộng hưởng từ",Exclude
7225,18.0360.0065,18.360,Chụp cộng hưởng từ bạch mạch có tiêm tương phản không đặc hiệu (1.5T),"Chụp cắt lớp vi tính, chụp mạch, cộng hưởng từ",Exclude
7226,18.0361.0065,18.361,Chụp cộng hưởng từ bạch mạch có tiêm tương phản đặc hiệu (1.5T),"Chụp cắt lớp vi tính, chụp mạch, cộng hưởng từ",Exclude
7227,18.0364.0066,18.364,Chụp cộng hưởng từ dây thần kinh ngoại biên (neurography MR) (1.5T),"Chụp cắt lớp vi tính, chụp mạch, cộng hưởng từ",Exclude
7228,18.0365.0068,18.365,Chụp cộng hưởng từ tưới máu các tạng (1.5T),"Chụp cắt lớp vi tính, chụp mạch, cộng hưởng từ",Exclude
7229,18.0403.0067,18.403,Chụp cộng hưởng từ gan với chất tương phản đặc hiệu mô (≥ 3T),"Chụp cắt lớp vi tính, chụp mạch, cộng hưởng từ",Exclude
7230,18.0449.0056,18.449,Chụp và can thiệp động mạch chủ ngực dưới Xquang tăng sáng,"Chụp cắt lớp vi tính, chụp mạch, cộng hưởng từ",Exclude
7231,18.0501.0052,18.501,Chụp động mạch não số hóa xóa nền (DSA),"Chụp cắt lớp vi tính, chụp mạch, cộng hưởng từ",Exclude
7232,18.0502.0052,18.502,Chụp mạch vùng đầu mặt cổ số hóa xóa nền (DSA),"Chụp cắt lớp vi tính, chụp mạch, cộng hưởng từ",Exclude
7233,18.0503.0052,18.503,Chụp động mạch chủ số hóa xóa nền (DSA),"Chụp cắt lớp vi tính, chụp mạch, cộng hưởng từ",Exclude
7234,18.0504.0052,18.504,Chụp động mạch chậu số hóa xóa nền (DSA),"Chụp cắt lớp vi tính, chụp mạch, cộng hưởng từ",Exclude
7235,18.0505.0052,18.505,"Chụp động mạch chi (trên, dưới) số hóa xóa nền (DSA)","Chụp cắt lớp vi tính, chụp mạch, cộng hưởng từ",Exclude
7236,18.0506.0052,18.506,Chụp động mạch phổi số hóa xóa nền (DSA),"Chụp cắt lớp vi tính, chụp mạch, cộng hưởng từ",Exclude
7237,18.0507.0052,18.507,Chụp động mạch phế quản số hóa xóa nền (DSA),"Chụp cắt lớp vi tính, chụp mạch, cộng hưởng từ",Exclude
7238,18.0508.0052,18.508,Chụp các động mạch tủy [dưới DSA],"Chụp cắt lớp vi tính, chụp mạch, cộng hưởng từ",Exclude
7239,18.0509.0052,18.509,"Chụp động mạch tạng (gan, lách, thận, tử cung, sinh dục..) số hóa xóa nền (DSA)","Chụp cắt lớp vi tính, chụp mạch, cộng hưởng từ",Exclude
7240,18.0510.0052,18.510,Chụp động mạch mạc treo số hóa xóa nền (DSA),"Chụp cắt lớp vi tính, chụp mạch, cộng hưởng từ",Exclude
7241,18.0511.0052,18.511,Chụp tĩnh mạch số hóa xóa nền (DSA),"Chụp cắt lớp vi tính, chụp mạch, cộng hưởng từ",Exclude
7242,18.0512.0052,18.512,Chụp tĩnh mạch lách - cửa số hóa xóa nền (DSA),"Chụp cắt lớp vi tính, chụp mạch, cộng hưởng từ",Exclude
7243,18.0513.0052,18.513,Chụp tĩnh mạch lách - cửa đo áp lực số hóa xóa nền (DSA),"Chụp cắt lớp vi tính, chụp mạch, cộng hưởng từ",Exclude
7244,18.0514.0052,18.514,Chụp tĩnh mạch chi số hóa xóa nền (DSA),"Chụp cắt lớp vi tính, chụp mạch, cộng hưởng từ",Exclude
7245,18.0515.0052,18.515,Chụp động mạch các loại chọc kim trực tiếp số hóa xóa nền (DSA),"Chụp cắt lớp vi tính, chụp mạch, cộng hưởng từ",Exclude
7246,18.0516.0055,18.516,Chụp và can thiệp mạch chủ ngực số hóa xóa nền,"Chụp cắt lớp vi tính, chụp mạch, cộng hưởng từ",Exclude
7247,18.0517.0055,18.517,Chụp và can thiệp mạch chủ bụng số hóa xóa nền,"Chụp cắt lớp vi tính, chụp mạch, cộng hưởng từ",Exclude
7248,18.0518.0055,18.518,"Chụp và nong động mạch chi (trên, dưới) số hóa xóa nền","Chụp cắt lớp vi tính, chụp mạch, cộng hưởng từ",Exclude
7249,18.0519.0055,18.519,"Chụp, nong và đặt Stent động mạch chi (trên, dưới) số hóa xóa nền","Chụp cắt lớp vi tính, chụp mạch, cộng hưởng từ",Exclude
7250,18.0520.0055,18.520,"Chụp và nút mạch dị dạng mạch chi (trên, dưới) số hóa xóa nền","Chụp cắt lớp vi tính, chụp mạch, cộng hưởng từ",Exclude
7251,18.0521.0052,18.521,"Chụp và nong cầu nối mạch chi (trên, dưới) số hóa xóa nền","Chụp cắt lớp vi tính, chụp mạch, cộng hưởng từ",Exclude
7252,18.0522.0055,18.522,"Chụp và can thiệp tĩnh mạch chi (trên, dưới) số hóa xóa nền","Chụp cắt lớp vi tính, chụp mạch, cộng hưởng từ",Exclude
7253,18.0524.0052,18.524,Chụp và điều trị bơm thuốc tiêu sợi huyết tại chỗ mạch chi qua ống thông số hóa xóa nền,"Chụp cắt lớp vi tính, chụp mạch, cộng hưởng từ",Exclude
7254,18.0525.0055,18.525,Chụp và điều trị lấy huyết khối qua ống thông điều trị tắc mạch chi số hóa xóa nền,"Chụp cắt lớp vi tính, chụp mạch, cộng hưởng từ",Exclude
7255,18.0527.0055,18.527,Chụp và đặt lưới lọc tĩnh mạch chủ số hóa xóa nền,"Chụp cắt lớp vi tính, chụp mạch, cộng hưởng từ",Exclude
7256,18.0528.0058,18.528,Chụp và nút mạch điều trị u gan số hóa xóa nền,"Chụp cắt lớp vi tính, chụp mạch, cộng hưởng từ",Exclude
7257,18.0529.0058,18.529,Chụp và nút động mạch gan số hóa xóa nền,"Chụp cắt lớp vi tính, chụp mạch, cộng hưởng từ",Exclude
7258,18.0530.0058,18.530,Chụp nút mạch điều trị ung thư gan (TACE),"Chụp cắt lớp vi tính, chụp mạch, cộng hưởng từ",Exclude
7259,18.0531.0058,18.531,Chụp và nút hệ tĩnh mạch cửa gan số hóa xóa nền,"Chụp cắt lớp vi tính, chụp mạch, cộng hưởng từ",Exclude
7260,18.0532.0058,18.532,Chụp và nút động mạch phế quản số hóa xóa nền,"Chụp cắt lớp vi tính, chụp mạch, cộng hưởng từ",Exclude
7261,18.0533.0058,18.533,Chụp và can thiệp mạch phổi số hóa xóa nền,"Chụp cắt lớp vi tính, chụp mạch, cộng hưởng từ",Exclude
7262,18.0534.0058,18.534,"Chụp và nút mạch mạc treo (tràng trên, tràng dưới) số hóa xóa nền","Chụp cắt lớp vi tính, chụp mạch, cộng hưởng từ",Exclude
7263,18.0535.0058,18.535,Chụp và nút mạch điều trị u xơ tử cung số hóa xóa nền,"Chụp cắt lớp vi tính, chụp mạch, cộng hưởng từ",Exclude
7264,18.0536.0058,18.536,Chụp và nút mạch điều trị lạc nội mạch trong cơ tử cung số hóa xóa nền,"Chụp cắt lớp vi tính, chụp mạch, cộng hưởng từ",Exclude
7265,18.0537.0058,18.537,Chụp và nút động mạch tử cung số hóa xóa nền,"Chụp cắt lớp vi tính, chụp mạch, cộng hưởng từ",Exclude
7266,18.0538.0058,18.538,Chụp và nút giãn tĩnh mạch tinh số hóa xóa nền,"Chụp cắt lớp vi tính, chụp mạch, cộng hưởng từ",Exclude
7267,18.0539.0058,18.539,Chụp và nút giãn tĩnh mạch buồng trứng số hóa xóa nền,"Chụp cắt lớp vi tính, chụp mạch, cộng hưởng từ",Exclude
7268,18.0540.0058,18.540,Chụp và can thiệp mạch lách số hóa xóa nền,"Chụp cắt lớp vi tính, chụp mạch, cộng hưởng từ",Exclude
7269,18.0541.0058,18.541,Chụp và can thiệp mạch tá tụy số hóa xóa nền,"Chụp cắt lớp vi tính, chụp mạch, cộng hưởng từ",Exclude
7270,18.0542.0058,18.542,"Chụp, nong và đặt stent động mạch mạc treo (tràng trên, tràng dưới) số hóa xóa nền","Chụp cắt lớp vi tính, chụp mạch, cộng hưởng từ",Exclude
7271,18.0543.0058,18.543,"Chụp, nong và đặt Stent động mạch thận số hóa xóa nền","Chụp cắt lớp vi tính, chụp mạch, cộng hưởng từ",Exclude
7272,18.0544.0058,18.544,Chụp và nút dị dạng động mạch thận số hóa xóa nền,"Chụp cắt lớp vi tính, chụp mạch, cộng hưởng từ",Exclude
7273,18.0545.0058,18.545,Chụp và nút mạch bằng hạt DC Bead gắn hóa chất điều trị u gan số hóa xóa nền,"Chụp cắt lớp vi tính, chụp mạch, cộng hưởng từ",Exclude
7274,18.0546.0058,18.546,Chụp và tạo luồng thông cửa chủ qua da (TIPS) số hóa xóa nền,"Chụp cắt lớp vi tính, chụp mạch, cộng hưởng từ",Exclude
7275,18.0547.0058,18.547,Chụp và điều trị giãn tĩnh mạch dạ dày số hóa xóa nền,"Chụp cắt lớp vi tính, chụp mạch, cộng hưởng từ",Exclude
7276,18.0548.0058,18.548,Chụp và điều trị giãn tĩnh mạch thực quản xuyên gan qua da số hóa xóa nền,"Chụp cắt lớp vi tính, chụp mạch, cộng hưởng từ",Exclude
7277,18.0549.0059,18.549,Chụp và sinh thiết gan qua tĩnh mạch trên gan số hóa xóa nền,"Chụp cắt lớp vi tính, chụp mạch, cộng hưởng từ",Exclude
7278,18.0550.0058,18.550,Chụp và nút động mạch điều trị cầm máu các tạng số hóa xóa nền,"Chụp cắt lớp vi tính, chụp mạch, cộng hưởng từ",Exclude
7279,18.0551.0058,18.551,Chụp và nút dị dạng mạch các tạng số hóa xóa nền,"Chụp cắt lớp vi tính, chụp mạch, cộng hưởng từ",Exclude
7280,18.0552.0058,18.552,"Chụp và bơm dược chất phóng xạ, hạt phóng xạ điều trị khối u số hóa xóa nền","Chụp cắt lớp vi tính, chụp mạch, cộng hưởng từ",Exclude
7281,18.0553.0057,18.553,Chụp và nút phình động mạch não số hóa xóa nền,"Chụp cắt lớp vi tính, chụp mạch, cộng hưởng từ",Exclude
7282,18.0554.0057,18.554,Chụp và điều trị phình động mạch não bằng thay đổi dòng chảy số hóa xóa nền,"Chụp cắt lớp vi tính, chụp mạch, cộng hưởng từ",Exclude
7283,18.0555.0057,18.555,Chụp và nút dị dạng thông động tĩnh mạch não số hóa xóa nền,"Chụp cắt lớp vi tính, chụp mạch, cộng hưởng từ",Exclude
7284,18.0556.0057,18.556,Chụp và nút thông động mạch cảnh xoang hang số hóa xóa nền,"Chụp cắt lớp vi tính, chụp mạch, cộng hưởng từ",Exclude
7285,18.0557.0057,18.557,Chụp và nút dị dạng thông động tĩnh mạch màng cứng số hóa xóa nền,"Chụp cắt lớp vi tính, chụp mạch, cộng hưởng từ",Exclude
7286,18.0558.0057,18.558,Chụp và test nút động mạch não số hóa xóa nền,"Chụp cắt lớp vi tính, chụp mạch, cộng hưởng từ",Exclude
7287,18.0559.0057,18.559,Chụp và nút dị dạng mạch tủy số hóa xóa nền,"Chụp cắt lớp vi tính, chụp mạch, cộng hưởng từ",Exclude
7288,18.0560.0057,18.560,Chụp và nút động mạch đốt sống số hóa xóa nền,"Chụp cắt lớp vi tính, chụp mạch, cộng hưởng từ",Exclude
7289,18.0561.0058,18.561,Chụp và nút mạch tiền phẫu các khối u số hóa xóa nền,"Chụp cắt lớp vi tính, chụp mạch, cộng hưởng từ",Exclude
7290,18.0562.0057,18.562,"Chụp, nong và đặt stent điều trị hẹp động mạch ngoài sọ (mạch cảnh, đốt sống) số hóa xóa nền","Chụp cắt lớp vi tính, chụp mạch, cộng hưởng từ",Exclude
7291,18.0563.0057,18.563,Chụp và nong hẹp động mạch nội sọ số hóa xóa nền,"Chụp cắt lớp vi tính, chụp mạch, cộng hưởng từ",Exclude
7292,18.0564.0057,18.564,"Chụp, nong và đặt Stent điều trị hẹp động mạch nội sọ số hóa xóa nền","Chụp cắt lớp vi tính, chụp mạch, cộng hưởng từ",Exclude
7293,18.0565.0057,18.565,Chụp và bơm thuốc tiêu sợi huyết đường động mạch điều trị tắc động mạch não cấp số hóa xóa nền,"Chụp cắt lớp vi tính, chụp mạch, cộng hưởng từ",Exclude
7294,18.0566.0057,18.566,Chụp và can thiệp lấy huyết khối động mạch não số hóa xóa nền,"Chụp cắt lớp vi tính, chụp mạch, cộng hưởng từ",Exclude
7295,18.0567.0057,18.567,Chụp và can thiệp các bệnh lý hệ tĩnh mạch não số hóa xóa nền,"Chụp cắt lớp vi tính, chụp mạch, cộng hưởng từ",Exclude
7296,18.0568.0057,18.568,Chụp và nút mạch điều trị chảy máu mũi số hóa xóa nền,"Chụp cắt lớp vi tính, chụp mạch, cộng hưởng từ",Exclude
7297,18.0569.0057,18.569,Chụp và nút mạch điều trị u xơ mũi họng số hóa xóa nền,"Chụp cắt lớp vi tính, chụp mạch, cộng hưởng từ",Exclude
7298,18.0570.0057,18.570,Chụp và nút mạch điều trị bệnh lý dị dạng mạch vùng đầu mặt cổ và hàm mặt số hóa xóa nền,"Chụp cắt lớp vi tính, chụp mạch, cộng hưởng từ",Exclude
7299,18.0572.0064,18.572,Đổ xi măng cột sống số hóa xóa nền,"Chụp cắt lớp vi tính, chụp mạch, cộng hưởng từ",Exclude
7300,18.0573.0064,18.573,Tạo hình và đổ xi măng cột sống (kyphoplasty),"Chụp cắt lớp vi tính, chụp mạch, cộng hưởng từ",Exclude
7301,18.0574.0064,18.574,Tiêm phá đông khớp vai số hóa xóa nền,"Chụp cắt lớp vi tính, chụp mạch, cộng hưởng từ",Exclude
7302,18.0577.0064,18.577,Điều trị u xương dạng xương số hóa xóa nền,"Chụp cắt lớp vi tính, chụp mạch, cộng hưởng từ",Exclude
7303,18.0578.0064,18.578,Điều trị các tổn thương xương số hóa xóa nền,"Chụp cắt lớp vi tính, chụp mạch, cộng hưởng từ",Exclude
7304,18.0579.0064,18.579,"Điều trị các khối u tạng (thận, lách, tụy...) số hóa xóa nền","Chụp cắt lớp vi tính, chụp mạch, cộng hưởng từ",Exclude
7305,18.0580.0064,18.580,Đốt sóng cao tần điều trị các khối u số hóa xóa nền,"Chụp cắt lớp vi tính, chụp mạch, cộng hưởng từ",Exclude
7306,18.0581.0059,18.581,Đặt cổng truyền hóa chất dưới da số hóa xóa nền,"Chụp cắt lớp vi tính, chụp mạch, cộng hưởng từ",Exclude
7307,18.0582.0059,18.582,Mở thông dạ dày qua da số hóa xóa nền,"Chụp cắt lớp vi tính, chụp mạch, cộng hưởng từ",Exclude
7308,18.0583.0059,18.583,Đốt sóng cao tần điều trị suy giãn tĩnh mạch số hóa xóa nền,"Chụp cắt lớp vi tính, chụp mạch, cộng hưởng từ",Exclude
7309,18.0584.0059,18.584,Điều trị tiêm xơ trực tiếp qua da số hóa xóa nền,"Chụp cắt lớp vi tính, chụp mạch, cộng hưởng từ",Exclude
7310,18.0585.0059,18.585,Điều trị bơm tắc mạch trực tiếp qua da số hóa xóa nền,"Chụp cắt lớp vi tính, chụp mạch, cộng hưởng từ",Exclude
7311,18.0586.0064,18.586,Điều trị thoát vị đĩa đệm qua da số hóa xóa nền,"Chụp cắt lớp vi tính, chụp mạch, cộng hưởng từ",Exclude
7312,18.0587.0061,18.587,Dẫn lưu đường mật số hóa xóa nền,"Chụp cắt lớp vi tính, chụp mạch, cộng hưởng từ",Exclude
7313,18.0588.0061,18.588,Nong đặt Stent đường mật số hóa xóa nền,"Chụp cắt lớp vi tính, chụp mạch, cộng hưởng từ",Exclude
7314,18.0589.0059,18.589,Mở thông dạ dày qua da số hóa xóa nền,"Chụp cắt lớp vi tính, chụp mạch, cộng hưởng từ",Exclude
7315,18.0590.0059,18.590,Dẫn lưu áp xe ngực/bụng số hóa xóa nền,"Chụp cắt lớp vi tính, chụp mạch, cộng hưởng từ",Exclude
7316,18.0591.0059,18.591,Dẫn lưu các ổ dịch ngực/bụng số hóa xóa nền,"Chụp cắt lớp vi tính, chụp mạch, cộng hưởng từ",Exclude
7317,18.0592.0059,18.592,"Dẫn lưu áp xe các tạng (gan, lách, thận, ruột thừa..) số hóa xóa nền","Chụp cắt lớp vi tính, chụp mạch, cộng hưởng từ",Exclude
7318,18.0593.0059,18.593,Dẫn lưu bể thận số hóa xóa nền,"Chụp cắt lớp vi tính, chụp mạch, cộng hưởng từ",Exclude
7319,18.0594.0061,18.594,Đặt sonde JJ số hóa xóa nền,"Chụp cắt lớp vi tính, chụp mạch, cộng hưởng từ",Exclude
7320,18.0595.0059,18.595,Nong và đặt Stent điều trị hẹp tắc vị tràng số hóa xóa nền,"Chụp cắt lớp vi tính, chụp mạch, cộng hưởng từ",Exclude
7321,18.0597.0059,18.597,Can thiệp điều trị hẹp đại tràng trước và sau phẫu thuật số hóa xóa nền,"Chụp cắt lớp vi tính, chụp mạch, cộng hưởng từ",Exclude
7322,18.0598.0059,18.598,"Nong đặt Stent thực quản, dạ dày số hóa xóa nền","Chụp cắt lớp vi tính, chụp mạch, cộng hưởng từ",Exclude
7323,18.0599.0061,18.599,Sinh thiết trong lòng đường mật qua da số hóa xóa nền,"Chụp cắt lớp vi tính, chụp mạch, cộng hưởng từ",Exclude
7324,18.0600.0064,18.600,Diệt hạch điều trị đau dây V số hóa xóa nền,"Chụp cắt lớp vi tính, chụp mạch, cộng hưởng từ",Exclude
7325,18.0601.0063,18.601,Đốt sóng cao tần điều trị u gan dưới hướng dẫn siêu âm,"Chụp cắt lớp vi tính, chụp mạch, cộng hưởng từ",Exclude
7326,18.0602.0063,18.602,Đốt sóng cao tần điều trị các u tạng dưới hướng dẫn siêu âm,"Chụp cắt lớp vi tính, chụp mạch, cộng hưởng từ",Exclude
7327,18.0603.0169,18.603,Sinh thiết gan dưới hướng dẫn siêu âm,Các thủ thuật và dịch vụ Nội soi,Exclude
7328,18.0604.0169,18.604,Sinh thiết gan ghép dưới hướng dẫn siêu âm,Các thủ thuật và dịch vụ Nội soi,Exclude
7329,18.0605.0170,18.605,Sinh thiết vú dưới hướng dẫn siêu âm,Các thủ thuật và dịch vụ Nội soi,Exclude
7330,18.0606.0169,18.606,Sinh thiết lách dưới hướng dẫn siêu âm,Các thủ thuật và dịch vụ Nội soi,Exclude
7331,18.0607.0169,18.607,Sinh thiết thận dưới hướng dẫn siêu âm,Các thủ thuật và dịch vụ Nội soi,Exclude
7332,18.0608.0169,18.608,Sinh thiết thận ghép dưới hướng dẫn siêu âm,Các thủ thuật và dịch vụ Nội soi,Exclude
7333,18.0609.0170,18.609,Sinh thiết hạch (hoặc u) dưới hướng dẫn siêu âm,Các thủ thuật và dịch vụ Nội soi,Exclude
7334,18.0610.0090,18.610,Sinh thiết tuyến giáp dưới hướng dẫn siêu âm,Các thủ thuật và dịch vụ Nội soi,Exclude
7335,18.0611.0170,18.611,Sinh thiết phần mềm dưới hướng dẫn siêu âm,Các thủ thuật và dịch vụ Nội soi,Exclude
7336,18.0613.0177,18.613,Sinh thiết tiền liệt tuyến qua trực tràng dưới hướng dẫn siêu âm,Các thủ thuật và dịch vụ Nội soi,Exclude
7337,18.0614.0063,18.614,Đốt sóng cao tần điều trị ung thư gan (RFA) dưới hướng dẫn siêu âm,"Chụp cắt lớp vi tính, chụp mạch, cộng hưởng từ",Exclude
7338,18.0618.0170,18.618,Sinh thiết phổi/màng phổi dưới hướng dẫn siêu âm,Các thủ thuật và dịch vụ Nội soi,Exclude
7339,18.0619.0090,18.619,Chọc hút tế bào tuyến giáp dưới hướng dẫn siêu âm,Các thủ thuật và dịch vụ Nội soi,Exclude
7340,18.0620.0087,18.620,Chọc hút hạch (hoặc u) dưới hướng dẫn siêu âm,Các thủ thuật và dịch vụ Nội soi,Exclude
7341,18.0621.0090,18.621,Chọc hút tế bào tuyến giáp dưới hướng dẫn siêu âm,Các thủ thuật và dịch vụ Nội soi,Exclude
7342,18.0622.0085,18.622,Chọc nang tuyến giáp dưới hướng dẫn siêu âm,Các thủ thuật và dịch vụ Nội soi,Exclude
7343,18.0623.0082,18.623,Chọc hút nang vú dưới hướng dẫn siêu âm,Các thủ thuật và dịch vụ Nội soi,Exclude
7344,18.0624.0175,18.624,"Chọc hút nang, tiêm xơ dưới hướng dẫn siêu âm",Các thủ thuật và dịch vụ Nội soi,Exclude
7345,18.0625.0087,18.625,Chọc hút dịch ổ khớp dưới hướng dẫn siêu âm,Các thủ thuật và dịch vụ Nội soi,Exclude
7346,18.0626.0608,18.626,Chọc ối dưới hướng dẫn của siêu âm,Phụ Sản,Exclude
7347,18.0627.0146,18.627,"Chọc hút, sinh thiết khối u trung thất qua siêu âm thực quản",Các thủ thuật và dịch vụ Nội soi,Exclude
7348,18.0628.0081,18.628,Chọc hút dịch màng tim dưới hướng dẫn siêu âm,Các thủ thuật và dịch vụ Nội soi,Exclude
7349,18.0629.0166,18.629,"Chọc hút ổ dịch, áp xe dưới hướng dẫn của siêu âm",Các thủ thuật và dịch vụ Nội soi,Exclude
7350,18.0630.0087,18.630,Chọc hút tế bào dưới hướng dẫn của siêu âm,Các thủ thuật và dịch vụ Nội soi,Exclude
7351,18.0632.0165,18.632,Dẫn lưu các ổ dịch trong ổ bụng dưới hướng dẫn siêu âm,Các thủ thuật và dịch vụ Nội soi,Exclude
7352,18.0633.0165,18.633,"Dẫn lưu dịch, áp xe, nang dưới hướng dẫn của siêu âm",Các thủ thuật và dịch vụ Nội soi,Exclude
7353,18.0634.0062,18.634,Đốt sóng cao tần điều trị u gan dưới hướng dẫn cắt lớp vi tính,"Chụp cắt lớp vi tính, chụp mạch, cộng hưởng từ",Exclude
7354,18.0635.0062,18.635,Đốt sóng cao tần điều trị các u tạng dưới hướng dẫn cắt lớp vi tính,"Chụp cắt lớp vi tính, chụp mạch, cộng hưởng từ",Exclude
7355,18.0636.0171,18.636,Sinh thiết phổi/màng phổi dưới cắt lớp vi tính,Các thủ thuật và dịch vụ Nội soi,Exclude
7356,18.0637.0171,18.637,Sinh thiết trung thất dưới cắt lớp vi tính,Các thủ thuật và dịch vụ Nội soi,Exclude
7357,18.0638.0171,18.638,Sinh thiết gan dưới cắt lớp vi tính,Các thủ thuật và dịch vụ Nội soi,Exclude
7358,18.0639.0172,18.639,Sinh thiết thận dưới cắt lớp vi tính,Các thủ thuật và dịch vụ Nội soi,Exclude
7359,18.0640.0171,18.640,Sinh thiết lách dưới cắt lớp vi tính,Các thủ thuật và dịch vụ Nội soi,Exclude
7360,18.0641.0171,18.641,Sinh thiết tụy dưới cắt lớp vi tính,Các thủ thuật và dịch vụ Nội soi,Exclude
7361,18.0642.0171,18.642,Sinh thiết gan ghép dưới cắt lớp vi tính,Các thủ thuật và dịch vụ Nội soi,Exclude
7362,18.0643.0172,18.643,Sinh thiết thận ghép dưới cắt lớp vi tính,Các thủ thuật và dịch vụ Nội soi,Exclude
7363,18.0644.0171,18.644,Sinh thiết xương dưới cắt lớp vi tính,Các thủ thuật và dịch vụ Nội soi,Exclude
7364,18.0645.0171,18.645,Sinh thiết cột sống dưới cắt lớp vi tính,Các thủ thuật và dịch vụ Nội soi,Exclude
7365,18.0646.0171,18.646,Sinh thiết não dưới cắt lớp vi tính,Các thủ thuật và dịch vụ Nội soi,Exclude
7366,18.0648.0172,18.648,Sinh thiết tạng hay khối ổ bụng dưới cắt lớp vi tính,Các thủ thuật và dịch vụ Nội soi,Exclude
7367,18.0649.0060,18.649,Chọc hút ổ dịch/áp xe não dưới cắt lớp vi tính,"Chụp cắt lớp vi tính, chụp mạch, cộng hưởng từ",Exclude
7368,18.0650.0088,18.650,"Chọc hút ổ dịch, áp xe dưới hướng dẫn cắt lớp vi tính",Các thủ thuật và dịch vụ Nội soi,Exclude
7369,18.0651.0088,18.651,Chọc hút hạch hoặc u dưới hướng dẫn cắt lớp vi tính,Các thủ thuật và dịch vụ Nội soi,Exclude
7370,18.0652.0060,18.652,Dẫn lưu các ổ dịch trong ổ bụng dưới hướng dẫn cắt lớp vi tính,"Chụp cắt lớp vi tính, chụp mạch, cộng hưởng từ",Exclude
7371,18.0653.0060,18.653,"Dẫn lưu dịch, áp xe, nang dưới hướng dẫn cắt lớp bi tính","Chụp cắt lớp vi tính, chụp mạch, cộng hưởng từ",Exclude
7372,18.0654.0171,18.654,Sinh thiết các tạng dưới cộng hưởng từ,Các thủ thuật và dịch vụ Nội soi,Exclude
7373,18.0657.0053,18.657,Chụp động mạch vành,"Chụp cắt lớp vi tính, chụp mạch, cộng hưởng từ",Exclude
7374,18.0658.0054,18.658,"Chụp, nong động mạch vành bằng bóng","Chụp cắt lớp vi tính, chụp mạch, cộng hưởng từ",Exclude
7375,18.0659.0054,18.659,"Chụp, nong và đặt stent động mạch vành","Chụp cắt lớp vi tính, chụp mạch, cộng hưởng từ",Exclude
7376,18.0660.0167,18.660,Sinh thiết cơ tim,Các thủ thuật và dịch vụ Nội soi,Exclude
7377,18.0661.0053,18.661,Thông tim ống lớn [dưới DSA],"Chụp cắt lớp vi tính, chụp mạch, cộng hưởng từ",Exclude
7378,18.0662.0054,18.662,Nong van hai lá [dưới DSA],"Chụp cắt lớp vi tính, chụp mạch, cộng hưởng từ",Exclude
7379,18.0663.0054,18.663,Nong van động mạch chủ [dưới DSA],"Chụp cắt lớp vi tính, chụp mạch, cộng hưởng từ",Exclude
7380,18.0664.0054,18.664,Nong van động mạch phổi [dưới DSA],"Chụp cắt lớp vi tính, chụp mạch, cộng hưởng từ",Exclude
7381,18.0665.0054,18.665,Bít thông liên nhĩ [dưới DSA],"Chụp cắt lớp vi tính, chụp mạch, cộng hưởng từ",Exclude
7382,18.0666.0054,18.666,Bít thông liên thất [dưới DSA],"Chụp cắt lớp vi tính, chụp mạch, cộng hưởng từ",Exclude
7383,18.0667.0054,18.667,Bít ống động mạch [dưới DSA],"Chụp cắt lớp vi tính, chụp mạch, cộng hưởng từ",Exclude
7384,18.0669.0391,18.669,Đặt máy tạo nhịp,Ngoại khoa,Exclude
7385,18.0670.0391,18.670,Đặt máy tạo nhịp phá rung,Ngoại khoa,Exclude
7386,18.0671.1816,18.671,Thăm dò điện sinh lý trong buồng tim,Thăm dò chức năng,Exclude
7387,18.0672.0055,18.672,Chụp nong động mạch ngoại biên bằng bóng [dưới DSA],"Chụp cắt lớp vi tính, chụp mạch, cộng hưởng từ",Exclude
7388,18.0673.0055,18.673,"Chụp, nong động mạch và đặt stent [dưới DSA]","Chụp cắt lớp vi tính, chụp mạch, cộng hưởng từ",Exclude
7389,18.0675.0055,18.675,Đặt stent động mạch chủ [dưới DSA],"Chụp cắt lớp vi tính, chụp mạch, cộng hưởng từ",Exclude
7390,18.0681.0058,18.681,Chụp và nút mạch điều trị phì đại lành tính tuyến tiền liệt,"Chụp cắt lớp vi tính, chụp mạch, cộng hưởng từ",Exclude
7391,18.0683.0058,18.683,Nút động mạch trong điều trị chảy máu do ung thư tuyến tiền liệt,"Chụp cắt lớp vi tính, chụp mạch, cộng hưởng từ",Exclude
7392,18.0684.0058,18.684,"Nút động mạch trong điều trị chảy máu do các khối u ác tính vùng tiểu khung (ung thư cổ tử cung, ung thư bàng quang không có chỉ định phẫu thuật, …)","Chụp cắt lớp vi tính, chụp mạch, cộng hưởng từ",Exclude
7393,18.0685.1880,18.685,Điều trị ung thư tiền liệt tuyến bằng cấy hạt phóng xạ qua da,Điều trị bằng chất phóng xạ,Exclude
7394,18.0686.1880,18.686,Điều trị các khối u bằng cầy hạt phóng xạ qua da,Điều trị bằng chất phóng xạ,Exclude
7395,18.0687.0058,18.687,Chụp và nút mạch điều trị u phổi [dưới DSA],"Chụp cắt lớp vi tính, chụp mạch, cộng hưởng từ",Exclude
7396,18.0688.0058,18.688,Chụp và nút mạch điều trị u trung thất [dưới DSA],"Chụp cắt lớp vi tính, chụp mạch, cộng hưởng từ",Exclude
7397,18.0689.0064,18.689,Tạo hình đặt Stent và bơm xi măng điều trị xẹp đốt sống [dưới DSA],"Chụp cắt lớp vi tính, chụp mạch, cộng hưởng từ",Exclude
7398,18.0690.0182,18.690,Chọc sinh thiết vú dưới định vị nổi (Stereotaxic),Các thủ thuật và dịch vụ Nội soi,Exclude
7399,18.0693.0063,18.693,Điều trị các khối u bằng vi sóng (Microwave),"Chụp cắt lớp vi tính, chụp mạch, cộng hưởng từ",Exclude
7400,18.0694.0068,18.694,Chụp cộng hưởng từ tim sử dụng chất gắng sức đánh giá tưới máu cơ tim có tiêm thuốc tương phản,"Chụp cắt lớp vi tính, chụp mạch, cộng hưởng từ",Exclude
7401,18.0695.0065,18.695,Chụp cộng hưởng từ bệnh lý cơ tim có tiêm thuốc tương phản,"Chụp cắt lớp vi tính, chụp mạch, cộng hưởng từ",Exclude
7402,18.0697.0065,18.697,Chụp cộng hưởng từ tim đánh giá các khối u tim có tiêm thuốc tương phản,"Chụp cắt lớp vi tính, chụp mạch, cộng hưởng từ",Exclude
7403,18.0698.0065,18.698,Chụp cộng hưởng từ tim đánh giá các bệnh lý tim bẩm sinh có tiêm thuốc tương phản,"Chụp cắt lớp vi tính, chụp mạch, cộng hưởng từ",Exclude
7404,18.0699.0065,18.699,Chụp cộng hưởng từ tim đánh giá các bệnh lý tim bẩm sinh,"Chụp cắt lớp vi tính, chụp mạch, cộng hưởng từ",Exclude
7405,18.0700.0066,18.700,Chụp cộng hưởng từ tim đánh giá quá tải sắt,"Chụp cắt lớp vi tính, chụp mạch, cộng hưởng từ",Exclude
7406,18.0701.0065,18.701,Chụp cộng hưởng từ tim đánh giá khuếch tán sức căng (DTI - Diffusion Tensor Imaging),"Chụp cắt lớp vi tính, chụp mạch, cộng hưởng từ",Exclude
7407,18.0702.0068,18.702,Cộng hưởng từ phổ tim,"Chụp cắt lớp vi tính, chụp mạch, cộng hưởng từ",Exclude
7408,18.0703.0001,18.703,Siêu âm tại giường,Siêu âm,Exclude
7409,18.0704.0038,18.704,Chụp XQ số hóa cắt lớp tuyến vú 1 bên (tomosynthesis),Chụp Xquang số hóa,Exclude
7410,20.0002.0374,20.2,Nội soi mở thông não thất,Ngoại khoa,Exclude
7411,20.0008.0932,20.8,Nội soi mũi hoặc vòm hoặc họng có sinh thiết,Tai Mũi Họng,Exclude
7412,20.0010.0990,20.10,Nội soi thanh quản ống mềm chẩn đoán,Tai Mũi Họng,Exclude
7413,20.0013.0933,20.13,Nội soi tai mũi họng,Tai Mũi Họng,Exclude
7414,20.0013.2048,20.13,Nội soi tai mũi họng,Tai Mũi Họng,Exclude
7415,20.0014.0933,20.14,Nội soi tai mũi họng huỳnh quang,Tai Mũi Họng,Exclude
7416,20.0017.0131,20.17,Nội soi khí - phế quản ống mềm sinh thiết xuyên vách,Các thủ thuật và dịch vụ Nội soi,Exclude
7417,20.0018.0133,20.18,Nội soi khí - phế quản ống mềm cắt đốt u bằng điện đông cao tần,Các thủ thuật và dịch vụ Nội soi,Exclude
7418,20.0022.0131,20.22,Nội soi khí - phế quản ống mềm sinh thiết,Các thủ thuật và dịch vụ Nội soi,Exclude
7419,20.0022.0127,20.22,Nội soi khí - phế quản ống mềm sinh thiết,Các thủ thuật và dịch vụ Nội soi,Exclude
7420,20.0029.0130,20.29,Nội soi khí - phế quản ống mềm rửa phế quản phế nang chọn lọc,Các thủ thuật và dịch vụ Nội soi,Exclude
7421,20.0031.0132,20.31,Nội soi khí - phế quản ống mềm lấy dị vật,Các thủ thuật và dịch vụ Nội soi,Exclude
7422,20.0031.0129,20.31,Nội soi khí - phế quản ống mềm lấy dị vật,Các thủ thuật và dịch vụ Nội soi,Exclude
7423,20.0044.0503,20.44,"Nong đường mật, Oddi qua nội soi",Ngoại khoa,Exclude
7424,20.0048.0502,20.48,Mở thông dạ dày qua nội soi,Ngoại khoa,Exclude
7425,20.0053.0105,20.53,"Nội soi đặt bộ Stent thực quản, dạ dày, tá tràng, đại tràng, trực tràng",Các thủ thuật và dịch vụ Nội soi,Exclude
7426,20.0054.0141,20.54,Nội soi mật tuỵ ngược dòng để chẩn đoán bệnh lý đường mật tuỵ.,Các thủ thuật và dịch vụ Nội soi,Exclude
7427,20.0055.0496,20.55,Nội soi mật tuỵ ngược dòng để cắt cơ vòng Oddi dẫn lưu mật hoặc lấy sỏi đường mật tuỵ,Ngoại khoa,Exclude
7428,20.0056.0141,20.56,Nội soi mật tuỵ ngược dòng để đặt Stent đường mật tuỵ,Các thủ thuật và dịch vụ Nội soi,Exclude
7429,20.0057.0157,20.57,"Nong hẹp thực quản, tâm vị qua nội soi",Các thủ thuật và dịch vụ Nội soi,Exclude
7430,20.0059.0140,20.59,Nội soi cầm máu bằng clip trong chảy máu đường tiêu hóa,Các thủ thuật và dịch vụ Nội soi,Exclude
7431,20.0060.0497,20.60,Nội soi cắt dưới niêm mạc điều trị ung thư sớm dạ dày,Ngoại khoa,Exclude
7432,20.0063.0142,20.63,"Nội soi ổ bụng để thăm dò, chẩn đoán",Các thủ thuật và dịch vụ Nội soi,Exclude
7433,20.0066.0143,20.66,Nội soi ổ bụng- sinh thiết,Các thủ thuật và dịch vụ Nội soi,Exclude
7434,20.0067.0140,20.67,Nội soi dạ dày thực quản cấp cứu chảy máu tiêu hoá cao để chẩn đoán và điều trị,Các thủ thuật và dịch vụ Nội soi,Exclude
7435,20.0070.0500,20.70,Nội soi đại tràng-lấy dị vật,Ngoại khoa,Exclude
7436,20.0071.0184,20.71,Nội soi đại tràng tiêm cầm máu,Các thủ thuật và dịch vụ Nội soi,Exclude
7437,20.0072.0191,20.72,Nội soi trực tràng-hậu môn thắt trĩ,Các thủ thuật và dịch vụ Nội soi,Exclude
7438,20.0073.0136,20.73,"Nội soi đại, trực tràng có thể sinh thiết",Các thủ thuật và dịch vụ Nội soi,Exclude
7439,20.0076.0140,20.76,Nội soi chích (tiêm) keo điều trị dãn tĩnh mạch phình vị,Các thủ thuật và dịch vụ Nội soi,Exclude
7440,20.0078.0145,20.78,Nội soi siêu âm trực tràng,Các thủ thuật và dịch vụ Nội soi,Exclude
7441,20.0079.0134,20.79,"Nội soi thực quản, dạ dày, tá tràng kết hợp sinh thiết",Các thủ thuật và dịch vụ Nội soi,Exclude
7442,20.0080.0135,20.80,"Nội soi thực quản, dạ dày, tá tràng",Các thủ thuật và dịch vụ Nội soi,Exclude
7443,20.0081.0137,20.81,Nội soi đại tràng sigma,Các thủ thuật và dịch vụ Nội soi,Exclude
7444,20.0083.0104,20.83,Đặt ống thông niệu quản qua nội soi (sond JJ),Các thủ thuật và dịch vụ Nội soi,Exclude
7445,20.0084.0440,20.84,"Nội soi tán sỏi niệu quản (búa khí nén, siêu âm, laser)",Ngoại khoa,Exclude
7446,20.0085.0115,20.85,Lấy sỏi niệu quản qua nội soi,Các thủ thuật và dịch vụ Nội soi,Exclude
7447,20.0087.0152,20.87,"Soi bàng quang, lấy dị vật, sỏi",Các thủ thuật và dịch vụ Nội soi,Exclude
7448,20.0089.0072,20.89,"Nội soi bàng quang, đưa catheter lên niệu quản bơm rửa niệu quản sau tán sỏi ngoài cơ thể khi sỏi tắc ở niệu quản",Các thủ thuật và dịch vụ Nội soi,Exclude
7449,20.0098.0637,20.98,Nội soi buồng tử cung chẩn đoán,Phụ Sản,Exclude
7450,20.0102.0724,20.102,Nội soi buồng tử cung tách dính buồng tử cung,Phụ Sản,Exclude
7451,20.0103.0636,20.103,Nội soi buồng tử cung can thiệp,Phụ Sản,Exclude
7452,20.0104.0696,20.104,Nội soi chẩn đoán + tiêm MTX tại chỗ GEU,Phụ Sản,Exclude
7453,21.0001.1816,21.1,Thăm dò điện sinh lý tim,Thăm dò chức năng,Exclude
7454,21.0002.0053,21.2,Thông tim chẩn đoán (Dưới DSA),"Chụp cắt lớp vi tính, chụp mạch, cộng hưởng từ",Exclude
7455,21.0003.1797,21.3,Đo vận tốc lan truyền sóng mạch,Thăm dò chức năng,Exclude
7456,21.0004.1790,21.4,Đo chỉ số ABI (chỉ số cổ chân/cánh tay),Thăm dò chức năng,Exclude
7457,21.0005.1774,21.5,Thăm dò huyết động bằng Swan Ganz,Thăm dò chức năng,Exclude
7458,21.0006.1766,21.6,Đo áp lực thẩm thấu máu,Xét nghiệm độc chất,Exclude
7459,21.0007.1798,21.7,Holter huyết áp,Thăm dò chức năng,Exclude
7460,21.0008.1779,21.8,Nghiệm pháp gắng sức điện tâm đồ,Thăm dò chức năng,Exclude
7461,21.0010.1310,21.10,Nghiệm pháp Von-Kaulla (thời gian tiêu thụ euglobulin),Huyết học,Exclude
7462,21.0011.1308,21.11,Nghiệm pháp rượu (Nghiệm pháp Ethanol),Huyết học,Exclude
7463,21.0012.1798,21.12,Holter điện tâm đồ,Thăm dò chức năng,Exclude
7464,21.0014.1778,21.14,Điện tim thường,Thăm dò chức năng,Exclude
7465,21.0018.0308,21.18,Test giãn phế quản (broncho modilator test),Nội khoa,Exclude
7466,21.0029.1775,21.29,Ghi điện cơ,Thăm dò chức năng,Exclude
7467,21.0030.1776,21.30,Điện cơ vùng đáy chậu (EMG),Thăm dò chức năng,Exclude
7468,21.0031.1775,21.31,Điện cơ sợi đơn cực (SFEMG),Thăm dò chức năng,Exclude
7469,21.0032.1775,21.32,Đo tốc độ dẫn truyền thần kinh cảm giác,Thăm dò chức năng,Exclude
7470,21.0033.1775,21.33,Đo tốc độ dẫn truyền thần kinh vận động,Thăm dò chức năng,Exclude
7471,21.0034.1775,21.34,Đo điện thế kích thích cảm giác,Thăm dò chức năng,Exclude
7472,21.0036.1775,21.36,Đo điện thế kích thích vận động,Thăm dò chức năng,Exclude
7473,21.0037.1777,21.37,Ghi điện não đồ vi tính,Thăm dò chức năng,Exclude
7474,21.0040.1777,21.40,Ghi điện não đồ thông thường,Thăm dò chức năng,Exclude
7475,21.0044.1781,21.44,Đo áp lực niệu đạo bằng máy,Thăm dò chức năng,Exclude
7476,21.0047.0126,21.47,Đo niệu dòng đồ,Các thủ thuật và dịch vụ Nội soi,Exclude
7477,21.0048.1782,21.48,Đo áp lực thẩm thấu niệu,Thăm dò chức năng,Exclude
7478,21.0050.1821,21.50,Đo áp lực ổ bụng bằng máy niệu động học (Urodynamic),Thăm dò chức năng,Exclude
7479,21.0057.1775,21.57,Điện cơ thanh quản,Thăm dò chức năng,Exclude
7480,21.0060.0890,21.60,Đo thính lực đơn âm,Tai Mũi Họng,Exclude
7481,21.0062.0891,21.62,Đo thính lực trên ngưỡng,Tai Mũi Họng,Exclude
7482,21.0064.0885,21.64,Đo nhĩ lượng,Tai Mũi Họng,Exclude
7483,21.0065.0887,21.65,Đo phản xạ cơ bàn đạp,Tai Mũi Họng,Exclude
7484,21.0066.0886,21.66,Đo âm ốc tai (OAE) chẩn đoán,Tai Mũi Họng,Exclude
7485,21.0067.0884,21.67,Ghi đáp ứng thính giác thân não (ABR),Tai Mũi Họng,Exclude
7486,21.0068.0888,21.68,Đo sức cản của mũi,Tai Mũi Họng,Exclude
7487,21.0070.0747,21.70,Điện võng mạc,Mắt,Exclude
7488,21.0071.0750,21.71,Đo độ dày giác mạc,Mắt,Exclude
7489,21.0072.0750,21.72,Đếm tế bào nội mô giác mạc,Mắt,Exclude
7490,21.0073.0750,21.73,Đo bản đồ giác mạc,Mắt,Exclude
7491,21.0075.0751,21.75,Đo biên độ điều tiết,Mắt,Exclude
7492,21.0076.0752,21.76,Đo độ lồi mắt bằng thước đo Hertel,Mắt,Exclude
7493,21.0077.0852,21.77,Test thử cảm giác giác mạc,Mắt,Exclude
7494,21.0079.0801,21.79,Nghiệm pháp phát hiện glocom,Mắt,Exclude
7495,21.0080.0757,21.80,"Đo thị trường trung tâm, tìm ám điểm",Mắt,Exclude
7496,21.0082.0843,21.82,Đo sắc giác,Mắt,Exclude
7497,21.0083.0848,21.83,Đo khúc xạ khách quan (soi bóng đồng tử - Skiascope),Mắt,Exclude
7498,21.0084.0754,21.84,Đo khúc xạ máy,Mắt,Exclude
7499,21.0085.0753,21.85,Đo khúc xạ giác mạc Javal,Mắt,Exclude
7500,21.0087.0751,21.87,Đo độ lác,Mắt,Exclude
7501,21.0088.0751,21.88,Xác định sơ đồ song thị,Mắt,Exclude
7502,21.0090.0752,21.90,Đo đường kính giác mạc,Mắt,Exclude
7503,21.0091.0758,21.91,Đo công suất thể thuỷ tinh nhân tạo tự động bằng siêu âm,Mắt,Exclude
7504,21.0092.0755,21.92,"Đo nhãn áp (Maclakov, Goldmann, Schiotz…)",Mắt,Exclude
7505,21.0096.1786,21.96,Đo áp lực hậu môn trực tràng,Thăm dò chức năng,Exclude
7506,21.0102.0070,21.102,Đo mật độ xương bằng phương pháp DEXA [2 vị trí],Một số kỹ thuật chẩn đoán hình ảnh khác,Exclude
7507,21.0106.1800,21.106,Nghiệm pháp dung nạp Glucose đường uống 2 mẫu có định lượng Insulin kèm theo,Thăm dò chức năng,Exclude
7508,21.0109.1802,21.109,Nghiệm pháp kích thích Synacthen nhanh,Thăm dò chức năng,Exclude
7509,21.0110.1802,21.110,Nghiệm pháp kích thích Synacthen chậm,Thăm dò chức năng,Exclude
7510,21.0111.1805,21.111,Nghiệm pháp ức chế bằng Dexamethason liều thấp qua đêm,Thăm dò chức năng,Exclude
7511,21.0112.1805,21.112,Nghiệm pháp ức chế bằng Dexamethason liều thấp trong 2 ngày,Thăm dò chức năng,Exclude
7512,21.0113.1804,21.113,Nghiệm pháp ức chế bằng Dexamethason liều cao qua đêm,Thăm dò chức năng,Exclude
7513,21.0114.1804,21.114,Nghiệm pháp ức chế bằng Dexamethason liều cao trong 2 ngày,Thăm dò chức năng,Exclude
7514,21.0115.1803,21.115,Nghiệm pháp nhịn uống,Thăm dò chức năng,Exclude
7515,21.0119.1801,21.119,Nghiệm pháp dung nạp Glucose đường uống (50g Glucose) 2 mẫu cho người bệnh thai nghén,Thăm dò chức năng,Exclude
7516,21.0120.1801,21.120,Nghiệm pháp dung nạp glucose đường uống (75g Glucose) 3 mẫu cho người bệnh thai nghén,Thăm dò chức năng,Exclude
7517,21.0121.1801,21.121,Nghiệm pháp dung nạp glucose đường uống (i00g Glucose) 4 mẫu cho người bệnh thai nghén,Thăm dò chức năng,Exclude
7518,21.0122.1800,21.122,Nghiệm pháp dung nạp glucose đường uống 2 mẫu không định lượng Insulin,Thăm dò chức năng,Exclude
7519,21.0125.1806,21.125,Test dung nạp Glucagon,Thăm dò chức năng,Exclude
7520,22.0001.1352,22.1,"Thời gian prothrombin (PT: Prothrombin Time), (Các tên khác: TQ, Tỷ lệ Prothrombin) bằng máy tự động",Huyết học,Exclude
7521,22.0002.1352,22.2,"Thời gian prothrombin (PT: Prothrombin Time), (Các tên khác: TQ, Tỷ lệ Prothrombin) bằng máy bán tự động",Huyết học,Exclude
7522,22.0003.1351,22.3,"Thời gian prothrombin (PT: Prothrombin Time), (Các tên khác: TQ, Tỷ lệ Prothrombin) phương pháp thủ công",Huyết học,Exclude
7523,22.0005.1354,22.5,"Thời gian thromboplastin một phần hoạt hoá (APTT: Activated Partial Thromboplastin Time), (Tên khác: TCK) bằng máy tự động",Huyết học,Exclude
7524,22.0006.1354,22.6,Thời gian thromboplastin một phần hoạt hoá (APTT: Activated Partial Thromboplastin Time) (Tên khác: TCK) bằng máy bán tự động.,Huyết học,Exclude
7525,22.0008.1353,22.8,Thời gian thrombin (TT: Thrombin Time) bằng máy tự động,Huyết học,Exclude
7526,22.0009.1353,22.9,Thời gian thrombin (TT: Thrombin Time) bằng máy bán tự động,Huyết học,Exclude
7527,22.0011.1254,22.11,"Định lượng Fibrinogen (Tên khác: Định lượng yếu tố I), phương pháp gián tiếp, bằng máy tự động",Huyết học,Exclude
7528,22.0012.1254,22.12,"Định lượng Fibrinogen (Tên khác: Định lượng yếu tố I), phương pháp gián tiếp, bằng máy bán tự động",Huyết học,Exclude
7529,22.0013.1242,22.13,"Định lượng Fibrinogen (Tên khác: Định lượng yếu tố I), phương pháp Clauss- phương pháp trực tiếp, bằng máy tự động",Huyết học,Exclude
7530,22.0014.1242,22.14,"Định lượng Fibrinogen (Tên khác: Định lượng yếu tố I), phương pháp Clauss- phương pháp trực tiếp, bằng máy bán tự động",Huyết học,Exclude
7531,22.0015.1308,22.15,Nghiệm pháp rượu (Ethanol test),Huyết học,Exclude
7532,22.0017.1310,22.17,Nghiệm pháp Von-Kaulla,Huyết học,Exclude
7533,22.0019.1348,22.19,Thời gian máu chảy phương pháp Duke,Huyết học,Exclude
7534,22.0020.1347,22.20,Thời gian máu chảy phương pháp Ivy,Huyết học,Exclude
7535,22.0021.1219,22.21,Co cục máu đông (Tên khác: Co cục máu),Huyết học,Exclude
7536,22.0023.1239,22.23,Định lượng D-Dimer,Huyết học,Exclude
7537,22.0025.1235,22.25,Định lượng AT/AT III (Anti thrombin/ Anti thrombinIII),Huyết học,Exclude
7538,22.0027.1365,22.27,Phát hiện kháng đông ngoại sinh,Huyết học,Exclude
7539,22.0028.1335,22.28,Phát hiện kháng đông đường chung,Huyết học,Exclude
7540,22.0029.1259,22.29,"Định lượng yếu tố đông máu nội sinh VIIIc, IX, XI",Huyết học,Exclude
7541,22.0029.1260,22.29,"Định lượng yếu tố đông máu nội sinh VIIIc, IX, XI",Huyết học,Exclude
7542,22.0030.1255,22.30,"Định lượng yếu tố đông máu ngoại sinh II, V,VII, X",Huyết học,Exclude
7543,22.0030.1258,22.30,"Định lượng yếu tố đông máu ngoại sinh II, V,VII, X",Huyết học,Exclude
7544,22.0031.1255,22.31,Định lượng kháng nguyên yếu tố Von Willebrand (VWF Antigen),Huyết học,Exclude
7545,22.0032.1255,22.32,Định lượng hoạt tính yếu tố Von Willebrand (VWF Activity) (tên khác: định lượng hoạt tính đồng yếu tố Ristocetin: VIII: R co),Huyết học,Exclude
7546,22.0033.1255,22.33,Định lượng yếu tố XII,Huyết học,Exclude
7547,22.0034.1262,22.34,Định lượng yếu tố XIII (Tên khác: Định lượng yếu tố ổn định sợi huyết),Huyết học,Exclude
7548,22.0036.1282,22.36,Định tính ức chế yếu tố VIIIc/IX,Huyết học,Exclude
7549,22.0037.1252,22.37,Định lượng ức chế yếu tố VIIIc,Huyết học,Exclude
7550,22.0038.1251,22.38,Định lượng ức chế yếu tố IX,Huyết học,Exclude
7551,22.0039.1289,22.39,Đo độ nhớt (độ quánh) máu toàn phần/huyết tương/dịch khác,Huyết học,Exclude
7552,22.0041.1287,22.41,Đo độ ngưng tập tiểu cầu với ADP/Collagen/Acid Arachidonic/Thrombin/Epinephrin,Huyết học,Exclude
7553,22.0041.1288,22.41,Đo độ ngưng tập tiểu cầu với ADP/Collagen/Acid Arachidonic/Thrombin/Epinephrin,Huyết học,Exclude
7554,22.0042.1288,22.42,Đo độ ngưng tập tiểu cầu với Ristocetin,Huyết học,Exclude
7555,22.0043.1241,22.43,Định lượng FDP,Huyết học,Exclude
7556,22.0045.1247,22.45,Định lượng Protein C toàn phần (Protein C Antigen),Huyết học,Exclude
7557,22.0046.1248,22.46,Định lượng Protein S toàn phần,Huyết học,Exclude
7558,22.0047.1247,22.47,Định lượng hoạt tính Protein C (Protein Activity),Huyết học,Exclude
7559,22.0049.1336,22.49,Phát hiện kháng đông lupus (LAC/ LA screen: Lupus Anticoagulant screen),Huyết học,Exclude
7560,22.0050.1453,22.50,Khẳng định kháng đông lupus (LAC/ LA confirm: Lupus Anticoagulant confirm),Dị ứng miễn dịch,Exclude
7561,22.0051.1256,22.51,Định lượng Anti Xa,Huyết học,Exclude
7562,22.0052.1309,22.52,Nghiệm pháp sinh Thromboplastin (T.G.T: Thromboplastin Generation Test),Huyết học,Exclude
7563,22.0054.1222,22.54,Đàn hồi đồ cục máu (TEG: Thrombo Elasto Graphy),Huyết học,Exclude
7564,22.0055.1346,22.55,Thời gian phục hồi Canxi,Huyết học,Exclude
7565,22.0057.1253,22.57,Định lượng Heparin,Huyết học,Exclude
7566,22.0058.1246,22.58,Định lượng Plasminogen,Huyết học,Exclude
7567,22.0059.1263,22.59,Định lượng chất ức chế hoạt hóa Plasmin (PAI: Plasmin Activated Inhibitor),Huyết học,Exclude
7568,22.0060.1411,22.60,Xét nghiệm PFA (Platelet Funtion Analyzer) bằng Collagen/Epinephrine trên máy tự động (Tên khác: PFA bằng Col/Epi),Huyết học,Exclude
7569,22.0061.1410,22.61,Xét nghiệm PFA (Platelet Funtion Analyzer) bằng Collagen/ADP trên máy tự động (Tên khác: PFA bằng Col/ADP),Huyết học,Exclude
7570,22.0063.1405,22.63,Xét nghiệm HIT (Heparin Induced Thrombocytopenia) - Ab,Huyết học,Exclude
7571,22.0064.1406,22.64,Xét nghiệm HIT (Heparin Induced Thrombocytopenia)- IgG,Huyết học,Exclude
7572,22.0065.1237,22.65,Định lượng C1- inhibitor,Huyết học,Exclude
7573,22.0066.1249,22.66,Định lượng t-pA (tissue - Plasminogen Activator),Huyết học,Exclude
7574,22.0067.1264,22.67,Định lượng ⍺2 antiplasmin,Huyết học,Exclude
7575,22.0077.1233,22.77,Định lượng PIVKA (Proteins Induced by Vitamin K Antagonism or Absence),Huyết học,Exclude
7576,22.0079.1515,22.79,Định lượng Acid Folic,Hóa sinh,Exclude
7577,22.0080.1465,22.80,Định lượng Beta 2 Microglobulin,Hóa sinh,Exclude
7578,22.0081.1485,22.81,Định lượng Cyclosporin A,Hóa sinh,Exclude
7579,22.0082.1509,22.82,Định lượng khả năng gắn sắt toàn thể (TIBC),Hóa sinh,Exclude
7580,22.0084.1502,22.84,Định lượng sắt chưa bão hòa huyết thanh (UIBC),Hóa sinh,Exclude
7581,22.0085.1505,22.85,Định lượng Transferin receptor hòa tan (TFR),Hóa sinh,Exclude
7582,22.0087.1567,22.87,Độ bão hòa Transferin,Hóa sinh,Exclude
7583,22.0088.1571,22.88,Định lượng vitamin B12,Hóa sinh,Exclude
7584,22.0089.1567,22.89,Định lượng Transferin,Hóa sinh,Exclude
7585,22.0091.1422,22.91,Định lượng EPO (Erythropoietin),Dị ứng miễn dịch,Exclude
7586,22.0094.1481,22.94,Định lượng Peptid - C,Hóa sinh,Exclude
7587,22.0095.1500,22.95,Định lượng Methotrexat,Hóa sinh,Exclude
7588,22.0096.1522,22.96,Định lượng Haptoglobin,Hóa sinh,Exclude
7589,22.0097.1497,22.97,Định lượng Free kappa huyết thanh,Hóa sinh,Exclude
7590,22.0098.1498,22.98,Định lượng Free lambda huyết thanh,Hóa sinh,Exclude
7591,22.0099.1497,22.99,Định lượng Free kappa niệu,Hóa sinh,Exclude
7592,22.0100.1498,22.100,Định lượng Free lambda niệu,Hóa sinh,Exclude
7593,22.0102.1341,22.102,Sức bền thẩm thấu hồng cầu,Huyết học,Exclude
7594,22.0103.1244,22.103,Định lượng G6PD,Huyết học,Exclude
7595,22.0109.1245,22.109,PK (Pyruvatkinase),Huyết học,Exclude
7596,22.0112.1527,22.112,Định lượng IgG,Hóa sinh,Exclude
7597,22.0113.1527,22.113,Định lượng IgA,Hóa sinh,Exclude
7598,22.0114.1527,22.114,Định lượng IgM,Hóa sinh,Exclude
7599,22.0115.1527,22.115,Định lượng IgE,Hóa sinh,Exclude
7600,22.0116.1514,22.116,Định lượng Ferritin,Hóa sinh,Exclude
7601,22.0117.1503,22.117,Định lượng sắt huyết thanh,Hóa sinh,Exclude
7602,22.0119.1368,22.119,Phân tích tế bào máu ngoại vi (bằng phương pháp thủ công),Huyết học,Exclude
7603,22.0120.1370,22.120,Tổng phân tích tế bào máu ngoại vi (bằng máy đếm tổng trở),Huyết học,Exclude
7604,22.0121.1369,22.121,Tổng phân tích tế bào máu ngoại vi (bằng máy đếm laser),Huyết học,Exclude
7605,22.0122.1367,22.122,Tổng phân tích tế bào máu ngoại vi bằng hệ thống tự động hoàn toàn (có nhuộm tiêu bản tự động),Huyết học,Exclude
7606,22.0123.1297,22.123,Huyết đồ (bằng phương pháp thủ công),Huyết học,Exclude
7607,22.0124.1298,22.124,Huyết đồ (bằng máy đếm tổng trở),Huyết học,Exclude
7608,22.0125.1298,22.125,Huyết đồ (bằng máy đếm laser),Huyết học,Exclude
7609,22.0126.0092,22.126,Thủ thuật chọc hút tủy làm tủy đồ (chưa bao gồm kim chọc tủy một lần),Các thủ thuật và dịch vụ Nội soi,Exclude
7610,22.0127.0091,22.127,Thủ thuật chọc hút tủy làm tủy đồ (bao gồm kim chọc tủy nhiều lần),Các thủ thuật và dịch vụ Nội soi,Exclude
7611,22.0128.0093,22.128,Thủ thuật chọc hút tủy làm tủy đồ (sử dụng máy khoan cầm tay),Các thủ thuật và dịch vụ Nội soi,Exclude
7612,22.0129.1415,22.129,Xét nghiệm tế bào học tủy xương (không bao gồm thủ thuật chọc hút tủy),Huyết học,Exclude
7613,22.0130.0178,22.130,Thủ thuật sinh thiết tủy xương (chưa bao gồm kim sinh thiết một lần),Các thủ thuật và dịch vụ Nội soi,Exclude
7614,22.0131.0179,22.131,Thủ thuật sinh thiết tủy xương (bao gồm kim sinh thiết nhiều lần),Các thủ thuật và dịch vụ Nội soi,Exclude
7615,22.0132.0180,22.132,Thủ thuật sinh thiết tủy xương (sử dụng máy khoan cầm tay),Các thủ thuật và dịch vụ Nội soi,Exclude
7616,22.0133.1409,22.133,Xét nghiệm mô bệnh học tủy xương (không bao gồm thủ thuật sinh thiết tủy xương),Huyết học,Exclude
7617,22.0134.1296,22.134,Xét nghiệm hồng cầu lưới (bằng phương pháp thủ công),Huyết học,Exclude
7618,22.0135.1313,22.135,Xét nghiệm hồng cầu lưới (bằng máy đếm laser),Huyết học,Exclude
7619,22.0136.1363,22.136,Tìm mảnh vỡ hồng cầu,Huyết học,Exclude
7620,22.0137.1361,22.137,Tìm hồng cầu có chấm ưa bazơ,Huyết học,Exclude
7621,22.0138.1362,22.138,Tìm ký sinh trùng sốt rét trong máu (bằng phương pháp thủ công),Huyết học,Exclude
7622,22.0139.1362,22.139,Tìm ký sinh trùng sốt rét trong máu (bằng phương pháp tập trung hồng cầu nhiễm),Huyết học,Exclude
7623,22.0140.1360,22.140,Tìm giun chỉ trong máu,Huyết học,Exclude
7624,22.0141.1343,22.141,Tập trung bạch cầu,Huyết học,Exclude
7625,22.0142.1304,22.142,Máu lắng (bằng phương pháp thủ công),Huyết học,Exclude
7626,22.0143.1303,22.143,Máu lắng (bằng máy tự động),Huyết học,Exclude
7627,22.0144.1364,22.144,Tìm tế bào Hargraves,Huyết học,Exclude
7628,22.0145.1320,22.145,Nhuộm sợi xơ trong mô tuỷ xương,Huyết học,Exclude
7629,22.0146.1319,22.146,Nhuộm sợi liên võng trong mô tuỷ xương,Huyết học,Exclude
7630,22.0147.1295,22.147,Nhuộm hoá mô miễn dịch tuỷ xương,Huyết học,Exclude
7631,22.0149.1594,22.149,Xét nghiệm tế bào cặn nước tiểu (bằng phương pháp thủ công),Hóa sinh,Exclude
7632,22.0150.1594,22.150,Xét nghiệm tế bào trong nước tiểu (bằng máy tự động),Hóa sinh,Exclude
7633,22.0151.1594,22.151,Cặn Addis,Hóa sinh,Exclude
7634,22.0152.1609,22.152,"Xét nghiệm tế bào trong nước dịch chẩn đoán tế bào học (não tủy, màng tim, màng phổi, màng bụng, dịch khớp, rửa phế quản…) bằng phương pháp thủ công",Hóa sinh,Exclude
7635,22.0153.1610,22.153,"Xét nghiệm tế bào trong nước dịch chẩn đoán tế bào học (não tuỷ, màng tim, màng phổi, màng bụng, dịch khớp, rửa phế quản…) bằng máy phân tích huyết học tự động",Hóa sinh,Exclude
7636,22.0154.1735,22.154,"Xét nghiệm các loại dịch, nhuộm và chẩn đoán tế bào học",Giải phẫu bệnh lý,Exclude
7637,22.0155.1300,22.155,Xét nghiệm tế bào học lách (lách đồ),Huyết học,Exclude
7638,22.0157.1218,22.157,Chụp ảnh màu tế bào qua kính hiển vi,Huyết học,Exclude
7639,22.0160.1345,22.160,Thể tích khối hồng cầu (hematocrit) bằng máy ly tâm,Huyết học,Exclude
7640,22.0161.1292,22.161,Định lượng huyết sắc tố (hemoglobin) bằng quang kế,Huyết học,Exclude
7641,22.0163.1412,22.163,Xét nghiệm số lượng và độ tập trung tiểu cầu (bằng phương pháp thủ công),Huyết học,Exclude
7642,22.0166.1414,22.166,Xét nghiệm tế bào hạch (hạch đồ),Huyết học,Exclude
7643,22.0170.1300,22.170,Xét nghiệm tế bào học lách (lách đồ),Huyết học,Exclude
7644,22.0172.1394,22.172,Xác định kháng nguyên Luᵃ của hệ nhóm máu Lutheran (Kỹ thuật ống nghiệm),Huyết học,Exclude
7645,22.0173.1395,22.173,Xác định kháng nguyên Luᵇ của hệ nhóm máu Lutheran (Kỹ thuật ống nghiệm),Huyết học,Exclude
7646,22.0182.1385,22.182,Xác định kháng nguyên Fyᵃ của hệ nhóm máu Duffy (Kỹ thuật Scangel/Gelcard trên máy tự động),Huyết học,Exclude
7647,22.0183.1386,22.183,Xác định kháng nguyên Fyᵇ của hệ nhóm máu Duffy (Kỹ thuật Scangel/Gelcard trên máy tự động),Huyết học,Exclude
7648,22.0184.1391,22.184,Xác định kháng nguyên K của hệ nhóm máu Kell (Kỹ thuật ống nghiệm),Huyết học,Exclude
7649,22.0185.1390,22.185,Xác định kháng nguyên k của hệ nhóm máu Kell (Kỹ thuật ống nghiệm),Huyết học,Exclude
7650,22.0202.1388,22.202,Xác định kháng nguyên Jkᵃ của hệ nhóm máu Kidd (Kỹ thuật ống nghiệm),Huyết học,Exclude
7651,22.0203.1389,22.203,Xác định kháng nguyên Jkᵇ của hệ nhóm máu Kidd (Kỹ thuật ống nghiệm),Huyết học,Exclude
7652,22.0208.1396,22.208,Xác định kháng nguyên M của hệ nhóm máu MNS (Kỹ thuật ống nghiệm),Huyết học,Exclude
7653,22.0209.1397,22.209,Xác định kháng nguyên N của hệ nhóm máu MNS (Kỹ thuật ống nghiệm),Huyết học,Exclude
7654,22.0214.1399,22.214,Xác định kháng nguyên S của hệ nhóm máu MNS (Kỹ thuật ống nghiệm),Huyết học,Exclude
7655,22.0215.1400,22.215,Xác định kháng nguyên s của hệ nhóm máu MNS (Kỹ thuật ống nghiệm),Huyết học,Exclude
7656,22.0220.1277,22.220,Xác định kháng nguyên Miᵃ của hệ nhóm máu MNS (Kỹ thuật ống nghiệm),Huyết học,Exclude
7657,22.0223.1278,22.223,Xác định kháng nguyên P₁ của hệ nhóm máu P₁Pk (Kỹ thuật ống nghiệm),Huyết học,Exclude
7658,22.0226.1377,22.226,Xác định kháng nguyên C của hệ nhóm máu Rh (Kỹ thuật ống nghiệm),Huyết học,Exclude
7659,22.0228.1379,22.228,Xác định kháng nguyên C của hệ nhóm máu Rh (Kỹ thuật Scangel/Gelcard trên máy tự động),Huyết học,Exclude
7660,22.0229.1378,22.229,Xác định kháng nguyên c của hệ của nhóm máu Rh (Kỹ thuật ống nghiệm),Huyết học,Exclude
7661,22.0231.1376,22.231,Xác định kháng nguyên c của hệ của nhóm máu Rh (Kỹ thuật Scangel/Gelcard trên máy tự động),Huyết học,Exclude
7662,22.0232.1381,22.232,Xác định kháng nguyên E của hệ nhóm máu Rh (Kỹ thuật ống nghiệm),Huyết học,Exclude
7663,22.0234.1383,22.234,Xác định kháng nguyên E của hệ nhóm máu Rh (Kỹ thuật Scangel/Gelcard trên máy tự động),Huyết học,Exclude
7664,22.0235.1382,22.235,Xác định kháng nguyên e của hệ nhóm máu Rh (Kỹ thuật ống nghiệm),Huyết học,Exclude
7665,22.0237.1384,22.237,Xác định kháng nguyên e của hệ nhóm máu Rh (Kỹ thuật Scangel/Gelcard trên máy tự động),Huyết học,Exclude
7666,22.0241.1276,22.241,Xác định kháng nguyên Diᵃ của hệ nhóm máu Diago (Kỹ thuật ống nghiệm),Huyết học,Exclude
7667,22.0242.1276,22.242,Xác định kháng nguyên Diᵇ của hệ nhóm máu Diago (Kỹ thuật ống nghiệm),Huyết học,Exclude
7668,22.0256.1233,22.256,Định danh kháng thể bất thường (Kỹ thuật ống nghiệm),Huyết học,Exclude
7669,22.0257.1233,22.257,Định danh kháng thể bất thường (Kỹ thuật Scangel/Gelcard trên máy bán tự động),Huyết học,Exclude
7670,22.0258.1233,22.258,Định danh kháng thể bất thường (Kỹ thuật Scangel/Gelcard trên máy tự động),Huyết học,Exclude
7671,22.0259.1339,22.259,Sàng lọc kháng thể bất thường (Kỹ thuật ống nghiệm),Huyết học,Exclude
7672,22.0260.1340,22.260,Sàng lọc kháng thể bất thường (Kỹ thuật Scangel/Gelcard trên máy bán tự động),Huyết học,Exclude
7673,22.0261.1340,22.261,Sàng lọc kháng thể bất thường (Kỹ thuật Scangel/Gelcard trên máy tự động),Huyết học,Exclude
7674,22.0262.1408,22.262,"Xét nghiệm lựa chọn đơn vị máu phù hợp (10 đơn vị máu trong 3 điều kiện 22ºC, 37ºC, kháng globulin người) bằng phương pháp Scangel/Gelcard",Huyết học,Exclude
7675,22.0264.1293,22.264,Hiệu giá kháng thể miễn dịch (Kỹ thuật Scangel/Gelcard trên máy bán tự động),Huyết học,Exclude
7676,22.0267.1294,22.267,"Hiệu giá kháng thể tự nhiên chống A, B (Kỹ thuật ống nghiệm)",Huyết học,Exclude
7677,22.0268.1330,22.268,Phản ứng hòa hợp trong môi trường nước muối ở 22ºC (Kỹ thuật ống nghiệm),Huyết học,Exclude
7678,22.0269.1329,22.269,Phản ứng hòa hợp trong môi trường nước muối ở 22ºC (Kỹ thuật Scangel/Gelcard trên máy bán tự động),Huyết học,Exclude
7679,22.0270.1329,22.270,Phản ứng hòa hợp trong môi trường nước muối ở 22ºC (Kỹ thuật Scangel/Gelcard trên máy tự động),Huyết học,Exclude
7680,22.0274.1326,22.274,Phản ứng hoà hợp có sử dụng kháng globulin người (Kỹ thuật ống nghiệm),Huyết học,Exclude
7681,22.0275.1327,22.275,Phản ứng hoà hợp có sử dụng kháng globulin người (Kỹ thuật Scangel/Gelcard trên máy bán tự động),Huyết học,Exclude
7682,22.0276.1327,22.276,Phản ứng hoà hợp có sử dụng kháng globulin người (Kỹ thuật Scangel/Gelcard trên máy tự động),Huyết học,Exclude
7683,22.0279.1269,22.279,Định nhóm máu hệ ABO (Kỹ thuật ống nghiệm),Huyết học,Exclude
7684,22.0280.1269,22.280,Định nhóm máu hệ ABO (Kỹ thuật phiến đá),Huyết học,Exclude
7685,22.0281.1281,22.281,Định nhóm máu khó hệ ABO (Kỹ thuật ống nghiệm),Huyết học,Exclude
7686,22.0282.1281,22.282,Định nhóm máu khó hệ ABO (Kỹ thuật Scangel/Gelcard),Huyết học,Exclude
7687,22.0283.1269,22.283,Định nhóm máu hệ ABO (Kỹ thuật trên giấy),Huyết học,Exclude
7688,22.0284.1270,22.284,Định nhóm máu hệ ABO (Kỹ thuật trên thẻ),Huyết học,Exclude
7689,22.0285.1267,22.285,"Định nhóm máu hệ ABO bằng giấy định nhóm máu để truyền máu toàn phần, khối hồng cầu, khối bạch cầu",Huyết học,Exclude
7690,22.0286.1268,22.286,Định nhóm máu hệ ABO bằng giấy định nhóm máu để truyền chế phẩm tiểu cầu hoặc huyết tương,Huyết học,Exclude
7691,22.0287.1272,22.287,"Định nhóm máu hệ ABO trên thẻ định nhóm máu (đã có sẵn huyết thanh mẫu) để truyền máu toàn phần, khối hồng cầu, khối bạch cầu",Huyết học,Exclude
7692,22.0288.1271,22.288,Định nhóm máu hệ ABO trên thẻ định nhóm máu (đã có sẵn huyết thanh mẫu) để truyền chế phẩm tiểu cầu hoặc huyết tương,Huyết học,Exclude
7693,22.0289.1275,22.289,"Định nhóm máu hệ ABO, Rh(D) (Kỹ thuật Scangel/Gelcard trên máy tự động)",Huyết học,Exclude
7694,22.0290.1275,22.290,"Định nhóm máu hệ ABO, Rh(D) (Kỹ thuật Scangel/Gelcard trên máy bán tự động)",Huyết học,Exclude
7695,22.0291.1280,22.291,Định nhóm máu hệ Rh(D) (Kỹ thuật ống nghiệm),Huyết học,Exclude
7696,22.0292.1280,22.292,Định nhóm máu hệ Rh(D) (Kỹ thuật phiến đá),Huyết học,Exclude
7697,22.0293.1274,22.293,"Định nhóm máu hệ ABO, Rh(D) bằng công nghệ hồng cầu gắn từ",Huyết học,Exclude
7698,22.0294.1273,22.294,"Định nhóm máu hệ ABO, Rh(D) trên hệ thống máy tự động hoàn toàn",Huyết học,Exclude
7699,22.0295.1279,22.295,Xác định kháng nguyên D yếu của hệ Rh (Kỹ thuật ống nghiệm),Huyết học,Exclude
7700,22.0296.1279,22.296,Xác định kháng nguyên D yếu của hệ Rh (Kỹ thuật Scangel/Gelcard),Huyết học,Exclude
7701,22.0299.1371,22.299,"Xác định bản chất kháng thể đặc hiệu (IgG, IgA, IgM, C3d, C3c (Kỹ thuật Scangel/Gelcard trên máy bán tự động khi nghiệm pháp Coombs trực tiếp/gián tiếp dương tính)",Huyết học,Exclude
7702,22.0300.1371,22.300,"Xác định bản chất kháng thể đặc hiệu (IgG, IgA, IgM, C3d, C3c (Kỹ thuật Scangel/Gelcard trên máy tự động khi nghiệm pháp Coombs trực tiếp/gián tiếp dương tính)",Huyết học,Exclude
7703,22.0302.1306,22.302,Nghiệm pháp Coombs trực tiếp (Kỹ thuật Scangel/Gelcard trên máy bán tự động),Huyết học,Exclude
7704,22.0303.1306,22.303,Nghiệm pháp Coombs trực tiếp (Kỹ thuật Scangel/Gelcard trên máy tự động),Huyết học,Exclude
7705,22.0304.1306,22.304,Nghiệm pháp Coombs trực tiếp (Kỹ thuật ống nghiệm),Huyết học,Exclude
7706,22.0305.1307,22.305,Nghiệm pháp Coombs trực tiếp (Kỹ thuật hồng cầu gắn từ trên máy tự động),Huyết học,Exclude
7707,22.0306.1306,22.306,Nghiệm pháp Coombs gián tiếp (Kỹ thuật Scangel/Gelcard trên máy bán tự động),Huyết học,Exclude
7708,22.0307.1306,22.307,Nghiệm pháp Coombs gián tiếp (Kỹ thuật Scangel/Gelcard trên máy tự động),Huyết học,Exclude
7709,22.0308.1306,22.308,Nghiệm pháp Coombs gián tiếp (Kỹ thuật ống nghiệm),Huyết học,Exclude
7710,22.0309.1305,22.309,Nghiệm pháp Coombs gián tiếp (Kỹ thuật hồng cầu gắn từ trên máy tự động),Huyết học,Exclude
7711,22.0310.1387,22.310,Xác định kháng nguyên H (Kỹ thuật ống nghiệm),Huyết học,Exclude
7712,22.0312.1266,22.312,Xác định nhóm máu A₁ (Kỹ thuật ống nghiệm),Huyết học,Exclude
7713,22.0314.1398,22.314,Xác định kháng nguyên nhóm máu hệ hồng cầu bằng phương pháp sinh học phân tử (giá cho một loại kháng nguyên),Huyết học,Exclude
7714,22.0317.1434,22.317,Kháng thể kháng histon (anti histon) bằng kỹ thuật ELISA,Dị ứng miễn dịch,Exclude
7715,22.0318.1445,22.318,Kháng thể kháng Scl 70 (anti Scl-70) bằng kỹ thuật ELISA,Dị ứng miễn dịch,Exclude
7716,22.0319.1436,22.319,Kháng thể Sm-Jo-1 (anti Sm-Jo-1) bằng kỹ thuật ELISA,Dị ứng miễn dịch,Exclude
7717,22.0320.1446,22.320,Kháng thể kháng Sm (anti Sm) bằng kỹ thuật ELISA,Dị ứng miễn dịch,Exclude
7718,22.0321.1447,22.321,Kháng thể kháng SS-A (kháng La) (anti SS-A) bằng kỹ thuật ELISA,Dị ứng miễn dịch,Exclude
7719,22.0322.1447,22.322,Kháng thể kháng SS-B (kháng Ro) (anti SS-B) bằng kỹ thuật ELISA,Dị ứng miễn dịch,Exclude
7720,22.0325.1438,22.325,Kháng thể kháng dsDNA (anti-dsDNA) bằng kỹ thuật ELISA,Dị ứng miễn dịch,Exclude
7721,22.0326.1440,22.326,Kháng thể kháng nhân (anti-ANA) bằng kỹ thuật ELISA,Dị ứng miễn dịch,Exclude
7722,22.0327.1438,22.327,Kháng thể kháng dsDNA (anti-dsDNA) bằng kỹ thuật huỳnh quang,Dị ứng miễn dịch,Exclude
7723,22.0328.1440,22.328,Kháng thể kháng nhân (anti-ANA) bằng kỹ thuật huỳnh quang,Dị ứng miễn dịch,Exclude
7724,22.0329.1337,22.329,Phát hiện kháng thể kháng tiểu cầu bằng kỹ thuật Flow-cytometry,Huyết học,Exclude
7725,22.0330.1407,22.330,Xét nghiệm HLA-B27 bằng kỹ thuật Flow-cytometry,Huyết học,Exclude
7726,22.0331.1413,22.331,"Đếm số lượng tế bào gốc (stem cell, CD34)",Huyết học,Exclude
7727,22.0332.1302,22.332,Lympho cross match bằng kỹ thuật Flow-cytometry,Huyết học,Exclude
7728,22.0342.1225,22.342,Xét nghiệm đếm số lượng CD3 - CD4 - CD8,Huyết học,Exclude
7729,22.0343.1401,22.343,Xét nghiệm CD55/59 bạch cầu (chẩn đoán bệnh Đái huyết sắc tố niệu kịch phát ban đêm),Huyết học,Exclude
7730,22.0344.1402,22.344,Xét nghiệm CD55/59 hồng cầu (chẩn đoán bệnh Đái huyết sắc tố niệu kịch phát ban đêm),Huyết học,Exclude
7731,22.0345.1413,22.345,Đếm số lượng tế bào gốc tạo máu trên máy Cytomics FC500,Huyết học,Exclude
7732,22.0347.1439,22.347,Xét nghiệm kháng thể kháng dsDNA (ngưng kết latex),Dị ứng miễn dịch,Exclude
7733,22.0348.1344,22.348,Xét nghiệm Đường-Ham,Huyết học,Exclude
7734,22.0351.1228,22.351,Điện di miễn dịch huyết thanh,Huyết học,Exclude
7735,22.0352.1227,22.352,Điện di huyết sắc tố,Huyết học,Exclude
7736,22.0353.1229,22.353,Điện di protein huyết thanh,Huyết học,Exclude
7737,22.0357.1404,22.357,Đọ chéo trong ghép bằng kỹ thuật vi độc tế bào,Huyết học,Exclude
7738,22.0358.1337,22.358,Xét nghiệm xác định kháng thể kháng tiểu cầu trực tiếp,Huyết học,Exclude
7739,22.0359.1337,22.359,Xét nghiệm xác định kháng thể kháng tiểu cầu gián tiếp,Huyết học,Exclude
7740,22.0369.1215,22.369,ANA 17 profile test (sàng lọc và định danh đồng thời 17 typ kháng thể kháng nhân bằng thanh sắc ký miễn dịch),Huyết học,Exclude
7741,22.0375.1442,22.375,Anti phospholipid IgG và IgM (sàng lọc các kháng thể kháng phospholipid lớp IgG và IgM bằng kỹ thuật ELISA,Dị ứng miễn dịch,Exclude
7742,22.0376.1324,22.376,Phân tích Myeloperoxidase nội bào,Huyết học,Exclude
7743,22.0377.1224,22.377,DCIP test (Dichlorophenol-Indolphenol test dùng sàng lọc huyết sắc tố E),Huyết học,Exclude
7744,22.0379.1373,22.379,Xác định gen bằng kỹ thuật FISH,Huyết học,Exclude
7745,22.0381.1220,22.381,Công thức nhiễm sắc thể (Karyotype) tuỷ xương,Huyết học,Exclude
7746,22.0382.1220,22.382,Công thức nhiễm sắc thể (Karyotype) máu ngoại vi,Huyết học,Exclude
7747,22.0384.1420,22.384,Phát hiện gene bệnh Hemophilia (bằng kỹ thuật PCR-PFLP),Huyết học,Exclude
7748,22.0385.1221,22.385,Công thức nhiễm sắc thể (NST) từ tế bào ối,Huyết học,Exclude
7749,22.0387.1373,22.387,FISH chẩn đoán NST XY,Huyết học,Exclude
7750,22.0388.1373,22.388,FISH chẩn đoán NST Ph1 (BCR/ ABL),Huyết học,Exclude
7751,22.0391.1373,22.391,"FISH chẩn đoán chuyển đoạn NST 4, 11",Huyết học,Exclude
7752,22.0392.1373,22.392,"FISH chẩn đoán chuyển đoạn NST 1, 19",Huyết học,Exclude
7753,22.0393.1373,22.393,"FISH chẩn đoán chuyển đoạn NST 8, 21",Huyết học,Exclude
7754,22.0394.1373,22.394,"FISH chẩn đoán chuyển đoạn NST 15, 17",Huyết học,Exclude
7755,22.0406.1291,22.406,Giải trình tự gene chẩn đoán bệnh beta thalassemia,Huyết học,Exclude
7756,22.0407.1291,22.407,Giải trình tự gene chẩn đoán trước sinh bệnh beta thalassemia,Huyết học,Exclude
7757,22.0412.1291,22.412,Giải trình tự gene Perforin (PRF1) bệnh HLH,Huyết học,Exclude
7758,22.0413.1291,22.413,Giải trình tự gene Perforin (PRF1) chẩn đoán trước sinh bệnh HLH,Huyết học,Exclude
7759,22.0419.1374,22.419,PCR chẩn đoán chuyển đoạn Philadelphia (BCR/ABL) P210,Huyết học,Exclude
7760,22.0420.1374,22.420,PCR chẩn đoán chuyển đoạn Philadelphia (BCR/ABL) P190,Huyết học,Exclude
7761,22.0421.1243,22.421,Định lượng gen bệnh máu ác tính bằng kỹ thuật Real - Time PCR,Huyết học,Exclude
7762,22.0422.1250,22.422,Định lượng tế bào người cho ở người nhận sau ghép bằng kỹ thuật Real - Time PCR,Huyết học,Exclude
7763,22.0424.1374,22.424,Xét nghiệm phát hiện gen bệnh lý Lơ xê mi (1 gen) bằng kỹ thuật RT - PCR,Huyết học,Exclude
7764,22.0425.1374,22.425,Phát hiện gene JAK2 V617F trong nhóm bệnh tăng sinh tủy bằng kỹ thuật Allen-specific PCR,Huyết học,Exclude
7765,22.0428.1633,22.428,Định lượng virut Cytomegalo (CMV) bằng kỹ thuật Real Time PCR,Vi sinh,Exclude
7766,22.0429.1420,22.429,Phát hiện đột biến Intron18/BCL1 bằng kỹ thuật PCR RFLP,Huyết học,Exclude
7767,22.0430.1333,22.430,Phát hiện đảo đoạn intron22 của gen yếu tố VIII bệnh Hemophilia bằng kỹ thuật longrange PCR,Huyết học,Exclude
7768,22.0431.1374,22.431,Xác định gen bệnh máu bằng kỹ thuật RT-PCR,Huyết học,Exclude
7769,22.0432.1374,22.432,Xác định gen AML1/ETO bằng kỹ thuật RT-PCR,Huyết học,Exclude
7770,22.0433.1374,22.433,Xác định gen CBFβ /MYH11 bằng kỹ thuật RT-PCR,Huyết học,Exclude
7771,22.0434.1374,22.434,Xác định gen PML/ RARα bằng kỹ thuật RT-PCR,Huyết học,Exclude
7772,22.0435.1374,22.435,Xác định gen TEL/ AML1 bằng kỹ thuật RT-PCR,Huyết học,Include
7773,22.0436.1374,22.436,Xác định gen E2A/ PBX1 bằng kỹ thuật RT-PCR,Huyết học,Include
7774,22.0437.1374,22.437,Xác định gen MLL/ AF4 bằng kỹ thuật RT-PCR,Huyết học,Include
7775,22.0438.1374,22.438,Xác định gen NPM1-A bằng kỹ thuật Allen specific -PCR,Huyết học,Include
7776,22.0439.1374,22.439,Xác định gen FLT3-ITD bằng kỹ thuật PCR,Huyết học,Include
7777,22.0441.1374,22.441,"Xác định gen IGH-MMSET (của chuyển đoạn t(4, 14) bằng kỹ thuật PCR",Huyết học,Include
7778,22.0442.1374,22.442,Xét nghiệm kháng đột biến Imatinib T325I bằng kỹ thuật Allen-specific PCR,Huyết học,Include
7779,22.0443.1416,22.443,Xét nghiệm trao đổi nhiễm sắc tử chị em,Huyết học,Include
7780,22.0446.1419,22.446,Xét nghiệm xác định đột biến Thalassemia (phát hiện đồng thời 21 đột biến α-Thalassemia hoặc 22 đột biến β-Thalasemia),Huyết học,Include
7781,22.0448.1375,22.448,Xác định gen bệnh máu bằng kỹ thuật cIg FISH,Huyết học,Include
7782,22.0449.1290,22.449,Xét nghiệm giải trình tự gen trên hệ thống Miseq,Huyết học,Include
7783,22.0455.1334,22.455,Phát hiện gen bệnh Thalassemia bằng kỹ thuật PCR-RFLP,Huyết học,Include
7784,22.0487.1338,22.487,Rửa hồng cầu/ tiểu cầu bằng máy ly tâm lạnh,Huyết học,Include
7785,22.0490.1301,22.490,Lọc bạch cầu trong khối hồng cầu,Huyết học,Include
7786,22.0499.0163,22.499,Rút máu để điều trị,Các thủ thuật và dịch vụ Nội soi,Include
7787,22.0502.1267,22.502,Định nhóm máu tại giường bệnh trước truyền máu,Huyết học,Include
7788,22.0502.1268,22.502,Định nhóm máu tại giường bệnh trước truyền máu,Huyết học,Include
7789,22.0503.1342,22.503,Gạn bạch cầu điều trị,Huyết học,Include
7790,22.0504.1342,22.504,Gạn tiểu cầu điều trị,Huyết học,Include
7791,22.0505.1342,22.505,Gạn hồng cầu điều trị,Huyết học,Include
7792,22.0506.1342,22.506,Trao đổi huyết tương điều trị,Huyết học,Include
7793,22.0507.0118,22.507,Lọc máu liên tục,Các thủ thuật và dịch vụ Nội soi,Include
7794,22.0515.0083,22.515,Thủ thuật chọc tủy sống tiêm hóa chất nội tủy,Các thủ thuật và dịch vụ Nội soi,Include
7795,22.0519.1356,22.519,Thu thập máu dây rốn để phân lập tế bào gốc,Huyết học,Include
7796,22.0520.1357,22.520,Gạn tách tế bào gốc từ máu ngoại vi bằng máy tự động,Huyết học,Include
7797,22.0521.1358,22.521,Thu thập dịch tủy xương để phân lập tế bào gốc,Huyết học,Include
7798,22.0531.1322,22.531,Nuôi cấy cụm tế bào gốc (colony firming culture),Huyết học,Include
7799,22.0567.1263,22.567,Định lượng chất ức chế hoạt hóa Plasmin 1 (PAI-1),Huyết học,Include
7800,22.0568.1263,22.568,Định lượng chất ức chế hoạt hóa Plasmin 2 (PAI-2),Huyết học,Include
7801,22.0570.1238,22.570,Định lượng D-Dimer bằng kỹ thuật miễn dịch hóa phát quang,Huyết học,Include
7802,22.0575.1332,22.575,Phát hiện chất ức chế phụ thuộc thời gian và nhiệt độ đường đông máu nội sinh,Huyết học,Include
7803,22.0576.1331,22.576,Phát hiện chất ức chế không phụ thuộc thời gian và nhiệt độ đường đông máu nội sinh,Huyết học,Include
7804,22.9000.1349,22.9000,Thời gian máu đông,Huyết học,Include
7805,22.0582.1248,22.582,Định lượng hoạt tính Protein S (PS activity),Huyết học,Include
7806,22.0583.1248,22.583,Định lượng kháng nguyên Protein S (PS antigen),Huyết học,Include
7807,22.0585.1286,22.585,Đo độ đàn hồi cục máu (ROTEM: Rotation ThromboElastoMetry) nội sinh (ROTEM-INTEM),Huyết học,Include
7808,22.0586.1286,22.586,Đo độ đàn hồi cục máu (ROTEM: Rotation ThromboElastoMetry) ngoại sinh (ROTEM-EXTEM),Huyết học,Include
7809,22.0587.1285,22.587,Đo độ đàn hồi cục máu (ROTEM: Rotation ThromboElastoMetry) ức chế tiểu cầu (ROTEM-FIBTEM),Huyết học,Include
7810,22.0588.1285,22.588,Đo độ đàn hồi cục máu (ROTEM: Rotation ThromboElastoMetry) ức chế tiêu sợi huyết (ROTEM-APTEM),Huyết học,Include
7811,22.0589.1285,22.589,Đo độ đàn hồi cục máu (ROTEM: Rotation ThromboElastoMetry) trung hòa heparin (ROTEM-HEPTEM),Huyết học,Include
7812,22.0605.1299,22.605,Huyết đồ (bằng hệ thống tự động hoàn toàn),Huyết học,Include
7813,22.0606.1323,22.606,OF test (Osmotic fragility test) (Test sàng lọc Thalassemia),Huyết học,Include
7814,22.0607.1314,22.607,Xét nghiệm và chẩn đoán tế bào học bằng phương pháp nhuộm hồng cầu sắt (Nhuộm Perls),Huyết học,Include
7815,22.0608.1316,22.608,Xét nghiệm và chẩn đoán tế bào học bằng phương pháp nhuộm Peroxydase (MPO: Myeloperoxydase),Huyết học,Include
7816,22.0609.1321,22.609,Xét nghiệm và chẩn đoán tế bào học bằng phương pháp nhuộm Sudan đen,Huyết học,Include
7817,22.0610.1315,22.610,Xét nghiệm và chẩn đoán tế bào học bằng phương pháp nhuộm Periodic Acide Schiff (PAS),Huyết học,Include
7818,22.0611.1311,22.611,Xét nghiệm và chẩn đoán tế bào học bằng phương pháp nhuộm Esterase không đặc hiệu,Huyết học,Include
7819,22.0613.1317,22.613,Xét nghiệm và chẩn đoán tế bào học bằng phương pháp nhuộm Phosphatase acid,Huyết học,Include
7820,22.0614.1318,22.614,Xét nghiệm và chẩn đoán tế bào học bằng phương pháp nhuộm Phosphatase kiềm bạch cầu,Huyết học,Include
7821,22.0615.1417,22.615,Xét nghiệm và chẩn đoán hóa mô miễn dịch tủy xương cho một dấu ấn (Marker) trên máy nhuộm tự động,Huyết học,Include
7822,22.0616.1418,22.616,Xét nghiệm và chẩn đoán mô bệnh học tủy xương trên máy nhuộm tự động,Huyết học,Include
7823,22.0618.1392,22.618,Xác định kháng nguyên Leᵃ của hệ nhóm máu Lewis (Kỹ thuật ống nghiệm),Huyết học,Include
7824,22.0621.1393,22.621,Xác định kháng nguyên Leᵇ của hệ nhóm máu Lewis (Kỹ thuật ống nghiệm),Huyết học,Include
7825,22.0624.1328,22.624,Phản ứng hòa hợp tiểu cầu (kỹ thuật pha rắn).,Huyết học,Include
7826,22.0625.1372,22.625,Xác định bất đồng nhóm máu mẹ con (kỹ thuật ống nghiệm),Huyết học,Include
7827,22.0627.1324,22.627,"Phân tích dấu ấn/CD/marker miễn dịch máu ngoại vi, hoặc dịch khác bằng kỹ thuật flow cytometry",Huyết học,Include
7828,22.0628.1325,22.628,"Phân tích dấu ấn/CD/marker miễn dịch mẫu tủy xương, hoặc mẫu hạch, hoặc mẫu tổ chức khác bằng kỹ thuật flow cytometry",Huyết học,Include
7829,22.0629.1717,22.629,Xét nghiệm kháng thể kháng lao (phương pháp thấm miễn dịch),Vi sinh,Include
7830,22.0630.1637,22.630,Xét nghiệm kháng thể kháng Dengue IgG và IgM (phương pháp thấm miễn dịch),Vi sinh,Include
7831,22.0631.1236,22.631,Định lượng CD25 (IL-2R) hòa tan trong huyết thanh bằng kỹ thuật ELISA,Huyết học,Include
7832,22.0633.1284,22.633,"Định type HLA độ phân giải cao cho 1 locus (Locus A, hoặc Locus B, hoặc Locus C, hoặc Locus DR, hoặc Locus DQ, hoặc Locus DP) bằng kỹ thuật PCR-SSO",Huyết học,Include
7833,22.0634.1283,22.634,"Định type HLA cho 1 locus (Locus A, hoặc Locus B, hoặc Locus C, hoặc Locus DR, hoặc Locus DQ) bằng kỹ thuật PCR-SSP",Huyết học,Include
7834,22.0635.1232,22.635,Định danh kháng thể kháng HLA bằng kỹ thuật luminex,Huyết học,Include
7835,22.0636.1234,22.636,Định danh kháng thể kháng HLA bằng kỹ thuật ELISA,Huyết học,Include
7836,22.0638.1403,22.638,Xét nghiệm cấy chuyển dạng lympho,Huyết học,Include
7837,22.0639.1373,22.639,"Xác định nhiễm sắc thể X, Y bằng kỹ thuật FISH",Huyết học,Include
7838,22.0640.1420,22.640,Phát hiện đột biến gen Hemophilia bằng kỹ thuật PCR-RFLP,Huyết học,Include
7839,22.0641.1291,22.641,Xét nghiệm giải trình tự gen bằng kỹ thuật giải trình tự thế hệ 1 (cho mỗi đoạn gen < 1kb),Huyết học,Include
7840,22.0643.1334,22.643,Xét nghiệm phát hiện đột biến gen thalassemia bằng kỹ thuật PCR,Huyết học,Include
7841,22.0644.1420,22.644,Xét nghiệm phát hiện đột biến gen hemophilia bằng kỹ thuật PCR,Huyết học,Include
7842,22.0645.1374,22.645,Xét nghiệm phát hiện đột biến gen bằng kỹ thuật PCR,Huyết học,Include
7843,22.0646.1374,22.646,Xét nghiệm xác định đột biến gen bằng kỹ thuật PCR-RFLP,Huyết học,Include
7844,22.0647.1290,22.647,Xét nghiệm giải trình tự gen bằng kỹ thuật giải trình tự gen thế hệ 2,Huyết học,Include
7845,22.0648.1375,22.648,Xét nghiệm xác định gen bằng kỹ thuật cIg FISH với tách tế bào bằng Ficoll,Huyết học,Include
7846,22.0649.1220,22.649,Xét nghiệm công thức nhiễm sắc thể tủy xương với chất kích thích đặc hiệu,Huyết học,Include
7847,22.0650.1220,22.650,Xét nghiệm công thức nhiễm sắc thể với môi trường đặc hiệu,Huyết học,Include
7848,22.0652.1250,22.652,Xét nghiệm xác định các marker di truyền của người cho/ người nhận bằng kỹ thuật realtime PCR,Huyết học,Include
7849,22.0654.1290,22.654,Xét nghiệm xác định mọc mảnh ghép (Chimerism) bằng kỹ thuật giải trình tự gen thế hệ 2,Huyết học,Include
7850,22.0655.1291,22.655,Xét nghiệm xác định mọc mảnh ghép (Chimerism) bằng kỹ thuật giải trình tự gen thế hệ 1,Huyết học,Include
7851,22.0662.1374,22.662,Xét nghiệm kháng đột biến Imatinib T315I bằng kỹ thuật Allen-specific PCR,Huyết học,Include
7852,22.0676.1342,22.676,Gạn tách huyết tương điều trị,Huyết học,Include
7853,22.0689.1223,22.689,Đánh giá tỷ lệ sống của tế bào bằng kỹ thuật nhuộm xanh trypan,Huyết học,Include
7854,22.0691.1257,22.691,Định lượng yếu tố Thrombomodulin,Huyết học,Include
7855,22.0692.1265,22.692,Định lượng β - Thromboglobulin (βTG),Huyết học,Include
7856,22.0693.1312,22.693,Xét nghiệm và chẩn đoán tế bào học bằng phương pháp nhuộm Esterase không đặc hiệu có ức chế bằng NaF,Huyết học,Include
7857,23.0002.1454,23.2,Định lượng ACTH (Adrenocorticotropic hormone) [Máu],Hóa sinh,Include
7858,23.0003.1494,23.3,Định lượng Acid Uric [Máu],Hóa sinh,Include
7859,23.0004.1455,23.4,Định lượng ADH (Anti Diuretic Hormone) [Máu],Hóa sinh,Include
7860,23.0006.1497,23.6,Định lượng Aldosteron [Máu],Hóa sinh,Include
7861,23.0007.1494,23.7,Định lượng Albumin [Máu],Hóa sinh,Include
7862,23.0008.1490,23.8,Định lượng Alpha1 Antitrypsin [Máu],Hóa sinh,Include
7863,23.0009.1493,23.9,Đo hoạt độ ALP (Alkalin Phosphatase) [Máu],Hóa sinh,Include
7864,23.0010.1494,23.10,Đo hoạt độ Amylase [Máu],Hóa sinh,Include
7865,23.0011.1459,23.11,Định lượng Amoniac (NH3) [Máu],Hóa sinh,Include
7866,23.0013.1491,23.13,Định lượng Anti CCP [Máu],Hóa sinh,Include
7867,23.0014.1460,23.14,Định lượng Anti-Tg (Antibody- Thyroglobulin) [Máu],Hóa sinh,Include
7868,23.0015.1461,23.15,Định lượng Anti - TPO (Anti- thyroid Peroxidase antibodies) [Máu],Hóa sinh,Include
7869,23.0016.1462,23.16,Định lượng Apo A₁ (Apolipoprotein A₁) [Máu],Hóa sinh,Include
7870,23.0017.1462,23.17,Định lượng Apo B (Apolipoprotein B) [Máu],Hóa sinh,Include
7871,23.0018.1457,23.18,Định lượng AFP (Alpha Fetoproteine) [Máu],Hóa sinh,Include
7872,23.0019.1493,23.19,Đo hoạt độ ALT (GPT) [Máu],Hóa sinh,Include
7873,23.0020.1493,23.20,Đo hoạt độ AST (GOT) [Máu],Hóa sinh,Include
7874,23.0022.1465,23.22,Định lượng β2 microglobulin [Máu],Hóa sinh,Include
7875,23.0023.1492,23.23,Định lượng Beta Crosslap [Máu],Hóa sinh,Include
7876,23.0024.1464,23.24,Định lượng bhCG (Beta human Chorionic Gonadotropins) [Máu],Hóa sinh,Include
7877,23.0025.1493,23.25,Định lượng Bilirubin trực tiếp [Máu],Hóa sinh,Include
7878,23.0026.1493,23.26,Định lượng Bilirubin gián tiếp [Máu],Hóa sinh,Include
7879,23.0027.1493,23.27,Định lượng Bilirubin toàn phần [Máu],Hóa sinh,Include
7880,23.0028.1466,23.28,Định lượng BNP (B- Type Natriuretic Peptide) [Máu],Hóa sinh,Include
7881,23.0029.1473,23.29,Định lượng Calci toàn phần [Máu],Hóa sinh,Include
7882,23.0030.1472,23.30,Định lượng Calci ion hoá [Máu],Hóa sinh,Include
7883,23.0031.1473,23.31,Định lượng canci ion hóa bằng điện cực chọn lọc [Máu],Hóa sinh,Include
7884,23.0032.1468,23.32,Định lượng CA¹²⁵ (cancer antigen 125) [Máu],Hóa sinh,Include
7885,23.0033.1470,23.33,Định lượng CA 19 - 9 (Carbohydrate Antigen 19-9) [Máu],Hóa sinh,Include
7886,23.0034.1469,23.34,Định lượng CA 15 - 3 (Cancer Antigen 15- 3) [Máu],Hóa sinh,Include
7887,23.0035.1471,23.35,Định lượng CA 72 - 4 (Cancer Antigen 72- 4) [Máu],Hóa sinh,Include
7888,23.0036.1474,23.36,Định lượng Calcitonin [Máu],Hóa sinh,Include
7889,23.0038.1477,23.38,Định lượng Ceruloplasmin [Máu],Hóa sinh,Include
7890,23.0039.1476,23.39,Định lượng CEA (Carcino Embryonic Antigen) [Máu],Hóa sinh,Include
7891,23.0040.1507,23.40,Đo hoạt độ Cholinesterase (ChE) [Máu],Hóa sinh,Include
7892,23.0041.1506,23.41,Định lượng Cholesterol toàn phần (máu),Hóa sinh,Include
7893,23.0042.1482,23.42,Đo hoạt độ CK (Creatine kinase) [Máu],Hóa sinh,Include
7894,23.0043.1478,23.43,Đo hoạt độ CK-MB (Isozym MB of Creatine kinase) [Máu],Hóa sinh,Include
7895,23.0044.1478,23.44,Định lượng CK-MB mass [Máu],Hóa sinh,Include
7896,23.0045.1481,23.45,Định lượng C-Peptid [Máu],Hóa sinh,Include
7897,23.0046.1480,23.46,Định lượng Cortisol (máu),Hóa sinh,Include
7898,23.0047.1495,23.47,Định lượng Cystatine C [Máu],Hóa sinh,Include
7899,23.0048.1479,23.48,Định lượng bổ thể C3 [Máu],Hóa sinh,Include
7900,23.0049.1479,23.49,Định lượng bổ thể C4 [Máu],Hóa sinh,Include
7901,23.0050.1484,23.50,Định lượng CRP hs (C-Reactive Protein high sesitivity) [Máu],Hóa sinh,Include
7902,23.0051.1494,23.51,Định lượng Creatinin (máu),Hóa sinh,Include
7903,23.0052.1486,23.52,Định lượng Cyfra 21- 1 [Máu],Hóa sinh,Include
7904,23.0053.1485,23.53,Định lượng Cyclosphorin [Máu],Hóa sinh,Include
7905,23.0054.1239,23.54,Định lượng D-Dimer [Máu],Huyết học,Include
7906,23.0055.1489,23.55,Định lượng 25OH Vitamin D (D3) [Máu],Hóa sinh,Include
7907,23.0056.1488,23.56,Định lượng Digoxin [Máu],Hóa sinh,Include
7908,23.0058.1487,23.58,"Điện giải đồ (Na, K, Cl) [Máu]",Hóa sinh,Include
7909,23.0060.1496,23.60,Định lượng Ethanol (cồn) [Máu],Hóa sinh,Include
7910,23.0061.1513,23.61,Định lượng Estradiol [Máu],Hóa sinh,Include
7911,23.0062.1511,23.62,Định lượng E3 không liên hợp (Unconjugated Estriol) [Máu],Hóa sinh,Include
7912,23.0063.1514,23.63,Định lượng Ferritin [Máu],Hóa sinh,Include
7913,23.0064.1480,23.64,Định lượng Fructosamin [Máu],Hóa sinh,Include
7914,23.0065.1517,23.65,Định lượng FSH (Follicular Stimulating Hormone) [Máu],Hóa sinh,Include
7915,23.0066.1516,23.66,Định lượng free bHCG (Free Beta Human Chorionic Gonadotropin) [Máu],Hóa sinh,Include
7916,23.0067.1515,23.67,Định lượng Folate [Máu],Hóa sinh,Include
7917,23.0068.1561,23.68,Định lượng FT3 (Free Triiodothyronine) [Máu],Hóa sinh,Include
7918,23.0069.1561,23.69,Định lượng FT4 (Free Thyroxine) [Máu],Hóa sinh,Include
7919,23.0072.1244,23.72,Đo hoạt độ G6PD (Glucose -6 phosphat dehydrogenase) [Máu],Huyết học,Include
7920,23.0073.1519,23.73,Định lượng GH (Growth Hormone) [Máu],Hóa sinh,Include
7921,23.0074.1520,23.74,Đo hoạt độ GLDH (Glutamat dehydrogenase) [Máu],Hóa sinh,Include
7922,23.0075.1494,23.75,Định lượng Glucose [Máu],Hóa sinh,Include
7923,23.0076.1494,23.76,Định lượng Globulin [Máu],Hóa sinh,Include
7924,23.0077.1518,23.77,Đo hoạt độ GGT (Gama Glutamyl Transferase) [Máu],Hóa sinh,Include
7925,23.0079.1499,23.79,Định lượng Gentamicin [Máu],Hóa sinh,Include
7926,23.0080.1522,23.80,Định lượng Haptoglobulin [Máu],Hóa sinh,Include
7927,23.0081.1647,23.81,Định lượng HBsAg (HBsAg Quantitative) (CMIA/ECLIA) [Máu],Vi sinh,Include
7928,23.0082.1524,23.82,Đo hoạt độ HBDH (Hydroxy butyrat dehydrogenase) [Máu],Hóa sinh,Include
7929,23.0083.1523,23.83,Định lượng HbA1c [Máu],Hóa sinh,Include
7930,23.0084.1506,23.84,Định lượng HDL-C (High density lipoprotein Cholesterol) [Máu],Hóa sinh,Include
7931,23.0085.1525,23.85,Định lượng HE4 [Máu],Hóa sinh,Include
7932,23.0086.1526,23.86,Định lượng Homocystein [Máu],Hóa sinh,Include
7933,23.0087.1425,23.87,Định lượng IL-1α (Interleukin 1α) [Máu],Dị ứng miễn dịch,Include
7934,23.0088.1425,23.88,Định lượng IL -1β (Interleukin 1β) [Máu],Dị ứng miễn dịch,Include
7935,23.0089.1425,23.89,Định lượng IL-6 (Interleukin 6) [Máu],Dị ứng miễn dịch,Include
7936,23.0090.1425,23.90,Định lượng IL-8 (Interleukin 8) [Máu],Dị ứng miễn dịch,Include
7937,23.0091.1425,23.91,Định lượng IL-10 (Interleukin 10) [Máu],Dị ứng miễn dịch,Include
7938,23.0092.1424,23.92,Định lượng IgE Cat Specific (E1) [Máu],Dị ứng miễn dịch,Include
7939,23.0093.1527,23.93,Định lượng IgE (Immunoglobuline E) [Máu],Hóa sinh,Include
7940,23.0094.1527,23.94,Định lượng IgA (Immunoglobuline A) [Máu],Hóa sinh,Include
7941,23.0095.1527,23.95,Định lượng IgG (Immunoglobuline G) [Máu],Hóa sinh,Include
7942,23.0096.1527,23.96,Định lượng IgM (Immunoglobuline M) [Máu],Hóa sinh,Include
7943,23.0097.1551,23.97,Định lượng IGFBP-3 (Insulin like growth factor binding protein 3) [Máu],Hóa sinh,Include
7944,23.0098.1529,23.98,Định lượng Insulin [Máu],Hóa sinh,Include
7945,23.0101.1530,23.101,Định lượng Kappa [Máu],Hóa sinh,Include
7946,23.0102.1497,23.102,Định lượng Kappa tự do (Free kappa) [Máu],Hóa sinh,Include
7947,23.0103.1531,23.103,Xét nghiệm Khí máu [Máu],Hóa sinh,Include
7948,23.0104.1532,23.104,Định lượng Lactat (Acid Lactic) [Máu],Hóa sinh,Include
7949,23.0105.1533,23.105,Định lượng Lambda [Máu],Hóa sinh,Include
7950,23.0106.1498,23.106,Định lượng Lambda tự do (Free Lambda) [Máu],Hóa sinh,Include
7951,23.0109.1536,23.109,Đo hoạt độ Lipase [Máu],Hóa sinh,Include
7952,23.0110.1535,23.110,Định lượng LH (Luteinizing Hormone) [Máu],Hóa sinh,Include
7953,23.0111.1534,23.111,Đo hoạt độ LDH (Lactat dehydrogenase) [Máu],Hóa sinh,Include
7954,23.0112.1506,23.112,Định lượng LDL - C (Low density lipoprotein Cholesterol) [Máu],Hóa sinh,Include
7955,23.0116.1452,23.116,Đo hoạt độ MPO [Máu],Dị ứng miễn dịch,Include
7956,23.0117.1538,23.117,Định lượng Myoglobin [Máu],Hóa sinh,Include
7957,23.0118.1503,23.118,Định lượng Mg [Máu],Hóa sinh,Include
7958,23.0120.1541,23.120,Định lượng NSE (Neuron Specific Enolase) [Máu],Hóa sinh,Include
7959,23.0121.1548,23.121,Định lượng proBNP (NT-proBNP) [Máu],Hóa sinh,Include
7960,23.0122.1508,23.122,Đo hoạt độ P-Amylase [Máu],Hóa sinh,Include
7961,23.0124.1466,23.124,Định lượng Pepsinogen I [Máu],Hóa sinh,Include
7962,23.0125.1466,23.125,Định lượng Pepsinogen II [Máu],Hóa sinh,Include
7963,23.0127.1545,23.127,Định lượng Phenytoin [Máu],Hóa sinh,Include
7964,23.0128.1494,23.128,Định lượng Phospho (máu),Hóa sinh,Include
7965,23.0129.1547,23.129,Định lượng Pre-albumin [Máu],Hóa sinh,Include
7966,23.0130.1549,23.130,Định lượng Pro-calcitonin [Máu],Hóa sinh,Include
7967,23.0131.1552,23.131,Định lượng Prolactin [Máu],Hóa sinh,Include
7968,23.0133.1494,23.133,Định lượng Protein toàn phần [Máu],Hóa sinh,Include
7969,23.0134.1550,23.134,Định lượng Progesteron [Máu],Hóa sinh,Include
7970,23.0136.1248,23.136,Định lượng Protein S100 [Máu],Huyết học,Include
7971,23.0137.1551,23.137,Định lượng Pro-GRP (Pro- Gastrin-Releasing Peptide) [Máu],Hóa sinh,Include
7972,23.0138.1554,23.138,Định lượng PSA tự do (Free prostate-Specific Antigen) [Máu],Hóa sinh,Include
7973,23.0139.1553,23.139,Định lượng PSA toàn phần (Total prostate-Specific Antigen) [Máu],Hóa sinh,Include
7974,23.0140.1555,23.140,Định lượng PTH (Parathyroid Hormon) [Máu],Hóa sinh,Include
7975,23.0141.1498,23.141,Định lượng Renin activity [Máu],Hóa sinh,Include
7976,23.0142.1557,23.142,Định lượng RF (Reumatoid Factor) [Máu],Hóa sinh,Include
7977,23.0143.1503,23.143,Định lượng Sắt [Máu],Hóa sinh,Include
7978,23.0144.1559,23.144,Định lượng SCC (Squamous cell carcinoma antigen) [Máu],Hóa sinh,Include
7979,23.0147.1561,23.147,Định lượng T3 (Tri iodothyronine) [Máu],Hóa sinh,Include
7980,23.0148.1561,23.148,Định lượng T4 (Thyroxine) [Máu],Hóa sinh,Include
7981,23.0150.1562,23.150,Định lượng Tacrolimus [Máu],Hóa sinh,Include
7982,23.0151.1563,23.151,Định lượng Testosterol [Máu],Hóa sinh,Include
7983,23.0154.1565,23.154,Định lượng Tg (Thyroglobulin) [Máu],Hóa sinh,Include
7984,23.0155.1564,23.155,Định lượng Theophylline [Máu],Hóa sinh,Include
7985,23.0156.1566,23.156,Định lượng TRAb (TSH Receptor Antibodies) [Máu],Hóa sinh,Include
7986,23.0157.1567,23.157,Định lượng Transferin [Máu],Hóa sinh,Include
7987,23.0158.1506,23.158,Định lượng Triglycerid (máu) [Máu],Hóa sinh,Include
7988,23.0159.1569,23.159,Định lượng Troponin T [Máu],Hóa sinh,Include
7989,23.0160.1569,23.160,Định lượng Troponin Ths [Máu],Hóa sinh,Include
7990,23.0161.1569,23.161,Định lượng Troponin I [Máu],Hóa sinh,Include
7991,23.0162.1570,23.162,Định lượng TSH (Thyroid Stimulating hormone) [Máu],Hóa sinh,Include
7992,23.0163.1504,23.163,Định lượng Tobramycin [Máu],Hóa sinh,Include
7993,23.0166.1494,23.166,Định lượng Urê máu [Máu],Hóa sinh,Include
7994,23.0168.1498,23.168,Định lượng Vancomycin [Máu],Hóa sinh,Include
7995,23.0169.1571,23.169,Định lượng Vitamin B12 [Máu],Hóa sinh,Include
7996,23.0170.1546,23.170,Định lượng yếu tố tân tạo mạch máu (PLGF – Placental Growth Factor) [Máu],Hóa sinh,Include
7997,23.0171.1560,23.171,Định lượng yếu tố kháng tân tạo mạch máu (sFlt-1-solube FMS like tyrosinkinase-1) [Máu],Hóa sinh,Include
7998,23.0172.1580,23.172,"Điện giải (Na, K, Cl) (niệu)",Hóa sinh,Include
7999,23.0173.1575,23.173,Định tính Amphetamin (test nhanh) [niệu],Hóa sinh,Include
8000,23.0175.1576,23.175,Định lượng Amylase (niệu),Hóa sinh,Include
8001,23.0176.1598,23.176,Định lượng Axit Uric (niệu),Hóa sinh,Include
8002,23.0178.1463,23.178,Định lượng Benzodiazepin [niệu],Hóa sinh,Include
8003,23.0180.1577,23.180,Định lượng Canxi (niệu),Hóa sinh,Include
8004,23.0181.1578,23.181,Định lượng Catecholamin (niệu),Hóa sinh,Include
8005,23.0181.1475,23.181,Định lượng Catecholamin (niệu),Hóa sinh,Include
8006,23.0183.1480,23.183,Định lượng Cortisol (niệu),Hóa sinh,Include
8007,23.0184.1598,23.184,Định lượng Creatinin (niệu),Hóa sinh,Include
8008,23.0185.1506,23.185,Định lượng Dưỡng chấp [niệu],Hóa sinh,Include
8009,23.0186.1582,23.186,Định tính Dưỡng chấp [niệu],Hóa sinh,Include
8010,23.0187.1593,23.187,Định lượng Glucose (niệu),Hóa sinh,Include
8011,23.0188.1586,23.188,Định tính Marijuana (THC) (test nhanh) [niệu],Hóa sinh,Include
8012,23.0189.1587,23.189,Định lượng MAU (Micro Albumin Arine) [niệu],Hóa sinh,Include
8013,23.0193.1589,23.193,Định tính Opiate (test nhanh) [niệu],Hóa sinh,Include
8014,23.0194.1589,23.194,Định tính Morphin (test nhanh) [niệu],Hóa sinh,Include
8015,23.0195.1589,23.195,Định tính Codein (test nhanh) [niệu],Hóa sinh,Include
8016,23.0197.1590,23.197,Định lượng Phospho (niệu),Hóa sinh,Include
8017,23.0198.1602,23.198,Định tính Phospho hữu cơ [niệu],Hóa sinh,Include
8018,23.0199.1763,23.199,Định tính Porphyrin [niệu],Xét nghiệm độc chất,Include
8019,23.0200.1579,23.200,Điện di Protein nước tiểu (máy tự động),Hóa sinh,Include
8020,23.0201.1593,23.201,Định lượng Protein (niệu),Hóa sinh,Include
8021,23.0202.1592,23.202,Định tính Protein Bence -jones [niệu],Hóa sinh,Include
8022,23.0205.1598,23.205,Định lượng Urê (niệu),Hóa sinh,Include
8023,23.0206.1596,23.206,Tổng phân tích nước tiểu (Bằng máy tự động),Hóa sinh,Include
8024,23.0207.1604,23.207,Định lượng Clo (dịch não tuỷ),Hóa sinh,Include
8025,23.0208.1605,23.208,Định lượng Glucose (dịch não tuỷ),Hóa sinh,Include
8026,23.0209.1606,23.209,Phản ứng Pandy [dịch],Hóa sinh,Include
8027,23.0210.1607,23.210,Định lượng Protein (dịch não tuỷ),Hóa sinh,Include
8028,23.0211.1494,23.211,Định lượng Albumin (thuỷ dịch),Hóa sinh,Include
8029,23.0212.1494,23.212,Định lượng Globulin (thuỷ dịch),Hóa sinh,Include
8030,23.0213.1494,23.213,Định lượng Amylase (dịch),Hóa sinh,Include
8031,23.0214.1493,23.214,Định lượng Bilirubin toàn phần [dịch],Hóa sinh,Include
8032,23.0215.1506,23.215,Định lượng Cholesterol toàn phần (dịch chọc dò),Hóa sinh,Include
8033,23.0216.1494,23.216,Định lượng Creatinin (dịch),Hóa sinh,Include
8034,23.0217.1605,23.217,Định lượng Glucose (dịch chọc dò),Hóa sinh,Include
8035,23.0218.1534,23.218,Đo hoạt độ LDH (dịch chọc dò),Hóa sinh,Include
8036,23.0219.1494,23.219,Định lượng Protein (dịch chọc dò),Hóa sinh,Include
8037,23.0220.1608,23.220,Phản ứng Rivalta [dịch],Hóa sinh,Include
8038,23.0221.1506,23.221,Định lượng Triglycerid (dịch chọc dò),Hóa sinh,Include
8039,23.0222.1597,23.222,Đo tỷ trọng dịch chọc dò,Hóa sinh,Include
8040,23.0222.1596,23.222,Đo tỷ trọng dịch chọc dò,Hóa sinh,Include
8041,23.0223.1494,23.223,Định lượng Urê (dịch),Hóa sinh,Include
8042,23.0224.1456,23.224,ALA,Hóa sinh,Include
8043,23.0226.1467,23.226,Bổ thể trong huyết thanh,Hóa sinh,Include
8044,23.0227.1481,23.227,C-Peptid,Hóa sinh,Include
8045,23.0228.1483,23.228,Định lượng CRP,Hóa sinh,Include
8046,23.0229.1500,23.229,Định lượng Methotrexat,Hóa sinh,Include
8047,23.0230.1501,23.230,Định lượng p2PSA,Hóa sinh,Include
8048,23.0231.1502,23.231,Định lượng sắt chưa bão hòa huyết thanh,Hóa sinh,Include
8049,23.0232.1505,23.232,Định lượng Tranferin Receptor,Hóa sinh,Include
8050,23.0233.1509,23.233,Đo khả năng găn sắt toàn thể,Hóa sinh,Include
8051,23.0234.1510,23.234,Đường máu mao mạch,Hóa sinh,Include
8052,23.0235.1512,23.235,Erythropoietin,Hóa sinh,Include
8053,23.0235.1422,23.235,Erythropoietin,Dị ứng miễn dịch,Include
8054,23.0237.1521,23.237,Gross,Hóa sinh,Include
8055,23.0238.1526,23.238,Homocysteine,Hóa sinh,Include
8056,23.0239.1528,23.239,Inhibin A,Hóa sinh,Include
8057,23.0240.1537,23.240,Maclagan,Hóa sinh,Include
8058,23.0242.1542,23.242,Paracetamol,Hóa sinh,Include
8059,23.0243.1543,23.243,Phản ứng cố định bổ thể,Hóa sinh,Include
8060,23.0244.1544,23.244,Phản ứng CRP,Hóa sinh,Include
8061,23.0245.1556,23.245,Quinin/Cloroquin/Mefloquin,Hóa sinh,Include
8062,23.0246.1558,23.246,Salicylate,Hóa sinh,Include
8063,23.0247.1568,23.247,Tricyclic anti depressant,Hóa sinh,Include
8064,23.0248.1572,23.248,Xác định Bacturate trong máu,Hóa sinh,Include
8065,23.0250.1574,23.250,Xác định các yếu tố vi lượng Fe (sắt),Hóa sinh,Include
8066,23.0251.1581,23.251,DPD,Hóa sinh,Include
8067,23.0254.1585,23.254,Hydrocorticosteroid định lượng,Hóa sinh,Include
8068,23.0255.1588,23.255,Oestrogen toàn phần định lượng,Hóa sinh,Include
8069,23.0256.1599,23.256,Xentonic/ sắc tố mật/ muối mật/ urobilinogen,Hóa sinh,Include
8070,23.0257.1600,23.257,Amilase/ Trypsin/ Mucinase định tính,Hóa sinh,Include
8071,23.0258.1601,23.258,Bilirubin định tính,Hóa sinh,Include
8072,23.0259.1602,23.259,"Canxi, Phospho định tính",Hóa sinh,Include
8073,23.0260.1603,23.260,"Urobilin, Urobilinogen: Định tính",Hóa sinh,Include
8074,24.0001.1714,24.1,Vi khuẩn nhuộm soi,Vi sinh,Include
8075,24.0002.1720,24.2,Vi khuẩn test nhanh,Vi sinh,Include
8076,24.0003.1715,24.3,Vi khuẩn nuôi cấy và định danh phương pháp thông thường,Vi sinh,Include
8077,24.0004.1716,24.4,Vi khuẩn nuôi cấy và định danh hệ thống tự động,Vi sinh,Include
8078,24.0005.1716,24.5,"Vi khuẩn nuôi cấy, định danh và kháng thuốc hệ thống tự động",Vi sinh,Include
8079,24.0006.1723,24.6,Vi khuẩn kháng thuốc định tính,Vi sinh,Include
8080,24.0007.1723,24.7,Vi khuẩn kháng thuốc hệ thống tự động,Vi sinh,Include
8081,24.0008.1722,24.8,Vi khuẩn kháng thuốc định lượng (MIC) (cho 1 loại kháng sinh),Vi sinh,Include
8082,24.0010.1692,24.10,Vi khuẩn kỵ khí nuôi cấy và định danh,Vi sinh,Include
8083,24.0011.1713,24.11,Vi khuẩn khẳng định,Vi sinh,Include
8084,24.0012.1719,24.12,Vi khuẩn định danh PCR,Vi sinh,Include
8085,24.0013.1721,24.13,Vi khuẩn định danh giải trình tự gene,Vi sinh,Include
8086,24.0014.1719,24.14,Vi khuẩn kháng thuốc PCR,Vi sinh,Include
8087,24.0015.1721,24.15,Vi khuẩn kháng thuốc giải trình tự gene,Vi sinh,Include
8088,24.0016.1712,24.16,Vi hệ đường ruột,Vi sinh,Include
8089,24.0017.1714,24.17,AFB trực tiếp nhuộm Ziehl-Neelsen,Vi sinh,Include
8090,24.0018.1611,24.18,AFB trực tiếp nhuộm huỳnh quang,Vi sinh,Include
8091,24.0019.1685,24.19,Mycobacterium tuberculosis nuôi cấy môi trường lỏng,Vi sinh,Include
8092,24.0020.1684,24.20,Mycobacterium tuberculosis nuôi cấy môi trường đặc,Vi sinh,Include
8093,24.0021.1693,24.21,Mycobacterium tuberculosis Mantoux,Vi sinh,Include
8094,24.0022.1683,24.22,Mycobacterium tuberculosis kháng thuốc hàng 1 môi trường đặc,Vi sinh,Include
8095,24.0023.1678,24.23,Mycobacterium tuberculosis kháng thuốc hàng 1 môi trường lỏng,Vi sinh,Include
8096,24.0024.1679,24.24,Mycobacterium tuberculosis kháng thuốc hàng 2 môi trường đặc,Vi sinh,Exclude
8097,24.0025.1686,24.25,Mycobacterium tuberculosis kháng thuốc hàng 2 môi trường lỏng,Vi sinh,Exclude
8098,24.0026.1680,24.26,Mycobacterium tuberculosis kháng thuốc PZA môi trường lỏng,Vi sinh,Exclude
8099,24.0028.1682,24.28,Mycobacterium tuberculosis định danh và kháng RMP Xpert,Vi sinh,Exclude
8100,24.0029.1681,24.29,Mycobacterium tuberculosis đa kháng LPA,Vi sinh,Exclude
8101,24.0030.1688,24.30,Mycobacterium tuberculosis siêu kháng LPA,Vi sinh,Exclude
8102,24.0031.1686,24.31,Mycobacterium tuberculosis PCR hệ thống tự động,Vi sinh,Exclude
8103,24.0032.1687,24.32,Mycobacterium tuberculosis Real-time PCR,Vi sinh,Exclude
8104,24.0035.1685,24.35,NTM (Non tuberculosis mycobacteria) nuôi cấy môi trường lỏng,Vi sinh,Exclude
8105,24.0036.1684,24.36,NTM (Non tuberculosis mycobacteria) nuôi cấy môi trường đặc,Vi sinh,Exclude
8106,24.0037.1691,24.37,NTM (Non tuberculosis mycobacteria) định danh LPA,Vi sinh,Exclude
8107,24.0038.1651,24.38,NTM (Non tuberculosis mycobacteria) định danh Real-time PCR,Vi sinh,Exclude
8108,24.0039.1714,24.39,Mycobacterium leprae nhuộm soi,Vi sinh,Exclude
8109,24.0041.1714,24.41,Mycobacterium leprae mảnh sinh thiết,Vi sinh,Exclude
8110,24.0042.1714,24.42,Vibrio cholerae soi tươi,Vi sinh,Exclude
8111,24.0043.1714,24.43,Vibrio cholerae nhuộm soi,Vi sinh,Exclude
8112,24.0045.1716,24.45,"Vibrio cholerae nuôi cấy, định danh và kháng thuốc",Vi sinh,Exclude
8113,24.0047.1719,24.47,Vibrio cholerae Real-time PCR,Vi sinh,Exclude
8114,24.0048.1721,24.48,Vibrio cholerae giải trình tự gene,Vi sinh,Exclude
8115,24.0049.1714,24.49,Neisseria gonorrhoeae nhuộm soi,Vi sinh,Exclude
8116,24.0050.1716,24.50,"Neisseria gonorrhoeae nuôi cấy, định danh và kháng thuốc",Vi sinh,Exclude
8117,24.0051.1713,24.51,Neisseria gonorrhoeae PCR,Vi sinh,Exclude
8118,24.0052.1719,24.52,Neisseria gonorrhoeae Real-time PCR,Vi sinh,Exclude
8119,24.0053.1719,24.53,Neisseria gonorrhoeae Real-time PCR hệ thống tự động,Vi sinh,Exclude
8120,24.0055.1721,24.55,Neisseria gonorrhoeae kháng thuốc giải trình tự gene,Vi sinh,Exclude
8121,24.0056.1714,24.56,Neisseria meningitidis nhuộm soi,Vi sinh,Exclude
8122,24.0057.1716,24.57,"Neisseria meningitidis nuôi cấy, định danh và kháng thuốc",Vi sinh,Exclude
8123,24.0058.1686,24.58,Neisseria meningitidis PCR,Vi sinh,Exclude
8124,24.0059.1719,24.59,Neisseria meningitidis Real-time PCR,Vi sinh,Exclude
8125,24.0060.1627,24.60,Chlamydia test nhanh,Vi sinh,Exclude
8126,24.0062.1626,24.62,Chlamydia Ab miễn dịch bán tự động,Vi sinh,Exclude
8127,24.0063.1626,24.63,Chlamydia Ab miễn dịch tự động,Vi sinh,Exclude
8128,24.0064.1713,24.64,Chlamydia PCR,Vi sinh,Exclude
8129,24.0065.1719,24.65,Chlamydia Real-time PCR,Vi sinh,Exclude
8130,24.0066.1719,24.66,Chlamydia Real-time PCR hệ thống tự động,Vi sinh,Exclude
8131,24.0067.1721,24.67,Chlamydia giải trình tự gene,Vi sinh,Exclude
8132,24.0068.1692,24.68,"Clostridium nuôi cấy, định danh",Vi sinh,Exclude
8133,24.0069.1628,24.69,Clostridium difficile miễn dịch bán tự động,Vi sinh,Exclude
8134,24.0070.1628,24.70,Clostridium difficile miễn dịch tự động,Vi sinh,Exclude
8135,24.0071.1719,24.71,Clostridium difficile PCR,Vi sinh,Exclude
8136,24.0072.1714,24.72,Helicobacter pylori nhuộm soi,Vi sinh,Exclude
8137,24.0073.1658,24.73,Helicobacter pylori Ag test nhanh,Vi sinh,Exclude
8138,24.0075.1692,24.75,"Helicobacter pylori nuôi cấy, định danh và kháng thuốc",Vi sinh,Exclude
8139,24.0076.1717,24.76,Helicobacter pylori Ab miễn dịch bán tự động,Vi sinh,Exclude
8140,24.0078.1719,24.78,Helicobacter pylori Real-time PCR,Vi sinh,Exclude
8141,24.0079.1721,24.79,Helicobacter pylori giải trình tự gene,Vi sinh,Exclude
8142,24.0080.1675,24.80,Leptospira test nhanh,Vi sinh,Exclude
8143,24.0081.1719,24.81,Leptospira PCR,Vi sinh,Exclude
8144,24.0082.1689,24.82,Mycoplasma pneumoniae Ab miễn dịch bán tự động,Vi sinh,Exclude
8145,24.0082.1690,24.82,Mycoplasma pneumoniae Ab miễn dịch bán tự động,Vi sinh,Exclude
8146,24.0083.1689,24.83,Mycoplasma pneumoniae Ab miễn dịch tự động,Vi sinh,Exclude
8147,24.0083.1690,24.83,Mycoplasma pneumoniae Ab miễn dịch tự động,Vi sinh,Exclude
8148,24.0084.1719,24.84,Mycoplasma pneumoniae Real-time PCR,Vi sinh,Exclude
8149,24.0085.1720,24.85,Mycoplasma hominis test nhanh,Vi sinh,Exclude
8150,24.0087.1716,24.87,"Mycoplasma hominis nuôi cấy, định danh và kháng thuốc",Vi sinh,Exclude
8151,24.0089.1719,24.89,Mycoplasma hominis Real-time PCR,Vi sinh,Exclude
8152,24.0090.1696,24.90,Rickettsia Ab miễn dịch bán tự động,Vi sinh,Exclude
8153,24.0091.1696,24.91,Rickettsia Ab miễn dịch tự động,Vi sinh,Exclude
8154,24.0092.1719,24.92,Rickettsia PCR,Vi sinh,Exclude
8155,24.0093.1703,24.93,Salmonella Widal,Vi sinh,Exclude
8156,24.0094.1623,24.94,Streptococcus pyogenes ASO,Vi sinh,Exclude
8157,24.0095.1714,24.95,Treponema pallidum soi tươi,Vi sinh,Exclude
8158,24.0096.1714,24.96,Treponema pallidum nhuộm soi,Vi sinh,Exclude
8159,24.0098.1720,24.98,Treponema pallidum test nhanh,Vi sinh,Exclude
8160,24.0099.1707,24.99,Treponema pallidum RPR định tính và định lượng,Vi sinh,Exclude
8161,24.0099.1708,24.99,Treponema pallidum RPR định tính và định lượng,Vi sinh,Exclude
8162,24.0100.1709,24.100,Treponema pallidum TPHA định tính và định lượng,Vi sinh,Exclude
8163,24.0100.1710,24.100,Treponema pallidum TPHA định tính và định lượng,Vi sinh,Exclude
8164,24.0102.1719,24.102,Treponema pallidum Real-time PCR,Vi sinh,Exclude
8165,24.0103.1720,24.103,Ureaplasma urealyticum test nhanh,Vi sinh,Exclude
8166,24.0105.1716,24.105,"Ureaplasma urealyticum nuôi cấy, định danh và kháng thuốc",Vi sinh,Exclude
8167,24.0107.1719,24.107,Ureaplasma urealyticum Real-time PCR,Vi sinh,Exclude
8168,24.0108.1720,24.108,Virus test nhanh,Vi sinh,Exclude
8169,24.0109.1717,24.109,Virus Ag miễn dịch bán tự động,Vi sinh,Exclude
8170,24.0110.1717,24.110,Virus Ag miễn dịch tự động,Vi sinh,Exclude
8171,24.0111.1717,24.111,Virus Ab miễn dịch bán tự động,Vi sinh,Exclude
8172,24.0112.1717,24.112,Virus Ab miễn dịch tự động,Vi sinh,Exclude
8173,24.0114.1719,24.114,Virus PCR,Vi sinh,Exclude
8174,24.0115.1719,24.115,Virus Real-time PCR,Vi sinh,Exclude
8175,24.0116.1721,24.116,Virus giải trình tự gene,Vi sinh,Exclude
8176,24.0117.1646,24.117,HBsAg test nhanh,Vi sinh,Exclude
8177,24.0118.1649,24.118,HBsAg miễn dịch bán tự động,Vi sinh,Exclude
8178,24.0119.1649,24.119,HBsAg miễn dịch tự động,Vi sinh,Exclude
8179,24.0120.1648,24.120,HBsAg khẳng định,Vi sinh,Exclude
8180,24.0121.1647,24.121,HBsAg định lượng,Vi sinh,Exclude
8181,24.0122.1643,24.122,HBsAb test nhanh,Vi sinh,Exclude
8182,24.0123.1620,24.123,HBsAb miễn dịch bán tự động,Vi sinh,Exclude
8183,24.0124.1619,24.124,HBsAb định lượng,Vi sinh,Exclude
8184,24.0125.1614,24.125,HBc IgM miễn dịch bán tự động,Vi sinh,Exclude
8185,24.0126.1614,24.126,HBc IgM miễn dịch tự động,Vi sinh,Exclude
8186,24.0127.1643,24.127,HBcAb test nhanh,Vi sinh,Exclude
8187,24.0128.1618,24.128,HBc total miễn dịch bán tự động,Vi sinh,Exclude
8188,24.0129.1618,24.129,HBc total miễn dịch tự động,Vi sinh,Exclude
8189,24.0130.1645,24.130,HBeAg test nhanh,Vi sinh,Exclude
8190,24.0131.1644,24.131,HBeAg miễn dịch bán tự động,Vi sinh,Exclude
8191,24.0132.1644,24.132,HBeAg miễn dịch tự động,Vi sinh,Exclude
8192,24.0133.1643,24.133,HBeAb test nhanh,Vi sinh,Exclude
8193,24.0134.1615,24.134,HBeAb miễn dịch bán tự động,Vi sinh,Exclude
8194,24.0135.1615,24.135,HBeAb miễn dịch tự động,Vi sinh,Exclude
8195,24.0136.1651,24.136,HBV đo tải lượng Real-time PCR,Vi sinh,Exclude
8196,24.0137.1650,24.137,HBV đo tải lượng hệ thống tự động,Vi sinh,Exclude
8197,24.0139.1666,24.139,HBV genotype PCR,Vi sinh,Exclude
8198,24.0140.1718,24.140,HBV genotype Real-time PCR,Vi sinh,Exclude
8199,24.0141.1721,24.141,HBV genotype giải trình tự gene,Vi sinh,Exclude
8200,24.0142.1726,24.142,HBV kháng thuốc Real-time PCR (cho 1 loại thuốc),Vi sinh,Exclude
8201,24.0143.1721,24.143,HBV kháng thuốc giải trình tự gene,Vi sinh,Exclude
8202,24.0144.1621,24.144,HCV Ab test nhanh,Vi sinh,Exclude
8203,24.0145.1622,24.145,HCV Ab miễn dịch bán tự động,Vi sinh,Exclude
8204,24.0146.1622,24.146,HCV Ab miễn dịch tự động,Vi sinh,Exclude
8205,24.0147.1622,24.147,HCV Ag/Ab miễn dịch bán tự động,Vi sinh,Exclude
8206,24.0148.1622,24.148,HCV Ag/Ab miễn dịch tự động,Vi sinh,Exclude
8207,24.0149.1652,24.149,HCV Core Ag miễn dịch tự động,Vi sinh,Exclude
8208,24.0151.1654,24.151,HCV đo tải lượng Real-time PCR,Vi sinh,Exclude
8209,24.0152.1653,24.152,HCV đo tải lượng hệ thống tự động,Vi sinh,Exclude
8210,24.0153.1718,24.153,HCV genotype Real-time PCR,Vi sinh,Exclude
8211,24.0154.1721,24.154,HCV genotype giải trình tự gene,Vi sinh,Exclude
8212,24.0155.1696,24.155,HAV Ab test nhanh,Vi sinh,Exclude
8213,24.0156.1612,24.156,HAV IgM miễn dịch bán tự động,Vi sinh,Exclude
8214,24.0157.1612,24.157,HAV IgM miễn dịch tự động,Vi sinh,Exclude
8215,24.0158.1613,24.158,HAV total miễn dịch bán tự động,Vi sinh,Exclude
8216,24.0159.1613,24.159,HAV total miễn dịch tự động,Vi sinh,Exclude
8217,24.0160.1655,24.160,HDV Ag miễn dịch bán tự động,Vi sinh,Exclude
8218,24.0161.1657,24.161,HDV IgM miễn dịch bán tự động,Vi sinh,Exclude
8219,24.0162.1656,24.162,HDV Ab miễn dịch bán tự động,Vi sinh,Exclude
8220,24.0163.1696,24.163,HEV Ab test nhanh,Vi sinh,Exclude
8221,24.0164.1696,24.164,HEV IgM test nhanh,Vi sinh,Exclude
8222,24.0165.1660,24.165,HEV IgM miễn dịch bán tự động,Vi sinh,Exclude
8223,24.0166.1660,24.166,HEV IgM miễn dịch tự động,Vi sinh,Exclude
8224,24.0167.1659,24.167,HEV IgG miễn dịch bán tự động,Vi sinh,Exclude
8225,24.0168.1659,24.168,HEV IgG miễn dịch tự động,Vi sinh,Exclude
8226,24.0169.1616,24.169,HIV Ab test nhanh,Vi sinh,Exclude
8227,24.0170.2042,24.170,HIV Ag/Ab test nhanh,Vi sinh,Exclude
8228,24.0171.1617,24.171,HIV Ab miễn dịch bán tự động,Vi sinh,Exclude
8229,24.0172.1617,24.172,HIV Ab miễn dịch tự động,Vi sinh,Exclude
8230,24.0173.1661,24.173,HIV Ag/Ab miễn dịch bán tự động,Vi sinh,Exclude
8231,24.0174.1661,24.174,HIV Ag/Ab miễn dịch tự động,Vi sinh,Exclude
8232,24.0175.1663,24.175,HIV khẳng định (*),Vi sinh,Exclude
8233,24.0178.1719,24.178,HIV DNA Real-time PCR,Vi sinh,Exclude
8234,24.0179.1719,24.179,HIV đo tải lượng Real-time PCR,Vi sinh,Exclude
8235,24.0180.1662,24.180,HIV đo tải lượng hệ thống tự động,Vi sinh,Exclude
8236,24.0181.1721,24.181,HIV kháng thuốc giải trình tự gene,Vi sinh,Exclude
8237,24.0182.1721,24.182,HIV genotype giải trình tự gene,Vi sinh,Exclude
8238,24.0183.1637,24.183,Dengue virus NS1Ag test nhanh,Vi sinh,Exclude
8239,24.0184.1637,24.184,Dengue virus NS1Ag/IgM - IgG test nhanh,Vi sinh,Exclude
8240,24.0185.1720,24.185,Dengue virus IgA test nhanh,Vi sinh,Exclude
8241,24.0186.1635,24.186,Dengue virus NS1Ag miễn dịch bán tự động,Vi sinh,Exclude
8242,24.0187.1637,24.187,Dengue virus IgM/IgG test nhanh,Vi sinh,Exclude
8243,24.0188.1636,24.188,Dengue virus IgM miễn dịch bán tự động,Vi sinh,Exclude
8244,24.0189.1635,24.189,Dengue virus IgG miễn dịch bán tự động,Vi sinh,Exclude
8245,24.0191.1719,24.191,Dengue virus Real-time PCR,Vi sinh,Exclude
8246,24.0192.1686,24.192,Dengue virus serotype PCR,Vi sinh,Exclude
8247,24.0193.1632,24.193,CMV IgM miễn dịch bán tự động,Vi sinh,Exclude
8248,24.0194.1632,24.194,CMV IgM miễn dịch tự động,Vi sinh,Exclude
8249,24.0195.1631,24.195,CMV IgG miễn dịch bán tự động,Vi sinh,Exclude
8250,24.0196.1631,24.196,CMV IgG miễn dịch tự động,Vi sinh,Exclude
8251,24.0198.1633,24.198,CMV Real-time PCR,Vi sinh,Exclude
8252,24.0199.1630,24.199,CMV đo tải lượng hệ thống tự động,Vi sinh,Exclude
8253,24.0200.1629,24.200,CMV Avidity,Vi sinh,Exclude
8254,24.0202.1656,24.202,HSV 1 IgM miễn dịch tự động,Vi sinh,Exclude
8255,24.0204.1656,24.204,HSV 1 IgG miễn dịch tự động,Vi sinh,Exclude
8256,24.0206.1656,24.206,HSV 2 IgM miễn dịch tự động,Vi sinh,Exclude
8257,24.0208.1656,24.208,HSV 2 IgG miễn dịch tự động,Vi sinh,Exclude
8258,24.0209.1669,24.209,HSV 1+2 IgM miễn dịch bán tự động,Vi sinh,Exclude
8259,24.0210.1669,24.210,HSV 1+2 IgM miễn dịch tự động,Vi sinh,Exclude
8260,24.0211.1668,24.211,HSV 1+2 IgG miễn dịch bán tự động,Vi sinh,Exclude
8261,24.0212.1668,24.212,HSV 1+2 IgG miễn dịch tự động,Vi sinh,Exclude
8262,24.0213.1719,24.213,HSV Real-time PCR,Vi sinh,Exclude
8263,24.0215.1719,24.215,VZV Real-time PCR,Vi sinh,Exclude
8264,24.0216.1641,24.216,EBV-VCA IgM miễn dịch bán tự động,Vi sinh,Exclude
8265,24.0217.1641,24.217,EBV IgM miễn dịch tự động,Vi sinh,Exclude
8266,24.0218.1640,24.218,EBV-VCA IgG miễn dịch bán tự động,Vi sinh,Exclude
8267,24.0219.1640,24.219,EBV IgG miễn dịch tự động,Vi sinh,Exclude
8268,24.0220.1638,24.220,EBV EA-D IgG miễn dịch bán tự động,Vi sinh,Exclude
8269,24.0221.1639,24.221,EBV EB-NA IgG miễn dịch bán tự động,Vi sinh,Exclude
8270,24.0223.1719,24.223,EBV Real-time PCR,Vi sinh,Exclude
8271,24.0225.2041,24.225,EV71 IgM/IgG test nhanh,Vi sinh,Exclude
8272,24.0227.1719,24.227,EV71 Real-time PCR,Vi sinh,Exclude
8273,24.0228.1721,24.228,EV71 genotype giải trình tự gene,Vi sinh,Exclude
8274,24.0230.1719,24.230,Enterovirus Real-time PCR,Vi sinh,Exclude
8275,24.0231.1721,24.231,Enterovirus genotype giải trình tự gene,Vi sinh,Exclude
8276,24.0232.1719,24.232,Adenovirus Real-time PCR,Vi sinh,Exclude
8277,24.0233.1625,24.233,BK/JC virus Real-time PCR,Vi sinh,Exclude
8278,24.0235.1719,24.235,Coronavirus Real-time PCR,Vi sinh,Exclude
8279,24.0236.1627,24.236,Hantavirus test nhanh,Vi sinh,Exclude
8280,24.0239.1667,24.239,HPV Real-time PCR,Vi sinh,Exclude
8281,24.0240.1718,24.240,HPV genotype Real-time PCR,Vi sinh,Exclude
8282,24.0241.1666,24.241,HPV genotype PCR hệ thống tự động,Vi sinh,Exclude
8283,24.0242.1721,24.242,HPV genotype giải trình tự gene,Vi sinh,Exclude
8284,24.0243.1671,24.243,"Influenza virus A, B test nhanh",Vi sinh,Exclude
8285,24.0244.1670,24.244,"Influenza virus A, B Real-time PCR (*)",Vi sinh,Exclude
8286,24.0245.1721,24.245,"Influenza virus A, B giải trình tự gene (*)",Vi sinh,Exclude
8287,24.0246.1673,24.246,JEV IgM miễn dịch bán tự động,Vi sinh,Exclude
8288,24.0247.1676,24.247,Measles virus Ab miễn dịch bán tự động,Vi sinh,Exclude
8289,24.0247.1677,24.247,Measles virus Ab miễn dịch bán tự động,Vi sinh,Exclude
8290,24.0248.1676,24.248,Measles virus Ab miễn dịch tự động,Vi sinh,Exclude
8291,24.0248.1677,24.248,Measles virus Ab miễn dịch tự động,Vi sinh,Exclude
8292,24.0249.1697,24.249,Rotavirus test nhanh,Vi sinh,Exclude
8293,24.0251.1719,24.251,Rotavirus PCR,Vi sinh,Exclude
8294,24.0252.1698,24.252,RSV Ab miễn dịch bán tự động,Vi sinh,Exclude
8295,24.0253.1719,24.253,RSV Real-time PCR,Vi sinh,Exclude
8296,24.0254.1701,24.254,Rubella virus Ab test nhanh,Vi sinh,Exclude
8297,24.0255.1700,24.255,Rubella virus IgM miễn dịch bán tự động,Vi sinh,Exclude
8298,24.0256.1700,24.256,Rubella virus IgM miễn dịch tự động,Vi sinh,Exclude
8299,24.0257.1699,24.257,Rubella virus IgG miễn dịch bán tự động,Vi sinh,Exclude
8300,24.0258.1699,24.258,Rubella virus IgG miễn dịch tự động,Vi sinh,Exclude
8301,24.0259.1702,24.259,Rubella virus Avidity,Vi sinh,Exclude
8302,24.0261.1719,24.261,Rubella virus Real-time PCR,Vi sinh,Exclude
8303,24.0262.1721,24.262,Rubella virus giải trình tự gene,Vi sinh,Exclude
8304,24.0263.1665,24.263,"Hồng cầu, bạch cầu trong phân soi tươi",Vi sinh,Exclude
8305,24.0264.1664,24.264,Hồng cầu trong phân test nhanh,Vi sinh,Exclude
8306,24.0265.1674,24.265,Đơn bào đường ruột soi tươi,Vi sinh,Exclude
8307,24.0266.1674,24.266,Đơn bào đường ruột nhuộm soi,Vi sinh,Exclude
8308,24.0267.1674,24.267,"Trứng giun, sán soi tươi",Vi sinh,Exclude
8309,24.0268.1674,24.268,Trứng giun soi tập trung,Vi sinh,Exclude
8310,24.0269.1674,24.269,Strongyloides stercoralis (Giun lươn) ấu trùng soi tươi,Vi sinh,Exclude
8311,24.0270.1720,24.270,Cryptosporidium test nhanh,Vi sinh,Exclude
8312,24.0272.1717,24.272,Angiostrogylus cantonensis (Giun tròn chuột) Ab miễn dịch bán tự động,Vi sinh,Exclude
8313,24.0273.1717,24.273,Angiostrogylus cantonensis (Giun tròn chuột) Ab miễn dịch tự động,Vi sinh,Exclude
8314,24.0274.1717,24.274,Clonorchis/Opisthorchis (Sán lá gan nhỏ) Ab miễn dịch bán tự động,Vi sinh,Exclude
8315,24.0275.1717,24.275,Clonorchis/Opisthorchis (Sán lá gan nhỏ) Ab miễn dịch tự động,Vi sinh,Exclude
8316,24.0276.1717,24.276,Cysticercus cellulosae (Sán lợn) Ab miễn dịch bán tự động,Vi sinh,Exclude
8317,24.0277.1717,24.277,Cysticercus cellulosae (Sán lợn) Ab miễn dịch tự động,Vi sinh,Exclude
8318,24.0278.1717,24.278,Echinococcus granulosus (Sán dây chó) Ab miễn dịch bán tự động,Vi sinh,Exclude
8319,24.0279.1717,24.279,Echinococcus granulosus (Sán dây chó) Ab miễn dịch tự động,Vi sinh,Exclude
8320,24.0280.1717,24.280,Entamoeba histolytica (Amip) Ab miễn dịch bán tự động,Vi sinh,Exclude
8321,24.0281.1703,24.281,Entamoeba histolytica(Amip) Ab miễn dịch tự động,Vi sinh,Exclude
8322,24.0282.1703,24.282,Fasciola (Sán lá gan lớn) Ab miễn dịch bán tự động,Vi sinh,Exclude
8323,24.0283.1703,24.283,Fasciola (Sán lá gan lớn) Ab miễn dịch tự động,Vi sinh,Exclude
8324,24.0284.1674,24.284,Filaria (Giun chỉ) ấu trùng trong máu nhuộm soi,Vi sinh,Exclude
8325,24.0285.1717,24.285,Gnathostoma (Giun đầu gai) Ab miễn dịch bán tự động,Vi sinh,Exclude
8326,24.0286.1717,24.286,Gnathostoma (Giun đầu gai) Ab miễn dịch tự động,Vi sinh,Exclude
8327,24.0287.1717,24.287,Paragonimus (Sán lá phổi) Ab miễn dịch bán tự động,Vi sinh,Exclude
8328,24.0288.1717,24.288,Paragonimus (Sán lá phổi) Ab miễn dịch tự động,Vi sinh,Exclude
8329,24.0289.1694,24.289,Plasmodium (Ký sinh trùng sốt rét) nhuộm soi định tính,Vi sinh,Exclude
8330,24.0290.1694,24.290,Plasmodium (Ký sinh trùng sốt rét) nhuộm soi định lượng,Vi sinh,Exclude
8331,24.0291.1720,24.291,Plasmodium (Ký sinh trùng sốt rét) Ag test nhanh,Vi sinh,Exclude
8332,24.0292.1717,24.292,Schistosoma (Sán máng) Ab miễn dịch bán tự động,Vi sinh,Exclude
8333,24.0293.1717,24.293,Schistosoma (Sán máng) Ab miễn dịch tự động,Vi sinh,Exclude
8334,24.0294.1717,24.294,Strongyloides stercoralis (Giun lươn) Ab miễn dịch bán tự động,Vi sinh,Exclude
8335,24.0295.1717,24.295,Strongyloides stercoralis (Giun lươn) Ab miễn dịch tự động,Vi sinh,Exclude
8336,24.0296.1717,24.296,"Toxocara (Giun đũa chó, mèo) Ab miễn dịch bán tự động",Vi sinh,Exclude
8337,24.0297.1717,24.297,"Toxocara (Giun đũa chó, mèo) Ab miễn dịch tự động",Vi sinh,Exclude
8338,24.0298.1706,24.298,Toxoplasma IgM miễn dịch bán tự động,Vi sinh,Exclude
8339,24.0299.1706,24.299,Toxoplasma IgM miễn dịch tự động,Vi sinh,Exclude
8340,24.0300.1705,24.300,Toxoplasma IgG miễn dịch bán tự động,Vi sinh,Exclude
8341,24.0301.1705,24.301,Toxoplasma IgG miễn dịch tự động,Vi sinh,Exclude
8342,24.0302.1704,24.302,Toxoplasma Avidity,Vi sinh,Exclude
8343,24.0303.1717,24.303,Trichinella spiralis (Giun xoắn) Ab miễn dịch bán tự động,Vi sinh,Exclude
8344,24.0304.1717,24.304,Trichinella spiralis (Giun xoắn) Ab miễn dịch tự động,Vi sinh,Exclude
8345,24.0305.1674,24.305,Demodex soi tươi,Vi sinh,Exclude
8346,24.0306.1674,24.306,Demodex nhuộm soi,Vi sinh,Exclude
8347,24.0307.1674,24.307,Phthirus pubis (Rận mu) soi tươi,Vi sinh,Exclude
8348,24.0308.1674,24.308,Phthirus pubis (Rận mu) nhuộm soi,Vi sinh,Exclude
8349,24.0309.1674,24.309,Sarcoptes scabies hominis (Ghẻ) soi tươi,Vi sinh,Exclude
8350,24.0310.1674,24.310,Sarcoptes scabies hominis (Ghẻ) nhuộm soi,Vi sinh,Exclude
8351,24.0311.1674,24.311,Cysticercus cellulosae (Sán lợn) ấu trùng soi mảnh sinh thiết,Vi sinh,Exclude
8352,24.0312.1674,24.312,Gnathostoma ấu trùng soi mảnh sinh thiết,Vi sinh,Exclude
8353,24.0313.1674,24.313,Pneumocystis jirovecii nhuộm soi,Vi sinh,Exclude
8354,24.0314.1674,24.314,Taenia (Sán dây) soi tươi định danh,Vi sinh,Exclude
8355,24.0315.1674,24.315,"Toxocara (Giun đũa chó, mèo) soi mảnh sinh thiết",Vi sinh,Exclude
8356,24.0316.1674,24.316,Trichinella spiralis (Giun xoắn) soi mảnh sinh thiết,Vi sinh,Exclude
8357,24.0317.1674,24.317,Trichomonas vaginalis soi tươi,Vi sinh,Exclude
8358,24.0318.1674,24.318,Trichomonas vaginalis nhuộm soi,Vi sinh,Exclude
8359,24.0319.1674,24.319,Vi nấm soi tươi,Vi sinh,Exclude
8360,24.0320.1720,24.320,Vi nấm test nhanh,Vi sinh,Exclude
8361,24.0321.1674,24.321,Vi nấm nhuộm soi,Vi sinh,Exclude
8362,24.0322.1724,24.322,Vi nấm nuôi cấy và định danh phương pháp thông thường,Vi sinh,Exclude
8363,24.0323.1716,24.323,Vi nấm nuôi cấy và định danh hệ thống tự động,Vi sinh,Exclude
8364,24.0326.1722,24.326,Vi nấm kháng thuốc định lượng (MIC) (cho 1 loại kháng sinh),Vi sinh,Exclude
8365,24.0327.1719,24.327,Vi nấm PCR,Vi sinh,Exclude
8366,24.0328.1721,24.328,Vi nấm giải trình tự gene,Vi sinh,Exclude
8367,24.0338.1634,24.338,Cryptococcus test nhanh,Vi sinh,Exclude
8368,24.0339.1695,24.339,Pneumocystis miễn dịch bán tự động,Vi sinh,Exclude
8369,24.0348.1717,24.348,Vi nấm Ag miễn dịch tự động,Vi sinh,Exclude
8370,24.0349.1717,24.349,Vi nấm Ag miễn dịch bán tự động,Vi sinh,Exclude
8371,24.0350.1717,24.350,Vi nấm Ab miễn dịch tự động,Vi sinh,Exclude
8372,24.0351.1717,24.351,Vi nấm Ab miễn dịch bán tự động,Vi sinh,Exclude
8373,24.0353.1719,24.353,Vi khuẩn Real-time PCR,Vi sinh,Exclude
8374,24.0354.1719,24.354,Vi nấm Real-time PCR,Vi sinh,Exclude
8375,24.0360.1727,24.360,Xét nghiệm cặn dư phân,Vi sinh,Exclude
8376,25.0007.1758,25.7,Chọc hút kim nhỏ tuyến giáp,Giải phẫu bệnh lý,Exclude
8377,25.0013.1758,25.13,"Chọc hút kim nhỏ các khối sưng, khối u dưới da",Giải phẫu bệnh lý,Exclude
8378,25.0014.1758,25.14,Chọc hút kim nhỏ tuyến nước bọt,Giải phẫu bệnh lý,Exclude
8379,25.0015.1758,25.15,Chọc hút kim nhỏ các hạch,Giải phẫu bệnh lý,Exclude
8380,25.0016.1730,25.16,"Chọc hút kim nhỏ mào tinh, tinh hoàn không dưới hướng dẫn của siêu âm",Giải phẫu bệnh lý,Exclude
8381,25.0018.1758,25.18,Chọc hút kim nhỏ các tổn thương hốc mắt,Giải phẫu bệnh lý,Exclude
8382,25.0019.1758,25.19,Chọc hút kim nhỏ mô mềm,Giải phẫu bệnh lý,Exclude
8383,25.0020.1735,25.20,"Tế bào học dịch màng bụng, màng tim",Giải phẫu bệnh lý,Exclude
8384,25.0021.1735,25.21,Tế bào học dịch màng khớp,Giải phẫu bệnh lý,Exclude
8385,25.0022.1735,25.22,Tế bào học nước tiểu,Giải phẫu bệnh lý,Exclude
8386,25.0023.1735,25.23,Tế bào học đờm,Giải phẫu bệnh lý,Exclude
8387,25.0024.1735,25.24,Tế bào học dịch chải phế quản,Giải phẫu bệnh lý,Exclude
8388,25.0025.1735,25.25,Tế bào học dịch rửa phế quản,Giải phẫu bệnh lý,Exclude
8389,25.0026.1735,25.26,Tế bào học dịch các tổn thương dạng nang,Giải phẫu bệnh lý,Exclude
8390,25.0027.1735,25.27,Tế bào học dịch rửa ổ bụng,Giải phẫu bệnh lý,Exclude
8391,25.0029.1751,25.29,"Xét nghiệm mô bệnh học thường quy cố định, chuyển, đúc, cắt, nhuộm… các bệnh phẩm tử thiết",Giải phẫu bệnh lý,Exclude
8392,25.0030.1751,25.30,"Xét nghiệm mô bệnh học thường quy cố định, chuyển, đúc, cắt, nhuộm…các bệnh phẩm sinh thiết",Giải phẫu bệnh lý,Exclude
8393,25.0032.1748,25.32,Quy trình nhuộm đỏ Congo kiềm (theo Puchtler 1962),Giải phẫu bệnh lý,Exclude
8394,25.0033.1752,25.33,Nhuộm lipit trung tính và axit bằng sulfat xanh lơ Nil theo Dunnigan,Giải phẫu bệnh lý,Exclude
8395,25.0034.1752,25.34,Nhuộm lipit trung tính và axit bằng sulfat xanh lơ Nil theo Menschick,Giải phẫu bệnh lý,Exclude
8396,25.0035.1753,25.35,Nhuộm PAS Periodic Acid Schiff,Giải phẫu bệnh lý,Exclude
8397,25.0036.1756,25.36,Nhuộm xanh alcian,Giải phẫu bệnh lý,Exclude
8398,25.0037.1751,25.37,Nhuộm hai màu Hematoxyline- Eosin,Giải phẫu bệnh lý,Exclude
8399,25.0038.1755,25.38,Nhuộm ba màu theo phương Nhuộm 3 màu của Masson (i929),Giải phẫu bệnh lý,Exclude
8400,25.0040.1754,25.40,Nhuộm May – Grunwald- Giemsa cho tủy xương,Giải phẫu bệnh lý,Exclude
8401,25.0049.1750,25.49,Nhuộm Grocott,Giải phẫu bệnh lý,Exclude
8402,25.0050.1754,25.50,Nhuộm xanh Phổ Perl phát hiện ion sắt,Giải phẫu bệnh lý,Exclude
8403,25.0052.1750,25.52,Nhuộm Fer Colloidal de Hale (cải biên theo Muller và Mowry),Giải phẫu bệnh lý,Exclude
8404,25.0054.1750,25.54,Nhuộm Gomori cho sợi võng,Giải phẫu bệnh lý,Exclude
8405,25.0055.1754,25.55,Nhuộm aldehyde fuchsin cho sợi chun,Giải phẫu bệnh lý,Exclude
8406,25.0059.1749,25.59,Nhuộm Giemsa trên mảnh cắt mô phát hiện HP,Giải phẫu bệnh lý,Exclude
8407,25.0060.1723,25.60,Nhuộm HE trên phiến đồ tế bào học,Vi sinh,Exclude
8408,25.0061.1746,25.61,Nhuộm hóa mô miễn dịch cho mỗi một dấu ấn,Giải phẫu bệnh lý,Exclude
8409,25.0062.1746,25.62,Nhuộm miễn dịch huỳnh quang gián tiếp phát hiện kháng nguyên,Giải phẫu bệnh lý,Exclude
8410,25.0063.1746,25.63,Nhuộm miễn dịch huỳnh quang trực tiếp phát hiện kháng nguyên,Giải phẫu bệnh lý,Exclude
8411,25.0064.1746,25.64,Nhuộm miễn dịch huỳnh quang gián tiếp phát hiện kháng thể,Giải phẫu bệnh lý,Exclude
8412,25.0065.1746,25.65,Nhuộm ức chế huỳnh quang phát hiện kháng thể,Giải phẫu bệnh lý,Exclude
8413,25.0066.1746,25.66,Nhuộm kháng bổ thể huỳnh quang phát hiện kháng thể,Giải phẫu bệnh lý,Exclude
8414,25.0067.1754,25.67,Nhuộm Shorr,Giải phẫu bệnh lý,Exclude
8415,25.0068.1754,25.68,Nhuộm Glycogen theo Best,Giải phẫu bệnh lý,Exclude
8416,25.0069.1756,25.69,Nhuộm PAS kết hợp xanh Alcian,Giải phẫu bệnh lý,Exclude
8417,25.0071.1750,25.71,Nhuộm Gomori chì phát hiện phosphatase acid,Giải phẫu bệnh lý,Exclude
8418,25.0072.1752,25.72,Nhuộm Mucicarmin,Giải phẫu bệnh lý,Exclude
8419,25.0074.1736,25.74,Nhuộm phiến đồ tế bào theo Papanicolaou,Giải phẫu bệnh lý,Exclude
8420,25.0075.1735,25.75,Nhuộm Diff – Quick,Giải phẫu bệnh lý,Exclude
8421,25.0077.1735,25.77,Nhuộm May Grunwald – Giemsa,Giải phẫu bệnh lý,Exclude
8422,25.0078.1745,25.78,Xét nghiệm tế bào học bằng phương pháp Liqui Prep,Giải phẫu bệnh lý,Exclude
8423,25.0079.1744,25.79,Cell bloc (khối tế bào),Giải phẫu bệnh lý,Exclude
8424,25.0081.1743,25.81,Xét nghiệm SISH,Giải phẫu bệnh lý,Exclude
8425,25.0084.1743,25.84,Xét nghiệm lai tại chỗ gắn màu (CISH),Giải phẫu bệnh lý,Exclude
8426,25.0085.1742,25.85,Xét nghiệm lai tại chỗ gắn bạc hai màu (Dual-ISH),Giải phẫu bệnh lý,Exclude
8427,25.0089.1735,25.89,Xét nghiệm tế bào học áp nhuộm thường quy,Giải phẫu bệnh lý,Exclude
8428,25.0090.1757,25.90,Xét nghiệm sinh thiết tức thì bằng cắt lạnh,Giải phẫu bệnh lý,Exclude
8429,25.0092.1738,25.92,Xét nghiệm đột biến gen Her 2,Giải phẫu bệnh lý,Exclude
8430,25.0093.1739,25.93,Xét nghiệm đột biến gen EGFR,Giải phẫu bệnh lý,Exclude
8431,25.0094.1740,25.94,Xét nghiệm đột biến gen KRAS,Giải phẫu bệnh lý,Exclude
8432,25.0095.1738,25.95,Xét nghiệm đột biến gen BRAF,Giải phẫu bệnh lý,Exclude
8433,25.0096.1740,25.96,Xét nghiệm đột biến gen NRAS,Giải phẫu bệnh lý,Exclude
8434,25.0110.1302,25.110,Phân tích tính đa hình gen DPYD,Huyết học,Exclude
8435,25.0116.1747,25.116,Xét nghiệm và chẩn đoán miễn dịch huỳnh quang cho bộ 6 kháng thể để chẩn đoán mô bệnh học,Giải phẫu bệnh lý,Exclude
8436,26.0001.0380,26.1,Phẫu thuật vi phẫu u não nền sọ,Ngoại khoa,Exclude
8437,26.0002.0381,26.2,Phẫu thuật vi phẫu u não thất,Ngoại khoa,Exclude
8438,26.0003.0379,26.3,Phẫu thuật vi phẫu u não đường giữa,Ngoại khoa,Exclude
8439,26.0004.0387,26.4,Phẫu thuật vi phẫu dị dạng mạch não,Ngoại khoa,Exclude
8440,26.0005.0979,26.5,Phẫu thuật vi phẫu nối ghép thần kinh,Tai Mũi Họng,Exclude
8441,26.0006.0388,26.6,Phẫu thuật vi phẫu nối hoặc ghép mạch nội sọ,Ngoại khoa,Exclude
8442,26.0007.0552,26.7,Phẫu thuật vi phẫu ghép sau cắt đoạn xương hàm bằng xương mác,Ngoại khoa,Exclude
8443,26.0008.0552,26.8,Phẫu thuật vi phẫu ghép sau cắt đoạn xương hàm bằng xương mào chậu,Ngoại khoa,Exclude
8444,26.0009.0552,26.9,Phẫu thuật vi phẫu ghép sau cắt đoạn xương hàm bằng xương đòn,Ngoại khoa,Exclude
8445,26.0010.1078,26.10,Phẫu thuật vi phẫu tạo hình các khuyết hổng lớn vùng hàm mặt sử dụng vạt ngực,Răng Hàm Mặt,Exclude
8446,26.0011.1078,26.11,Phẫu thuật vi phẫu tạo hình các khuyết hổng lớn vùng hàm mặt sử dụng vạt lưng,Răng Hàm Mặt,Exclude
8447,26.0012.1078,26.12,Phẫu thuật vi phẫu tạo hình các khuyết hổng lớn vùng hàm mặt sử dụng vạt cơ thon,Răng Hàm Mặt,Exclude
8448,26.0013.0578,26.13,Phẫu thuật vi phẫu tạo hình các khuyết hổng lớn vùng hàm mặt sử dụng vạt cơ Delta,Ngoại khoa,Exclude
8449,26.0013.1078,26.13,Phẫu thuật vi phẫu tạo hình các khuyết hổng lớn vùng hàm mặt sử dụng vạt cơ Delta,Răng Hàm Mặt,Exclude
8450,26.0014.0369,26.14,Phẫu thuật vi phẫu điều trị đau dây tam thoa phương pháp Janneta,Ngoại khoa,Exclude
8451,26.0015.1078,26.15,"Phẫu thuật vi phẫu tạo hình các khuyết hổng lớn vùng hàm mặt sử dụng vạt tự do (cơ, xương, da, vạt phức hợp …)",Răng Hàm Mặt,Exclude
8452,26.0016.0388,26.16,Phẫu thuật vi phẫu nối lại da đầu,Ngoại khoa,Exclude
8453,26.0017.1203,26.17,"Phẫu thuật vi phẫu các bộ phận ở đầu, mặt bị đứt rời (mũi, tai, môi…)",Vi phẫu,Exclude
8454,26.0018.0578,26.18,"Phẫu thuật vi phẫu tái tạo lại các bộ phận ở đầu, mặt (da đầu, mũi, tai, môi…)",Ngoại khoa,Exclude
8455,26.0019.0943,26.19,Phẫu thuật vi phẫu sử dụng laser cắt dây thanh và sụn phễu một bên,Tai Mũi Họng,Exclude
8456,26.0020.0943,26.20,Phẫu thuật vi phẫu sử dụng laser cắt dây thanh,Tai Mũi Họng,Exclude
8457,26.0021.0978,26.21,Phẫu thuật vi phẫu chỉnh hình sẹo hẹp thanh khí quản,Tai Mũi Họng,Exclude
8458,26.0022.0978,26.22,Phẫu thuật vi phẫu chỉnh hình sẹo hẹp thanh khí quản kèm ghép sụn sườn,Tai Mũi Họng,Exclude
8459,26.0023.0978,26.23,Phẫu thuật vi phẫu sử dụng laser cắt sẹo sau cắt thanh quản,Tai Mũi Họng,Exclude
8460,26.0024.0978,26.24,Phẫu thuật vi phẫu cắt dây thanh,Tai Mũi Họng,Exclude
8461,26.0025.0978,26.25,Phẫu thuật vi phẫu cắt sẹo sau cắt thanh quản,Tai Mũi Họng,Exclude
8462,26.0026.0978,26.26,Phẫu thuật vi phẫu thanh quản,Tai Mũi Họng,Exclude
8463,26.0028.0578,26.28,Tạo hình vú bằng vi phẫu thuật sử dụng vạt tự do,Ngoại khoa,Exclude
8464,26.0030.0578,26.30,Tạo hình âm đạo hoặc tầng sinh môn bằng vi phẫu thuật sử dụng vạt tự do,Ngoại khoa,Exclude
8465,26.0031.0578,26.31,Tái tạo bộ phận sinh dục bằng vi phẫu thuật sử dụng vạt tự do,Ngoại khoa,Exclude
8466,26.0032.0578,26.32,"Phủ khuyết rộng trên cơ thể bằng ghép vi phẫu mạc nối, kết hợp với ghép da kinh điển",Ngoại khoa,Exclude
8467,26.0033.0578,26.33,Chuyển vạt da có nối hoặc ghép mạch vi phẫu,Ngoại khoa,Exclude
8468,26.0034.0553,26.34,Chuyển vạt xương có nối hoặc ghép mạch vi phẫu,Ngoại khoa,Exclude
8469,26.0035.0578,26.35,Chuyển vạt cơ có nối hoặc ghép mạch vi phẫu,Ngoại khoa,Exclude
8470,26.0036.0573,26.36,Phẫu thuật tái tạo các tổn khuyết bằng vạt vi phẫu,Ngoại khoa,Exclude
8471,26.0037.0573,26.37,Phẫu thuật vi phẫu nối dương vật đứt rời,Ngoại khoa,Exclude
8472,26.0039.0552,26.39,"Phẫu thuật vi phẫu nối các mạch máu, thần kinh trong nối lại cánh tay/cẳng tay bị cắt rời",Ngoại khoa,Exclude
8473,26.0040.0552,26.40,"Phẫu thuật vi phẫu nối các mạch máu, thần kinh trong nối lại chi dưới bị cắt rời",Ngoại khoa,Exclude
8474,26.0041.0552,26.41,"Phẫu thuật vi phẫu nối các mạch máu, thần kinh trong nối lại 4 ngón tay bị cắt rời",Ngoại khoa,Exclude
8475,26.0042.0552,26.42,"Phẫu thuật vi phẫu nối các mạch máu, thần kinh trong nối lại 3 ngón tay bị cắt rời",Ngoại khoa,Exclude
8476,26.0043.0552,26.43,"Phẫu thuật vi phẫu nối các mạch máu, thần kinh trong nối lại 2 ngón tay bị cắt rời",Ngoại khoa,Exclude
8477,26.0044.0552,26.44,"Phẫu thuật vi phẫu nối các mạch máu, thần kinh trong nối lại 1 ngón tay bị cắt rời",Ngoại khoa,Exclude
8478,26.0045.0552,26.45,"Phẫu thuật vi phẫu nối các mạch máu, thần kinh trong nối lại bàn và các ngón tay bị cắt rời",Ngoại khoa,Exclude
8479,26.0046.0578,26.46,"Chuyển vạt phức hợp (da, cơ, xương, thần kinh…) có nối hoặc ghép mạch vi phẫu",Ngoại khoa,Exclude
8480,26.0047.0578,26.47,Tạo hình dương vật bằng vi phẫu thuật,Ngoại khoa,Exclude
8481,26.0048.0552,26.48,"phẫu thuật vi phẫu nối các mạch máu, thần kinh trong nối lại 5 ngón tay bị cắt rời",Ngoại khoa,Exclude
8482,26.0049.0552,26.49,"phẫu thuật vi phẫu nối các mạch máu, thần kinh trong nối lại 6 ngón tay bị cắt rời",Ngoại khoa,Exclude
8483,26.0050.0552,26.50,"phẫu thuật vi phẫu nối các mạch máu, thần kinh trong nối lại 7 ngón tay bị cắt rời",Ngoại khoa,Exclude
8484,26.0051.0552,26.51,"phẫu thuật vi phẫu nối các mạch máu, thần kinh trong nối lại 8 ngón tay bị cắt rời",Ngoại khoa,Exclude
8485,26.0052.0552,26.52,"phẫu thuật vi phẫu nối các mạch máu, thần kinh trong nối lại 9 ngón tay bị cắt rời",Ngoại khoa,Exclude
8486,26.0053.0552,26.53,"phẫu thuật vi phẫu nối các mạch máu, thần kinh trong nối lại 10 ngón tay bị cắt rời",Ngoại khoa,Exclude
8487,26.0054.0578,26.54,"Phẫu thuật chuyển vạt cơ chức năng có nối hoặc ghép mạch máu, thần kinh vi phẫu",Ngoại khoa,Exclude
8488,26.0055.0578,26.55,"Phẫu thuật chuyển vạt da phục hồi cảm giác có nối hoặc ghép mạch máu, thần kinh vi phẫu",Ngoại khoa,Exclude
8489,26.0056.0552,26.56,Tái tạo ngón tay bằng ngón chân có sử dụng vi phẫu,Ngoại khoa,Exclude
8490,26.0057.1203,26.57,Ghép thần kinh có mạch nuôi bằng vi phẫu,Vi phẫu,Exclude
8491,26.0058.0578,26.58,Chuyển hoặc ghép thần kinh bằng vi phẫu thuật,Ngoại khoa,Exclude
8492,26.0059.0578,26.59,Chuyển vạt cơ có nối hoặc ghép mạch vi phẫu,Ngoại khoa,Exclude
8493,26.0060.0578,26.60,Phẫu thuật tái tạo các tổn khuyết bằng vạt vi phẫu,Ngoại khoa,Exclude
8494,27.0003.0974,27.3,Phẫu thuật nội soi hàm sàng trán bướm,Tai Mũi Họng,Exclude
8495,27.0005.0974,27.5,Phẫu thuật nội soi nạo sàng trước / sau,Tai Mũi Họng,Exclude
8496,27.0007.0969,27.7,Phẫu thuật nội soi cắt cuốn mũi dưới,Tai Mũi Họng,Exclude
8497,27.0010.0970,27.10,Phẫu thuật nội soi chỉnh hình vách ngăn,Tai Mũi Họng,Exclude
8498,27.0011.0974,27.11,Phẫu thuật nội soi cắt bán phần xương hàm trên medial maxillectomy,Tai Mũi Họng,Exclude
8499,27.0012.0974,27.12,Phẫu thuật nội soi sào bào thượng nhĩ (kín / hở),Tai Mũi Họng,Exclude
8500,27.0017.0963,27.17,Phẫu thuật nội soi cắt u xơ vòm mũi,Tai Mũi Họng,Exclude
8501,27.0018.0972,27.18,Phẫu thuật nội soi giảm áp ổ mắt,Tai Mũi Họng,Exclude
8502,27.0019.0962,27.19,Phẫu thuật nội soi cắt bỏ u mạch máu vùng đầu cổ,Tai Mũi Họng,Exclude
8503,27.0020.0973,27.20,Phẫu thuật nội soi vùng nền sọ,Tai Mũi Họng,Exclude
8504,27.0021.0973,27.21,Phẫu thuật nội soi điều trị rò dịch não tuỷ nền sọ,Tai Mũi Họng,Exclude
8505,27.0022.0973,27.22,Phẫu thuật nội soi điều trị thoát vị nền sọ,Tai Mũi Họng,Exclude
8506,27.0023.0374,27.23,Phẫu thuật nội soi lấy máu tụ,Ngoại khoa,Exclude
8507,27.0024.0372,27.24,Phẫu thuật bóc bao áp xe não,Ngoại khoa,Exclude
8508,27.0025.0374,27.25,Phẫu thuật nội soi kẹp cổ túi phình động mạch não,Ngoại khoa,Exclude
8509,27.0026.0374,27.26,Phẫu thuật nội soi hỗ trợ kẹp cổ túi phình,Ngoại khoa,Exclude
8510,27.0027.1209,27.27,Phẫu thuật nội soi hỗ trợ giải áp vi mạch,Phẫu thuật Nội soi,Exclude
8511,27.0028.0374,27.28,Phẫu thuật nội soi hỗ trợ giải ép thần kinh số V,Ngoại khoa,Exclude
8512,27.0029.0374,27.29,Phẫu thuật nội soi giảm áp dây thần kinh II,Ngoại khoa,Exclude
8513,27.0030.0374,27.30,Phẫu thuật nội soi phá thông sàn não thất III,Ngoại khoa,Exclude
8514,27.0031.0374,27.31,Phẫu thuật nội soi phá nang màng nhện dịch não tủy,Ngoại khoa,Exclude
8515,27.0032.0374,27.32,Phẫu thuật nội soi tạo hình cống não,Ngoại khoa,Exclude
8516,27.0033.0973,27.33,Phẫu thuật nội soi lấy u nền sọ,Tai Mũi Họng,Exclude
8517,27.0034.0375,27.34,Phẫu thuật nội soi tuyến yên qua đường xương bướm,Ngoại khoa,Exclude
8518,27.0035.0374,27.35,Phẫu thuật nội soi lấy u não thất,Ngoại khoa,Exclude
8519,27.0036.0374,27.36,Phẫu thuật nội soi sinh thiết u não thất,Ngoại khoa,Exclude
8520,27.0037.0374,27.37,Phẫu thuật nội soi phá thông sàn não thất và sinh thiết u não não thất,Ngoại khoa,Exclude
8521,27.0038.0973,27.38,Phẫu thuật nội soi lấy u não vòm sọ,Tai Mũi Họng,Exclude
8522,27.0039.0973,27.39,Phẫu thuật nội soi lấy u não dưới lều,Tai Mũi Họng,Exclude
8523,27.0040.0375,27.40,Phẫu thuật nội soi lấy u sọ hầu qua xoang Bướm,Ngoại khoa,Exclude
8524,27.0041.1209,27.41,Phẫu thuật nội soi hỗ trợ lấy u não,Phẫu thuật Nội soi,Exclude
8525,27.0042.0358,27.42,Phẫu thuật nội soi cắt 1 thùy tuyến giáp,Nội tiết,Exclude
8526,27.0042.0357,27.42,Phẫu thuật nội soi cắt 1 thùy tuyến giáp,Nội tiết,Exclude
8527,27.0043.0358,27.43,Phẫu thuật nội soi cắt 1 thùy tuyến giáp + eo giáp,Nội tiết,Exclude
8528,27.0043.0357,27.43,Phẫu thuật nội soi cắt 1 thùy tuyến giáp + eo giáp,Nội tiết,Exclude
8529,27.0044.0358,27.44,Phẫu thuật nội soi cắt bán phần 1 thùy tuyến giáp,Nội tiết,Exclude
8530,27.0044.0357,27.44,Phẫu thuật nội soi cắt bán phần 1 thùy tuyến giáp,Nội tiết,Exclude
8531,27.0045.0358,27.45,Phẫu thuật nội soi cắt bán phần 2 thùy tuyến giáp,Nội tiết,Exclude
8532,27.0045.0357,27.45,Phẫu thuật nội soi cắt bán phần 2 thùy tuyến giáp,Nội tiết,Exclude
8533,27.0046.0358,27.46,Phẫu thuật nội soi cắt toàn bộ tuyến giáp,Nội tiết,Exclude
8534,27.0046.0357,27.46,Phẫu thuật nội soi cắt toàn bộ tuyến giáp,Nội tiết,Exclude
8535,27.0047.0358,27.47,Phẫu thuật nội soi cắt tuyến cận giáp,Nội tiết,Exclude
8536,27.0047.0357,27.47,Phẫu thuật nội soi cắt tuyến cận giáp,Nội tiết,Exclude
8537,27.0048.0358,27.48,Phẫu thuật nội soi cắt 1 thuỳ tuyến giáp trong bướu giáp nhân,Nội tiết,Exclude
8538,27.0048.0357,27.48,Phẫu thuật nội soi cắt 1 thuỳ tuyến giáp trong bướu giáp nhân,Nội tiết,Exclude
8539,27.0049.0358,27.49,Phẫu thuật nội soi cắt 1 thuỳ tuyến giáp trong bướu giáp nhân độc,Nội tiết,Exclude
8540,27.0049.0357,27.49,Phẫu thuật nội soi cắt 1 thuỳ tuyến giáp trong bướu giáp nhân độc,Nội tiết,Exclude
8541,27.0050.0358,27.50,Phẫu thuật nội soi cắt nhân tuyến giáp,Nội tiết,Exclude
8542,27.0050.0357,27.50,Phẫu thuật nội soi cắt nhân tuyến giáp,Nội tiết,Exclude
8543,27.0051.0358,27.51,Phẫu thuật nội soi cắt nhân độc tuyến giáp,Nội tiết,Exclude
8544,27.0051.0357,27.51,Phẫu thuật nội soi cắt nhân độc tuyến giáp,Nội tiết,Exclude
8545,27.0052.0358,27.52,Phẫu thuật nội soi cắt bán phần 2 thuỳ tuyến giáp trong bướu giáp đa nhân,Nội tiết,Exclude
8546,27.0052.0357,27.52,Phẫu thuật nội soi cắt bán phần 2 thuỳ tuyến giáp trong bướu giáp đa nhân,Nội tiết,Exclude
8547,27.0053.0358,27.53,Phẫu thuật nội soi cắt bán phần 2 thuỳ tuyến giáp trong bướu giáp đa nhân độc,Nội tiết,Exclude
8548,27.0053.0357,27.53,Phẫu thuật nội soi cắt bán phần 2 thuỳ tuyến giáp trong bướu giáp đa nhân độc,Nội tiết,Exclude
8549,27.0054.0365,27.54,Phẫu thuật nội soi cắt toàn bộ tuyến giáp trong bướu giáp đa nhân,Nội tiết,Exclude
8550,27.0054.0357,27.54,Phẫu thuật nội soi cắt toàn bộ tuyến giáp trong bướu giáp đa nhân,Nội tiết,Exclude
8551,27.0055.0365,27.55,Phẫu thuật nội soi cắt toàn bộ tuyến giáp trong bướu giáp đa nhân độc,Nội tiết,Exclude
8552,27.0055.0357,27.55,Phẫu thuật nội soi cắt toàn bộ tuyến giáp trong bướu giáp đa nhân độc,Nội tiết,Exclude
8553,27.0056.0358,27.56,Phẫu thuật nội soi cắt gần toàn bộ tuyến giáp trong bệnh basedow.,Nội tiết,Exclude
8554,27.0056.0357,27.56,Phẫu thuật nội soi cắt gần toàn bộ tuyến giáp trong bệnh basedow.,Nội tiết,Exclude
8555,27.0057.0365,27.57,Phẫu thuật nội soi cắt toàn bộ tuyến giáp trong bệnh basedow.,Nội tiết,Exclude
8556,27.0057.0357,27.57,Phẫu thuật nội soi cắt toàn bộ tuyến giáp trong bệnh basedow.,Nội tiết,Exclude
8557,27.0058.0364,27.58,Phẫu thuật nội soi cắt toàn bộ tuyến giáp trong ung thư tuyến giáp.,Nội tiết,Exclude
8558,27.0058.0357,27.58,Phẫu thuật nội soi cắt toàn bộ tuyến giáp trong ung thư tuyến giáp.,Nội tiết,Exclude
8559,27.0059.0365,27.59,Phẫu thuật nội soi cắt toàn bộ tuyến giáp + nạo hạch cổ 2 bên trong ung thư,Nội tiết,Exclude
8560,27.0059.0357,27.59,Phẫu thuật nội soi cắt toàn bộ tuyến giáp + nạo hạch cổ 2 bên trong ung thư,Nội tiết,Exclude
8561,27.0060.0365,27.60,Phẫu thuật nội soi cắt toàn bộ tuyến giáp + nạo hạch cổi bên trong ung thư,Nội tiết,Exclude
8562,27.0061.1209,27.61,Phẫu thuật nội soi cắt mấu răng C2 (mỏm nha) qua miệng,Phẫu thuật Nội soi,Exclude
8563,27.0062.0374,27.62,Phẫu thuật nội soi lấy u vùng bản lề chẩm cổ qua miệng,Ngoại khoa,Exclude
8564,27.0063.0541,27.63,Phẫu thuật nội soi giải phóng lỗ liên hợp cột sống cổ,Ngoại khoa,Exclude
8565,27.0064.0374,27.64,Phẫu thuật nội soi lấy nhân đệm cột sống thắt lưng qua đường liên bản sống,Ngoại khoa,Exclude
8566,27.0065.0541,27.65,Phẫu thuật nội soi lấy nhân đệm cột sống thắt lưng qua lỗ liên hợp,Ngoại khoa,Exclude
8567,27.0066.0541,27.66,Phẫu thuật nội soi cắt bản sống giải ép trong hẹp ống sống thắt lưng,Ngoại khoa,Exclude
8568,27.0067.1209,27.67,Phẫu thuật nội soi hỗ trợ làm cứng cột sống lưng,Phẫu thuật Nội soi,Exclude
8569,27.0068.0541,27.68,Phẫu thuật nội soi lấy đĩa đệm cột sống ngực đường trước trong vẹo cột sống,Ngoại khoa,Exclude
8570,27.0069.0541,27.69,Phẫu thuật nội soi chỉnh vẹo cột sống ngực,Ngoại khoa,Exclude
8571,27.0070.0541,27.70,Phẫu thuật nội soi lấy thoát vị đĩa đệm cột sống cổ đường sau,Ngoại khoa,Exclude
8572,27.0071.0374,27.71,Phẫu thuật nội soi tuỷ sống,Ngoại khoa,Exclude
8573,27.0072.0973,27.72,Phẫu thuật nội soi lấy u,Tai Mũi Họng,Exclude
8574,27.0073.0973,27.73,Phẫu thuật nội soi bịt lỗ dò dịch não tuỷ,Tai Mũi Họng,Exclude
8575,27.0074.0541,27.74,Phẫu thuật nội soi lấy đĩa đệm cột sống ngực,Ngoại khoa,Exclude
8576,27.0075.0125,27.75,"Phẫu thuật nội soi xử trí tràn máu, tràn khí màng phổi",Các thủ thuật và dịch vụ Nội soi,Exclude
8577,27.0076.0490,27.76,Phẫu thuật nội soi cắt u thành ngực,Ngoại khoa,Exclude
8578,27.0077.0125,27.77,Phẫu thuật nội soi gỡ dính - hút rửa màng phổi trong bệnh lý mủ màng phổi,Các thủ thuật và dịch vụ Nội soi,Exclude
8579,27.0078.0124,27.78,Phẫu thuật nội soi gây dính màng phổi,Các thủ thuật và dịch vụ Nội soi,Exclude
8580,27.0079.0125,27.79,Phẫu thuật nội soi khâu dò ống ngực,Các thủ thuật và dịch vụ Nội soi,Exclude
8581,27.0080.1209,27.80,"Phẫu thuật nội soi hỗ trợ (VATS) điều trị bệnh lý phổi, trung thất",Phẫu thuật Nội soi,Exclude
8582,27.0081.0414,27.81,Phẫu thuật Nuss kết hợp nội soi điều trị lõm ngực bẩm sinh (VATS),Ngoại khoa,Exclude
8583,27.0082.0125,27.82,Phẫu thuật nội soi cắt - khâu kén khí phổi,Các thủ thuật và dịch vụ Nội soi,Exclude
8584,27.0083.0452,27.83,Phẫu thuật nội soi cắt - đốt hạch giao cảm ngực,Ngoại khoa,Exclude
8585,27.0084.0452,27.84,Phẫu thuật nội soi cắt - đốt hạch giao cảm cổ,Ngoại khoa,Exclude
8586,27.0085.0452,27.85,Phẫu thuật nội soi cắt - đốt hạch giao cảm thắt lưng,Ngoại khoa,Exclude
8587,27.0086.0415,27.86,Phẫu thuật nội soi bóc vỏ màng phổi,Ngoại khoa,Exclude
8588,27.0087.0124,27.87,Phẫu thuật nội soi điều trị máu đông màng phổi,Các thủ thuật và dịch vụ Nội soi,Exclude
8589,27.0088.0124,27.88,Phẫu thuật nội soi điều trị ổ cặn màng phổi,Các thủ thuật và dịch vụ Nội soi,Exclude
8590,27.0089.0124,27.89,Phẫu thuật nội soi lấy dị vật phổi - màng phổi,Các thủ thuật và dịch vụ Nội soi,Exclude
8591,27.0090.0125,27.90,Phẫu thuật nội soi cắt u trung thất nhỏ (< 5 cm),Các thủ thuật và dịch vụ Nội soi,Exclude
8592,27.0091.0412,27.91,Phẫu thuật nội soi cắt u trung thất lớn (> 5 cm),Ngoại khoa,Exclude
8593,27.0092.1196,27.92,"Phẫu thuật nội soi bóc, sinh thiết hạch trung thất",Nội soi chẩn đoán can thiệp,Exclude
8594,27.0093.1196,27.93,Phẫu thuật nội soi sinh thiết u chẩn đoán,Nội soi chẩn đoán can thiệp,Exclude
8595,27.0094.0413,27.94,"Phẫu thuật nội soi cắt một phần thùy phổi, kén - nang phổi",Ngoại khoa,Exclude
8596,27.0095.0413,27.95,Phẫu thuật nội soi cắt một thùy phổi,Ngoại khoa,Exclude
8597,27.0096.0413,27.96,Phẫu thuật nội soi cắt một thùy phổi kèm nạo vét hạch,Ngoại khoa,Exclude
8598,27.0097.0413,27.97,Phẫu thuật nội soi cắt một phổi,Ngoại khoa,Exclude
8599,27.0098.0413,27.98,Phẫu thuật nội soi cắt một phổi kèm nạo vét hạch,Ngoại khoa,Exclude
8600,27.0099.0413,27.99,Phẫu thuật nội soi cắt - nối phế quản,Ngoại khoa,Exclude
8601,27.0100.1210,27.100,Phẫu thuật nội soi đặt điện cực tạo nhịp thượng tâm mạc,Phẫu thuật Nội soi,Exclude
8602,27.0101.0403,27.101,Phẫu thuật nội soi sửa van hai lá,Ngoại khoa,Exclude
8603,27.0102.0403,27.102,Phẫu thuật nội soi thay van hai lá,Ngoại khoa,Exclude
8604,27.0103.0403,27.103,Phẫu thuật nội soi đóng lỗ thông liên nhĩ,Ngoại khoa,Exclude
8605,27.0104.1210,27.104,Phẫu thuật nội soi dẫn lưu khoang màng tim,Phẫu thuật Nội soi,Exclude
8606,27.0105.1210,27.105,Phẫu thuật nội soi cắt màng ngoài tim,Phẫu thuật Nội soi,Exclude
8607,27.0106.1209,27.106,Phẫu thuật nội soi khâu gấp nếp cơ hoành (điều trị liệt thần kinh hoành),Phẫu thuật Nội soi,Exclude
8608,27.0107.1209,27.107,Phẫu thuật nội soi điều trị rung nhĩ,Phẫu thuật Nội soi,Exclude
8609,27.0108.1209,27.108,Phẫu thuật nội soi hỗ trợ (VATS) điều trị bệnh lý tim,Phẫu thuật Nội soi,Exclude
8610,27.0109.1210,27.109,Phẫu thuật nội soi kẹp ống động mạch,Phẫu thuật Nội soi,Exclude
8611,27.0110.1209,27.110,Phẫu thuật nội soi thắt tuần hoàn bàng hệ chủ - phổi,Phẫu thuật Nội soi,Exclude
8612,27.0111.1209,27.111,"Phẫu thuật nội soi điều trị phồng, hẹp, tắc động mạch chủ bụng dưới thận",Phẫu thuật Nội soi,Exclude
8613,27.0115.1209,27.115,Phẫu thuật nội soi cắt xương sườn 1 điều trị hội chứng đường thoát lồng ngực,Phẫu thuật Nội soi,Exclude
8614,27.0116.1210,27.116,Phẫu thuật nội soi chuyển vị tĩnh mạch trong phẫu thuật tạo thông động – tĩnh mạch để chạy thận nhân tạo,Phẫu thuật Nội soi,Exclude
8615,27.0117.1209,27.117,Phẫu thuật nội soi hỗ trợ (VATS) điều trị bệnh lý mạch máu,Phẫu thuật Nội soi,Exclude
8616,27.0118.0443,27.118,Cắt thực quản nội soi ngực và bụng,Ngoại khoa,Exclude
8617,27.0119.0443,27.119,Cắt thực quản nội soi ngực phải,Ngoại khoa,Exclude
8618,27.0120.0443,27.120,Cắt thực quản nội soi qua khe hoành,Ngoại khoa,Exclude
8619,27.0121.0443,27.121,Cắt thực quản nội soi bụng – ngực phải với miệng nối ở ngực phải (phẫu thuật Lewis – Santy),Ngoại khoa,Exclude
8620,27.0122.0452,27.122,Cắt u lành thực quản nội soi ngực phải,Ngoại khoa,Exclude
8621,27.0123.0452,27.123,Cắt u lành thực quản nội soi ngực trái,Ngoại khoa,Exclude
8622,27.0124.0457,27.124,Cắt u lành thực quản nội soi bụng,Ngoại khoa,Exclude
8623,27.0125.0457,27.125,Cắt thực quản đôi dạng nang qua nội soi ngực phải,Ngoại khoa,Exclude
8624,27.0126.0457,27.126,Cắt thực quản đôi dạng nang qua nội soi ngực trái,Ngoại khoa,Exclude
8625,27.0127.0457,27.127,Cắt thực quản đôi dạng nang qua nội soi bụng,Ngoại khoa,Exclude
8626,27.0128.0452,27.128,Cắt túi thừa thực quản qua nội soi ngực phải,Ngoại khoa,Exclude
8627,27.0129.0452,27.129,Cắt túi thừa thực quản qua nội soi ngực trái,Ngoại khoa,Exclude
8628,27.0130.0452,27.130,Cắt túi thừa thực quản qua nội soi bụng,Ngoại khoa,Exclude
8629,27.0131.0447,27.131,Phẫu thuật nội soi điều trị teo thực quản bẩm sinh,Ngoại khoa,Exclude
8630,27.0132.0445,27.132,Phẫu thuật Heller qua nội soi ngực trái,Ngoại khoa,Exclude
8631,27.0133.0445,27.133,Phẫu thuật Heller qua nội soi bụng,Ngoại khoa,Exclude
8632,27.0134.0445,27.134,Phẫu thuật Heller kết hợp tạo van chống trào ngược qua nội soi bụng,Ngoại khoa,Exclude
8633,27.0135.1209,27.135,Phẫu thuật mở cơ thực quản nội soi ngực phải điều trị bệnh co thắt thực quản nan tỏa,Phẫu thuật Nội soi,Exclude
8634,27.0136.0445,27.136,Phẫu thuật tạo van chống trào ngược dạ dày – thực quản qua nội soi,Ngoại khoa,Exclude
8635,27.0137.0452,27.137,Phẫu thuật nội soi điều trị thoát vị khe hoành,Ngoại khoa,Exclude
8636,27.0138.0447,27.138,Phẫu thuật nội soi tạo hình thực quản bằng dạ dày,Ngoại khoa,Exclude
8637,27.0139.0447,27.139,Phẫu thuật nội soi tạo hình thực quản bằng đại tràng,Ngoại khoa,Exclude
8638,27.0140.1196,27.140,Phẫu thuật nội soi cố định dạ dày,Nội soi chẩn đoán can thiệp,Exclude
8639,27.0142.0451,27.142,Phẫu thuật nội soi khâu thủng dạ dày,Ngoại khoa,Exclude
8640,27.0143.0457,27.143,Phẫu thuật nội soi khâu thủng dạ dày + nối dạ dày-hỗng tràng,Ngoại khoa,Exclude
8641,27.0144.0451,27.144,Phẫu thuật nội soi khâu vết thương dạ dày,Ngoại khoa,Exclude
8642,27.0145.0457,27.145,Phẫu thuật nội soi khâu vết thương dạ dày + nối dạ dày-hỗng tràng,Ngoại khoa,Exclude
8643,27.0146.1210,27.146,Phẫu thuật nội soi qua dạ dày cắt polyp dạ dày (Intraluminal Lap Surgery),Phẫu thuật Nội soi,Exclude
8644,27.0147.0502,27.147,Phẫu thuật nội soi mở thông dạ dày,Ngoại khoa,Exclude
8645,27.0148.0452,27.148,Phẫu thuật nội soi cắt thân thần kinh X,Ngoại khoa,Exclude
8646,27.0149.0452,27.149,Phẫu thuật nội soi cắt thần kinh X chọn lọc,Ngoại khoa,Exclude
8647,27.0150.0452,27.150,Phẫu thuật nội soi cắt thần kinh X siêu chọn lọc,Ngoại khoa,Exclude
8648,27.0151.0450,27.151,Phẫu thuật nội soi điều trị xoắn dạ dày có kèm cắt dạ dày,Ngoại khoa,Exclude
8649,27.0152.0457,27.152,Phẫu thuật nội soi nối dạ dày - hỗng tràng,Ngoại khoa,Exclude
8650,27.0153.0457,27.153,"Phẫu thuật nội soi nối dạ dày - hỗng tràng, nối túi mật-hỗng tràng",Ngoại khoa,Exclude
8651,27.0154.0450,27.154,Phẫu thuật nội soi cắt dạ dày không điển hình,Ngoại khoa,Exclude
8652,27.0155.0450,27.155,Phẫu thuật nội soi cắt 2/3 dạ dày,Ngoại khoa,Exclude
8653,27.0156.0450,27.156,Phẫu thuật nội soi cắt 3/4 dạ dày,Ngoại khoa,Exclude
8654,27.0157.0450,27.157,Phẫu thuật nội soi cắt toàn bộ dạ dày,Ngoại khoa,Exclude
8655,27.0158.0450,27.158,Phẫu thuật nội soi cắt toàn bộ dạ dày + cắt lách,Ngoại khoa,Exclude
8656,27.0159.0450,27.159,Phẫu thuật nội soi cắt bán phần dưới dạ dày + nạo hạch Di,Ngoại khoa,Exclude
8657,27.0160.0450,27.160,Phẫu thuật nội soi cắt bán phần dưới dạ dày + nạo hạch Diα,Ngoại khoa,Exclude
8658,27.0161.0450,27.161,Phẫu thuật nội soi cắt bán phần dưới dạ dày + nạo hạch Diβ,Ngoại khoa,Exclude
8659,27.0162.0450,27.162,Phẫu thuật nội soi cắt bán phần dưới dạ dày + nạo hạch D2,Ngoại khoa,Exclude
8660,27.0163.0450,27.163,Phẫu thuật nội soi cắt bán phần dưới dạ dày + nạo hạch D3,Ngoại khoa,Exclude
8661,27.0164.0450,27.164,Phẫu thuật nội soi cắt toàn bộ dạ dày + nạo hạch D2,Ngoại khoa,Exclude
8662,27.0165.0450,27.165,Phẫu thuật nội soi cắt toàn bộ dạ dày + cắt lách + nạo hạch D2,Ngoại khoa,Exclude
8663,27.0166.1196,27.166,Phẫu thuật nội soi khâu thủng tá tràng,Nội soi chẩn đoán can thiệp,Exclude
8664,27.0167.1196,27.167,Phẫu thuật nội soi khâu vết thương tá tràng,Nội soi chẩn đoán can thiệp,Exclude
8665,27.0168.0457,27.168,Phẫu thuật nội soi khâu thủng tá tràng + nối dạ dày-hỗng tràng,Ngoại khoa,Exclude
8666,27.0169.0457,27.169,Phẫu thuật nội soi khâu vết thương tá tràng + nối dạ dày-hỗng tràng,Ngoại khoa,Exclude
8667,27.0170.0464,27.170,Phẫu thuật nội soi cắt túi thừa tá tràng,Ngoại khoa,Exclude
8668,27.0171.0457,27.171,Phẫu thuật nội soi cắt đoạn tá tràng,Ngoại khoa,Exclude
8669,27.0172.0464,27.172,Phẫu thuật nội soi khâu thủng ruột non,Ngoại khoa,Exclude
8670,27.0173.1196,27.173,Phẫu thuật nội soi khâu vết thương ruột non,Nội soi chẩn đoán can thiệp,Exclude
8671,27.0174.0457,27.174,Phẫu thuật nội soi khâu thủng ruột non + đưa ruột non ra da trên dòng,Ngoại khoa,Exclude
8672,27.0175.0459,27.175,Phẫu thuật nội soi khâu vết thương ruột non + đưa ruột non ra da trên dòng,Ngoại khoa,Exclude
8673,27.0176.0457,27.176,Phẫu thuật nội soi nối tắt ruột non - ruột non,Ngoại khoa,Exclude
8674,27.0177.0455,27.177,Phẫu thuật nội soi gỡ dính ruột,Ngoại khoa,Exclude
8675,27.0178.0455,27.178,Phẫu thuật nội soi cắt dây dính hay dây chằng,Ngoại khoa,Exclude
8676,27.0179.0502,27.179,Phẫu thuật nội soi mở hỗng tràng ra da,Ngoại khoa,Exclude
8677,27.0180.0502,27.180,Phẫu thuật nội soi mở hồi tràng ra da,Ngoại khoa,Exclude
8678,27.0181.0502,27.181,Phẫu thuật nội soi mở ruột lấy dị vật,Ngoại khoa,Exclude
8679,27.0183.0462,27.183,Phẫu thuật nội soi tháo lồng ruột và cố định manh tràng,Ngoại khoa,Exclude
8680,27.0184.0457,27.184,Phẫu thuật nội soi cắt túi thừa Meckel,Ngoại khoa,Exclude
8681,27.0185.0457,27.185,Phẫu thuật nội soi cắt đoạn ruột non,Ngoại khoa,Exclude
8682,27.0186.0457,27.186,Phẫu thuật nội soi cắt gần toàn bộ ruột non,Ngoại khoa,Exclude
8683,27.0187.2039,27.187,Phẫu thuật nội soi cắt ruột thừa,Ngoại khoa,Exclude
8684,27.0188.2039,27.188,Phẫu thuật nội soi cắt ruột thừa + rửa bụng,Ngoại khoa,Exclude
8685,27.0189.2039,27.189,Phẫu thuật nội soi cắt lại mỏm ruột thừa,Ngoại khoa,Exclude
8686,27.0190.2039,27.190,Phẫu thuật nội soi điều trị áp xe ruột thừa trong ổ bụng,Ngoại khoa,Exclude
8687,27.0191.0451,27.191,Phẫu thuật nội soi viêm phúc mạc do viêm ruột thừa,Ngoại khoa,Exclude
8688,27.0192.0457,27.192,Phẫu thuật nội soi cắt manh tràng,Ngoại khoa,Exclude
8689,27.0193.0457,27.193,Phẫu thuật nội soi cắt đại tràng phải,Ngoại khoa,Exclude
8690,27.0194.0463,27.194,Phẫu thuật nội soi cắt đại tràng phải + nạo vét hạch,Ngoại khoa,Exclude
8691,27.0195.0457,27.195,Phẫu thuật nội soi cắt đại tràng phải mở rộng,Ngoại khoa,Exclude
8692,27.0196.0463,27.196,Phẫu thuật nội soi cắt đại tràng phải mở + nạo vét hạch rộng,Ngoại khoa,Exclude
8693,27.0197.0457,27.197,Phẫu thuật nội soi cắt đại tràng ngang,Ngoại khoa,Exclude
8694,27.0198.0463,27.198,Phẫu thuật nội soi cắt đại tràng ngang + nạo vét hạch,Ngoại khoa,Exclude
8695,27.0199.0457,27.199,Phẫu thuật nội soi cắt đại tràng trái,Ngoại khoa,Exclude
8696,27.0200.0463,27.200,Phẫu thuật nội soi cắt đại tràng trái+ nạo vét hạch,Ngoại khoa,Exclude
8697,27.0201.0457,27.201,Phẫu thuật nội soi cắt đại tràng chậu hông,Ngoại khoa,Exclude
8698,27.0202.0463,27.202,Phẫu thuật nội soi cắt đại tràng chậu hông+ nạo vét hạch,Ngoại khoa,Exclude
8699,27.0203.0457,27.203,Phẫu thuật nội soi cắt toàn bộ đại tràng,Ngoại khoa,Exclude
8700,27.0204.0463,27.204,Phẫu thuật nội soi cắt toàn bộ đại tràng + nạo vét hạch,Ngoại khoa,Exclude
8701,27.0205.0457,27.205,Phẫu thuật nội soi cắt đoạn đại tràng,Ngoại khoa,Exclude
8702,27.205b.0463,27.205b,Phẫu thuật nội soi cắt đoạn đại tràng+ nạo vét hạch,Ngoại khoa,Exclude
8703,27.0206.0459,27.206,Phẫu thuật nội soi cắt túi thừa đại tràng,Ngoại khoa,Exclude
8704,27.0207.0459,27.207,Phẫu thuật nội soi khâu thủng đại tràng,Ngoại khoa,Exclude
8705,27.0208.0452,27.208,Phẫu thuật nội soi khâu thủng đại tràng + hậu môn nhân tạo trên dòng,Ngoại khoa,Exclude
8706,27.208b.0459,27.208b,Phẫu thuật nội soi khâu vết thương đại tràng,Ngoại khoa,Exclude
8707,27.0209.0452,27.209,Phẫu thuật nội soi khâu vết thương đại tràng + hậu môn nhân tạo,Ngoại khoa,Exclude
8708,27.0210.0457,27.210,Phẫu thuật nội soi nối tắt hồi tràng - đại tràng ngang,Ngoại khoa,Exclude
8709,27.0211.0457,27.211,Phẫu thuật nội soi nối tắt đại tràng - đại tràng,Ngoại khoa,Exclude
8710,27.0212.1196,27.212,Phẫu thuật nội soi làm hậu môn nhân tạo,Nội soi chẩn đoán can thiệp,Exclude
8711,27.0213.0457,27.213,Phẫu thuật nội soi Điều trị Megacolon (phẫu thuật Soave đường hậu môn một thì),Ngoại khoa,Exclude
8712,27.0214.0457,27.214,Phẫu thuật nội soi đóng hậu môn nhân tạo,Ngoại khoa,Exclude
8713,27.0215.0457,27.215,Phẫu thuật nội soi cắt đoạn đại trực tràng,Ngoại khoa,Exclude
8714,27.0216.0463,27.216,Phẫu thuật nội soi cắt đoạn đại trực tràng+ nạo vét hạch,Ngoại khoa,Exclude
8715,27.0217.0457,27.217,Phẫu thuật nội soi cắt trực tràng thấp,Ngoại khoa,Exclude
8716,27.0218.0463,27.218,Phẫu thuật nội soi cắt trực tràng thấp+ nạo vét hạch,Ngoại khoa,Exclude
8717,27.0219.0457,27.219,"Phẫu thuật nội soi cắt trực tràng, nối đại tràng - ống hậu môn",Ngoại khoa,Exclude
8718,27.0220.0463,27.220,"Phẫu thuật nội soi cắt trực tràng, nối đại tràng - ống hậu môn+ nạo vét hạch+ nạo vét hạch",Ngoại khoa,Exclude
8719,27.0221.0457,27.221,"Phẫu thuật nội soi cắt trực tràng, ống hậu môn ngả bụng và tầng sinh môn",Ngoại khoa,Exclude
8720,27.0222.0463,27.222,"Phẫu thuật nội soi cắt trực tràng, ống hậu môn ngả bụng và tầng sinh môn + nạo vét hạch",Ngoại khoa,Exclude
8721,27.0223.0457,27.223,"Phẫu thuật nội soi cắt trực tràng, đóng mỏm cụt trực tràng, mở hậu môn nhân tạo",Ngoại khoa,Exclude
8722,27.0224.0463,27.224,"Phẫu thuật nội soi cắt trực tràng, đóng mỏm cụt trực tràng, mở hậu môn nhân tạo+ nạo vét hạch",Ngoại khoa,Exclude
8723,27.0225.0462,27.225,Phẫu thuật nội soi cố định trực tràng,Ngoại khoa,Exclude
8724,27.0226.0462,27.226,Phẫu thuật nội soi cố định trực tràng + cắt đoạn đại tràng,Ngoại khoa,Exclude
8725,27.0227.0459,27.227,Phẫu thuật nội soi khâu thủng trực tràng,Ngoại khoa,Exclude
8726,27.0228.0452,27.228,Phẫu thuật nội soi khâu thủng trực tràng + hậu môn nhân tạo,Ngoại khoa,Exclude
8727,27.0229.0459,27.229,Phẫu thuật nội soi khâu vết thương trực tràng,Ngoại khoa,Exclude
8728,27.0230.0452,27.230,Phẫu thuật nội soi khâu vết thương trực tràng + hậu môn nhân tạo trên dòng,Ngoại khoa,Exclude
8729,27.0232.0457,27.232,Phẫu thuật nội soi hạ bóng trực tràng + tạo hình hậu môn một thì,Ngoại khoa,Exclude
8730,27.0233.0457,27.233,Phẫu thuật nội soi cắt đoạn trực tràng trong điều trị sa trực tràng,Ngoại khoa,Exclude
8731,27.0234.0462,27.234,Phẫu thuật nội soi cố định trực tràng trong điều trị sa trực tràng,Ngoại khoa,Exclude
8732,27.0235.0462,27.235,Phẫu thuật nội soi cố định trực tràng bằng lưới trong điều trị sa trực tràng,Ngoại khoa,Exclude
8733,27.0236.1210,27.236,Phẫu thuật nội soi điều trị rò hậu môn,Phẫu thuật Nội soi,Exclude
8734,27.0237.0467,27.237,Phẫu thuật nội soi cắt gan phải,Ngoại khoa,Exclude
8735,27.0238.0467,27.238,Phẫu thuật nội soi cắt gan trái,Ngoại khoa,Exclude
8736,27.0239.0467,27.239,Phẫu thuật nội soi cắt gan phân thùy trước,Ngoại khoa,Exclude
8737,27.0240.0467,27.240,Phẫu thuật nội soi cắt gan phân thùy sau,Ngoại khoa,Exclude
8738,27.0241.0467,27.241,Phẫu thuật nội soi cắt gan thùy trái,Ngoại khoa,Exclude
8739,27.0242.0467,27.242,Phẫu thuật nội soi cắt gan thùy phải,Ngoại khoa,Exclude
8740,27.0243.0467,27.243,Phẫu thuật nội soi cắt gan trung tâm,Ngoại khoa,Exclude
8741,27.0244.0467,27.244,Phẫu thuật nội soi cắt gan hạ phân thùy I,Ngoại khoa,Exclude
8742,27.0245.0467,27.245,Phẫu thuật nội soi cắt gan hạ phân thùy II,Ngoại khoa,Exclude
8743,27.0246.0467,27.246,Phẫu thuật nội soi cắt gan hạ phân thùy III,Ngoại khoa,Exclude
8744,27.0247.0467,27.247,Phẫu thuật nội soi cắt gan hạ phân thùy IV,Ngoại khoa,Exclude
8745,27.0248.0467,27.248,Phẫu thuật nội soi cắt gan hạ phân thùy IVA,Ngoại khoa,Exclude
8746,27.0249.0467,27.249,Phẫu thuật nội soi cắt gan hạ phân thùy IVB,Ngoại khoa,Exclude
8747,27.0250.0467,27.250,Phẫu thuật nội soi cắt gan hạ phân thùy V,Ngoại khoa,Exclude
8748,27.0251.0467,27.251,Phẫu thuật nội soi cắt gan hạ phân thùy VI,Ngoại khoa,Exclude
8749,27.0252.0467,27.252,Phẫu thuật nội soi cắt gan hạ phân thùy VII,Ngoại khoa,Exclude
8750,27.0253.0467,27.253,Phẫu thuật nội soi cắt gan hạ phân thùy VIII,Ngoại khoa,Exclude
8751,27.0254.0467,27.254,Phẫu thuật nội soi cắt gan hạ phân thùy IV-V,Ngoại khoa,Exclude
8752,27.0255.0467,27.255,Phẫu thuật nội soi cắt gan hạ phân thùy V-VI,Ngoại khoa,Exclude
8753,27.0256.0467,27.256,Phẫu thuật nội soi cắt gan hạ phân thùy VII-VIII,Ngoại khoa,Exclude
8754,27.0257.0467,27.257,Phẫu thuật nội soi cắt gan hạ phân thùy VI-VII-VIII,Ngoại khoa,Exclude
8755,27.0258.0467,27.258,Phẫu thuật nội soi cắt gan không điển hình,Ngoại khoa,Exclude
8756,27.0259.0470,27.259,Phẫu thuật nội soi khâu cầm máu vỡ gan,Ngoại khoa,Exclude
8757,27.0260.1196,27.260,Phẫu thuật nội soi cắt chỏm nang gan,Nội soi chẩn đoán can thiệp,Exclude
8758,27.0261.1196,27.261,Phẫu thuật nội soi cắt nang gan,Nội soi chẩn đoán can thiệp,Exclude
8759,27.0262.1210,27.262,Nội soi ổ bụng hỗ trợ đốt u gan bằng sóng cao tần (RFA),Phẫu thuật Nội soi,Exclude
8760,27.0263.1196,27.263,Phẫu thuật nội soi dẫn lưu áp - xe gan,Nội soi chẩn đoán can thiệp,Exclude
8761,27.0264.1196,27.264,Phẫu thuật nội soi thắt động mạch gan điều trị ung thư gan/vết thương gan,Nội soi chẩn đoán can thiệp,Exclude
8762,27.0265.0473,27.265,Phẫu thuật nội soi mở ống mật chủ lấy sỏi,Ngoại khoa,Exclude
8763,27.0266.0476,27.266,Phẫu thuật nội soi mở ống mật chủ lấy sỏi + cắt túi mật,Ngoại khoa,Exclude
8764,27.0267.0478,27.267,Phẫu thuật nội soi lấy sỏi OMC có dẫn lưu Kehr,Ngoại khoa,Exclude
8765,27.0268.0467,27.268,Phẫu thuật nội soi mở ống mật chủ lấy sỏi + cắt gan thùy trái,Ngoại khoa,Exclude
8766,27.0269.0476,27.269,Phẫu thuật nội soi mở ống mật chủ lấy sỏi + nối ống mật chủ - hỗng tràng,Ngoại khoa,Exclude
8767,27.0270.0476,27.270,Phẫu thuật nội soi lấy sỏi đường mật trong và ngoài gan có dẫn lưu Kehr,Ngoại khoa,Exclude
8768,27.0271.0479,27.271,Phẫu thuật nội soi tán sỏi trong mổ nội soi đường mật và tán sỏi qua đường hầm Kehr,Ngoại khoa,Exclude
8769,27.0272.0473,27.272,"Phẫu thuật nội soi cắt túi mật, mở OMC lấy sỏi, dẫn lưu Kehr",Ngoại khoa,Exclude
8770,27.0273.0473,27.273,Phẫu thuật nội soi cắt túi mật,Ngoại khoa,Exclude
8771,27.0274.1196,27.274,Phẫu thuật nội soi mở túi mật ra da,Nội soi chẩn đoán can thiệp,Exclude
8772,27.0275.0473,27.275,Phẫu thuật nội soi nối túi mật - hỗng tràng,Ngoại khoa,Exclude
8773,27.0276.0477,27.276,"Phẫu thuật nội soi cắt nang ống mật chủ, nối ống gan chung - hỗng tràng",Ngoại khoa,Exclude
8774,27.0277.0473,27.277,Phẫu thuật nội soi nối ống gan chung-hỗng tràng,Ngoại khoa,Exclude
8775,27.0278.0473,27.278,Phẫu thuật nội soi nối ống mật chủ - hỗng tràng,Ngoại khoa,Exclude
8776,27.0279.0478,27.279,Phẫu thuật nội soi lấy dị vật trong đường mật,Ngoại khoa,Exclude
8777,27.0280.0470,27.280,PTNS cắt nang đường mật,Ngoại khoa,Exclude
8778,27.0281.0477,27.281,Phẫu thuật nội soi điều trị chảy máu đường mật,Ngoại khoa,Exclude
8779,27.0282.0477,27.282,Phẫu thuật nội soi cắt u OMC,Ngoại khoa,Exclude
8780,27.0283.0473,27.283,Phẫu thuật nội soi nối OMC - tá tràng,Ngoại khoa,Exclude
8781,27.0284.0477,27.284,PTNS cắt u đường mật ngoài gan thay thế OMC bằng quai ruột rời,Ngoại khoa,Exclude
8782,27.0285.0483,27.285,Phẫu thuật nội soi cắt khối tá tụy,Ngoại khoa,Exclude
8783,27.0286.0483,27.286,Phẫu thuật nội soi cắt toàn bộ tụy,Ngoại khoa,Exclude
8784,27.0287.0483,27.287,Phẫu thuật nội soi cắt toàn bộ tụy + cắt lách,Ngoại khoa,Exclude
8785,27.0288.0483,27.288,Phẫu thuật nội soi cắt thân và đuôi tụy,Ngoại khoa,Exclude
8786,27.0290.0483,27.290,Phẫu thuật nội soi cắt u tụy,Ngoại khoa,Exclude
8787,27.0292.1196,27.292,Phẫu thuật nội soi nối nang tụy-hỗng tràng,Nội soi chẩn đoán can thiệp,Exclude
8788,27.0293.1196,27.293,Phẫu thuật nội soi nối nang tụy-dạ dày,Nội soi chẩn đoán can thiệp,Exclude
8789,27.0294.1196,27.294,Phẫu thuật nội soi cắt lọc tụy hoại tử,Nội soi chẩn đoán can thiệp,Exclude
8790,27.0295.1196,27.295,Phẫu thuật nội soi dẫn lưu áp xe tụy,Nội soi chẩn đoán can thiệp,Exclude
8791,27.0296.1209,27.296,Phẫu thuật nội soi Frey điều trị viêm tụy mạn,Phẫu thuật Nội soi,Exclude
8792,27.0297.1196,27.297,Phẫu thuật nội soi dẫn lưu nang tụy,Nội soi chẩn đoán can thiệp,Exclude
8793,27.0298.0485,27.298,Phẫu thuật nội soi cắt lách,Ngoại khoa,Exclude
8794,27.0299.0485,27.299,Phẫu thuật nội soi cắt lách bán phần,Ngoại khoa,Exclude
8795,27.0300.1196,27.300,Phẫu thuật nội soi khâu cầm máu lách,Nội soi chẩn đoán can thiệp,Exclude
8796,27.0303.0485,27.303,Phẫu thuật nội soi cắt bán phần lách trong chấn thương,Ngoại khoa,Exclude
8797,27.0304.0490,27.304,"Phẫu thuật nội soi cắt u mạc treo ruột, không cắt ruột",Ngoại khoa,Exclude
8798,27.0305.0457,27.305,Phẫu thuật nội soi cắt u mạc treo ruột + cắt đoạn ruột non,Ngoại khoa,Exclude
8799,27.0306.0490,27.306,Phẫu thuật nội soi cắt nang mạc treo ruột,Ngoại khoa,Exclude
8800,27.0307.1196,27.307,Phẫu thuật nội soi khâu mạc treo,Nội soi chẩn đoán can thiệp,Exclude
8801,27.0308.1209,27.308,Phẫu thuật nội soi đặt vòng thắt dạ dày,Phẫu thuật Nội soi,Exclude
8802,27.0309.0450,27.309,Phẫu thuật nội soi cắt dạ dày hình ống,Ngoại khoa,Exclude
8803,27.0310.0457,27.310,Phẫu thuật nội soi nối tắt dạ dày – hỗng tràng,Ngoại khoa,Exclude
8804,27.0313.1196,27.313,Phẫu thuật nội soi đặt tấm lưới nhân tạo đường vào hoàn toàn trước phúc mạc (TEP),Nội soi chẩn đoán can thiệp,Exclude
8805,27.0314.1196,27.314,Phẫu thuật nội soi đặt tấm lưới nhân tạo trước phúc mạc đường vào qua ổ bụng (TAPP),Nội soi chẩn đoán can thiệp,Exclude
8806,27.0315.1196,27.315,Phẫu thuật nội soi đặt lưới nhân tạo trong ổ bụng,Nội soi chẩn đoán can thiệp,Exclude
8807,27.0316.1196,27.316,Phẫu thuật nội soi khâu cơ hoành,Nội soi chẩn đoán can thiệp,Exclude
8808,27.0317.0452,27.317,Phẫu thuật nội soi khâu hẹp lỗ thực quản + tạo hình tâm vị kiểu Lortat - Jacob,Ngoại khoa,Exclude
8809,27.0318.0452,27.318,Phẫu thuật nội soi khâu hẹp lỗ thực quản + tạo hình tâm vị kiểu Dor,Ngoại khoa,Exclude
8810,27.0319.0452,27.319,Phẫu thuật nội soi khâu hẹp lỗ thực quản + tạo hình tâm vị kiểu Toupet,Ngoại khoa,Exclude
8811,27.0320.0452,27.320,Phẫu thuật nội soi khâu hẹp lỗ thực quản + tạo hình tâm vị kiểu Nissen,Ngoại khoa,Exclude
8812,27.0321.0420,27.321,Phẫu thuật nội soi cắt bỏ toàn bộ tuyến thượng thận 1 bên,Ngoại khoa,Exclude
8813,27.0322.0420,27.322,Phẫu thuật nội soi cắt bỏ toàn bộ tuyến thượng thận 2 bên,Ngoại khoa,Exclude
8814,27.0323.0420,27.323,Phẫu thuật nội soi cắt bán phần tuyến thượng thận 1 bên,Ngoại khoa,Exclude
8815,27.0324.0420,27.324,Phẫu thuật nội soi cắt bán phần tuyến thượng thận 2 bên,Ngoại khoa,Exclude
8816,27.0325.0420,27.325,Nội soi cắt nang tuyến thượng thận,Ngoại khoa,Exclude
8817,27.0326.0420,27.326,Nội soi cắt chỏm nang tuyến thượng thận,Ngoại khoa,Exclude
8818,27.0327.0419,27.327,Phẫu thuật nội soi cắt u sau phúc mạc,Ngoại khoa,Exclude
8819,27.0328.1196,27.328,Phẫu thuật nội soi khâu thủng cơ hoành,Nội soi chẩn đoán can thiệp,Exclude
8820,27.0329.1197,27.329,Phẫu thuật nội soi sinh thiết hạch ổ bụng,Nội soi chẩn đoán can thiệp,Exclude
8821,27.0330.1196,27.330,Phẫu thuật nội soi cầm máu sau mổ,Nội soi chẩn đoán can thiệp,Exclude
8822,27.0331.1196,27.331,Phẫu thuật nội soi dẫn lưu áp xe tồn dư,Nội soi chẩn đoán can thiệp,Exclude
8823,27.0332.1196,27.332,"Phẫu thuật nội soi rửa bụng, dẫn lưu",Nội soi chẩn đoán can thiệp,Exclude
8824,27.0333.1197,27.333,Nội soi ổ bụng chẩn đoán,Nội soi chẩn đoán can thiệp,Exclude
8825,27.0335.1197,27.335,Phẫu thuật nội soi sinh thiết u trong ổ bụng,Nội soi chẩn đoán can thiệp,Exclude
8826,27.0336.1210,27.336,Phẫu thuật nội soi hỗ trợ trong mổ mở,Phẫu thuật Nội soi,Exclude
8827,27.0337.1210,27.337,Phẫu thuật nội soi hỗ trợ trong can thiệp nội soi ống mềm,Phẫu thuật Nội soi,Exclude
8828,27.0339.0419,27.339,Phẫu thuật nội soi cắt bỏ thận phụ,Ngoại khoa,Exclude
8829,27.0340.0419,27.340,Phẫu thuật nội soi cắt eo thận móng ngựa,Ngoại khoa,Exclude
8830,27.0341.0419,27.341,Phẫu thuật nội soi cắt u thận,Ngoại khoa,Exclude
8831,27.0342.0419,27.342,Phẫu thuật nội soi cắt thận bán phần,Ngoại khoa,Exclude
8832,27.0343.0419,27.343,Phẫu thuật nội soi cắt thận tận gốc,Ngoại khoa,Exclude
8833,27.0344.0419,27.344,Phẫu thuật nội soi cắt thận đơn giản,Ngoại khoa,Exclude
8834,27.0345.0419,27.345,Phẫu thuật nội soi cắt u thận lành tính,Ngoại khoa,Exclude
8835,27.0346.0419,27.346,Phẫu thuật nội soi cắt u thận ác tính,Ngoại khoa,Exclude
8836,27.0347.0420,27.347,Phẫu thuật nội soi cắt chỏm nang thận qua phúc mạc,Ngoại khoa,Exclude
8837,27.0348.0420,27.348,Phẫu thuật nội soi cắt nang thận qua phúc mạc,Ngoại khoa,Exclude
8838,27.0349.0420,27.349,Phẫu thuật nội soi cắt chỏm nang thận sau phúc mạc,Ngoại khoa,Exclude
8839,27.0350.0420,27.350,Phẫu thuật nội soi cắt nang thận sau phúc mạc,Ngoại khoa,Exclude
8840,27.0353.1196,27.353,Phẫu thuật nội soi treo thận để điều trị sa thận,Nội soi chẩn đoán can thiệp,Exclude
8841,27.0354.1196,27.354,Tán sỏi thận qua da,Nội soi chẩn đoán can thiệp,Exclude
8842,27.0355.1196,27.355,Nội soi niệu quản ngược dòng bằng ống soi mềm tán sỏi thận bằng laser,Nội soi chẩn đoán can thiệp,Exclude
8843,27.0356.0418,27.356,Phẫu thuật nội soi ổ bụng lấy sỏi bể thận,Ngoại khoa,Exclude
8844,27.0357.0418,27.357,Phẫu thuật nội soi sau phúc mạc lấy sỏi bể thận,Ngoại khoa,Exclude
8845,27.0358.1209,27.358,Nội soi thận ống mềm tán sỏi thận,Phẫu thuật Nội soi,Exclude
8846,27.0359.1209,27.359,Nội soi thận ống mềm gắp sỏi thận,Phẫu thuật Nội soi,Exclude
8847,27.0360.0419,27.360,Phẫu thuật nội soi cắt thận và niệu quản do u đường bài xuất,Ngoại khoa,Exclude
8848,27.0362.0423,27.362,"Nội soi xẻ hẹp bể thận - niệu quản, mở rộng niệu quản nội soi",Ngoại khoa,Exclude
8849,27.0363.0423,27.363,Phẫu thuật nội soi tạo hình khúc nối niệu quản - bể thận,Ngoại khoa,Exclude
8850,27.0365.0418,27.365,Phẫu thuật nội soi lấy sỏi niệu quản,Ngoại khoa,Exclude
8851,27.0366.0423,27.366,Phẫu thuật nội soi tạo hình niệu quản,Ngoại khoa,Exclude
8852,27.0367.0436,27.367,"Nội soi mở rộng niệu quản, nong rộng niệu quản",Ngoại khoa,Exclude
8853,27.0369.0423,27.369,Nội soi tạo hình niệu quản sau tĩnh mạch chủ,Ngoại khoa,Exclude
8854,27.0370.1210,27.370,Phẫu thuật nội soi cắm lại niệu quản vào bàng quang,Phẫu thuật Nội soi,Exclude
8855,27.0371.0418,27.371,Phẫu thuật nội soi sau phúc mạc lấy sỏi niệu quản,Ngoại khoa,Exclude
8856,27.0372.1196,27.372,Nội soi xẻ lỗ niệu quản lấy sỏi,Nội soi chẩn đoán can thiệp,Exclude
8857,27.0377.1197,27.377,Nội soi xẻ sa lồi lỗ niệu quản,Nội soi chẩn đoán can thiệp,Exclude
8858,27.0378.0104,27.378,Nội soi nong niệu quản hẹp,Các thủ thuật và dịch vụ Nội soi,Exclude
8859,27.0379.0440,27.379,Nội soi niệu quản 2 bên 1 thì tán sỏi niệu quản,Ngoại khoa,Exclude
8860,27.0380.0418,27.380,Nội soi niệu quản 2 bên 1 thì gắp sỏi niệu quản,Ngoại khoa,Exclude
8861,27.0381.0427,27.381,Phẫu thuật nội soi cắt bàng quang bán phần,Ngoại khoa,Exclude
8862,27.0382.0427,27.382,Phẫu thuật nội soi cắt bàng quang tận gốc,Ngoại khoa,Exclude
8863,27.0383.0426,27.383,Phẫu thuật nội soi cắt túi thừa bàng quang,Ngoại khoa,Exclude
8864,27.0384.1197,27.384,Nội soi cắt polyp cổ bàng quang,Nội soi chẩn đoán can thiệp,Exclude
8865,27.0385.0426,27.385,Nội soi bàng quang cắt u,Ngoại khoa,Exclude
8866,27.0386.0426,27.386,Cắt u bàng quang tái phát qua nội soi,Ngoại khoa,Exclude
8867,27.0387.0427,27.387,"Phẫu thuật nội soi cắt bàng quang, tạo hình bàng quang qua ổ bụng",Ngoại khoa,Exclude
8868,27.0388.1210,27.388,Phẫu thuật nội soi treo cổ bàng quang điều trị tiểu không kiểm soát,Phẫu thuật Nội soi,Exclude
8869,27.0389.1196,27.389,Nội soi xẻ cổ bàng quang điều trị xơ cứng cổ bàng quang,Nội soi chẩn đoán can thiệp,Exclude
8870,27.0391.0440,27.391,Nội soi bàng quang tán sỏi,Ngoại khoa,Exclude
8871,27.0392.1197,27.392,Nội soi khâu lỗ thủng bàng quang qua ổ bụng,Nội soi chẩn đoán can thiệp,Exclude
8872,27.0393.1196,27.393,Nội soi vá rò bàng quang - âm đạo,Nội soi chẩn đoán can thiệp,Exclude
8873,27.0395.0433,27.395,Phẫu thuật nội soi cắt toàn bộ tuyến tiền liệt,Ngoại khoa,Exclude
8874,27.0396.0433,27.396,Cắt u phì đại lành tính tuyến tiền liệt qua nội soi,Ngoại khoa,Exclude
8875,27.0397.0433,27.397,Phẫu thuật nội soi cắt u tiền liệt tuyến triệt căn qua ổ bụng hoặc ngoài phúc mạc,Ngoại khoa,Exclude
8876,27.0398.0423,27.398,Nội soi bóc u tiền liệt tuyến lành tính,Ngoại khoa,Exclude
8877,27.0399.0430,27.399,Điều trị u xơ tiền liệt tuyến bằng laser,Ngoại khoa,Exclude
8878,27.0400.1210,27.400,Nội soi tuyến tiền liệt bằng laser đông vón,Phẫu thuật Nội soi,Exclude
8879,27.0401.1210,27.401,Nội soi tuyến tiền liệt bằng sóng Radio cao tần,Phẫu thuật Nội soi,Exclude
8880,27.0402.1210,27.402,Nội soi tuyến tiền liệt bằng phương pháp nhiệt,Phẫu thuật Nội soi,Exclude
8881,27.0404.1196,27.404,Phẫu thuật nội soi hạ tinh hoàn ẩn,Nội soi chẩn đoán can thiệp,Exclude
8882,27.0405.1197,27.405,Phẫu thuật nội soi cắt tinh hoàn trong ổ bụng,Nội soi chẩn đoán can thiệp,Exclude
8883,27.0406.1197,27.406,Phẫu thuật nội soi thắt tĩnh mạch tinh,Nội soi chẩn đoán can thiệp,Exclude
8884,27.0407.1197,27.407,Phẫu thuật nội soi cắt xơ hẹp niệu đạo,Nội soi chẩn đoán can thiệp,Exclude
8885,27.0408.1197,27.408,Nội soi tán sỏi niệu đạo,Nội soi chẩn đoán can thiệp,Exclude
8886,27.0409.1197,27.409,"Nội soi cắt u niệu đạo, van niệu đạo",Nội soi chẩn đoán can thiệp,Exclude
8887,27.0410.1210,27.410,Nội soi bóc bạch mạch điều trị đái dưỡng chấp,Phẫu thuật Nội soi,Exclude
8888,27.0411.1209,27.411,Phẫu thuật nội soi nạo hạch bẹn 2 bên (trong ung thư dương vật),Phẫu thuật Nội soi,Exclude
8889,27.0412.0702,27.412,Phẫu thuật nội soi xử lý viêm phúc mạc tiểu khung,Phụ Sản,Exclude
8890,27.0413.0695,27.413,Phẫu thuật nội soi ổ bụng lấy dụng cụ tránh thai,Phụ Sản,Exclude
8891,27.0414.1196,27.414,Phẫu thuật nội soi cắt khối chửa ngoài tử cung,Nội soi chẩn đoán can thiệp,Exclude
8892,27.0415.0490,27.415,Phẫu thuật nội soi mở vòi trứng lấy khối chửa ngoài tử cung + tạo hình vòi trứng,Ngoại khoa,Exclude
8893,27.0417.0697,27.417,Phẫu thuật nội soi ổ bụng chẩn đoán trong phụ khoa,Phụ Sản,Exclude
8894,27.0418.1196,27.418,Phẫu thuật nội soi GEU thể huyết tụ thành nang,Nội soi chẩn đoán can thiệp,Exclude
8895,27.0419.0702,27.419,Phẫu thuật nội soi viêm phần phụ,Phụ Sản,Exclude
8896,27.0420.0701,27.420,Phẫu thuật vét hạch tiểu khung qua nội soi,Phụ Sản,Exclude
8897,27.0421.0687,27.421,Phẫu thuật nội soi bóc u xơ tử cung,Phụ Sản,Exclude
8898,27.0422.0688,27.422,Phẫu thuật nội soi buồng tử cung cắt polype,Phụ Sản,Exclude
8899,27.0423.0688,27.423,Phẫu thuật nội soi buồng tử cung cắt u xơ,Phụ Sản,Exclude
8900,27.0424.0688,27.424,Phẫu thuật nội soi buồng tử cung cắt dính buồng tử cung,Phụ Sản,Exclude
8901,27.0425.0688,27.425,Phẫu thuật nội soi buồng tử cung cắt vách ngăn,Phụ Sản,Exclude
8902,27.0426.0690,27.426,Phẫu thuật nội soi cắt tử cung vét hạch tiểu khung,Phụ Sản,Exclude
8903,27.0427.0689,27.427,Phẫu thuật nội soi cắt tử cung hoàn toàn để lại 2 phần phụ,Phụ Sản,Exclude
8904,27.0428.0690,27.428,Phẫu thuật nội soi cắt tử cung hoàn toàn + cắt 2 phần phụ,Phụ Sản,Exclude
8905,27.0429.0690,27.429,Phẫu thuật nội soi cắt góc tử cung ở bệnh nhân GEU,Phụ Sản,Exclude
8906,27.0430.0698,27.430,Phẫu thuật nội soi điều trị sa sinh dục,Phụ Sản,Exclude
8907,27.0431.0689,27.431,Phẫu thuật nội soi cắt góc buồng trứng,Phụ Sản,Exclude
8908,27.0432.0689,27.432,Phẫu thuật nội soi u buồng trứng trên bệnh nhân có thai,Phụ Sản,Exclude
8909,27.0433.0689,27.433,Cắt u buồng trứng qua nội soi,Phụ Sản,Exclude
8910,27.0434.0689,27.434,Phẫu thuật nội soi u nang buồng trứng,Phụ Sản,Exclude
8911,27.0436.0690,27.436,Cắt u buồng trứng + tử cung qua nội soi,Phụ Sản,Exclude
8912,27.0437.1197,27.437,Thông vòi tử cung qua nội soi,Nội soi chẩn đoán can thiệp,Exclude
8913,27.0438.0541,27.438,Phẫu thuật nội soi tạo hình mỏm cùng vai,Ngoại khoa,Exclude
8914,27.0439.0541,27.439,Phẫu thuật nội soi điều trị mất vững khớp vai theo phương pháp Latarjet,Ngoại khoa,Exclude
8915,27.0440.0541,27.440,Phẫu thuật nội soi điều trị mất vững khớp vai,Ngoại khoa,Exclude
8916,27.0441.0541,27.441,Phẫu thuật nội soi khâu khoảng gian chóp xoay,Ngoại khoa,Exclude
8917,27.0442.0541,27.442,Phẫu thuật nội soi điều trị rách sụn viền trên từ trước ra sau,Ngoại khoa,Exclude
8918,27.0443.0542,27.443,Phẫu thuật nội soi tái tạo dây chằng quạ đòn,Ngoại khoa,Exclude
8919,27.0444.0541,27.444,Phẫu thuật nội soi điều trị thoái khớp cùng đòn,Ngoại khoa,Exclude
8920,27.0445.0542,27.445,Phẫu thuật nội soi đính lại điểm bám gân nhị đầu,Ngoại khoa,Exclude
8921,27.0446.0541,27.446,Phẫu thuật nội soi cắt đầu dài gân nhị đầu,Ngoại khoa,Exclude
8922,27.0447.0541,27.447,Phẫu thuật nội soi điều trị viêm co rút khớp vai,Ngoại khoa,Exclude
8923,27.0448.0541,27.448,Phẫu thuật nội soi khâu chóp xoay,Ngoại khoa,Exclude
8924,27.0449.0541,27.449,Phẫu thuật nội soi điều trị viêm khớp vai,Ngoại khoa,Exclude
8925,27.0451.1196,27.451,Phẫu thuật nội soi cắt hoạt mạc viêm khớp khuỷu,Nội soi chẩn đoán can thiệp,Exclude
8926,27.0452.0541,27.452,Phẫu thuật nội soi điều trị cứng khớp khuỷu,Ngoại khoa,Exclude
8927,27.0453.0541,27.453,Phẫu thuật nội soi điều trị gãy xương vùng khuỷu,Ngoại khoa,Exclude
8928,27.0454.1196,27.454,Phẫu thuật nội soi điều trị viêm mỏm trên lồi cầu ngoài,Nội soi chẩn đoán can thiệp,Exclude
8929,27.0455.1196,27.455,Phẫu thuật nội soi giải phóng ống cổ tay,Nội soi chẩn đoán can thiệp,Exclude
8930,27.0456.1196,27.456,Phẫu thuật nội soi cắt u họat dịch cổ tay,Nội soi chẩn đoán can thiệp,Exclude
8931,27.0457.1209,27.457,Phẫu thuật nội soi điều trị tổn thương phức hợp sụn sợi tam giác,Phẫu thuật Nội soi,Exclude
8932,27.0458.0541,27.458,Phẫu thuật nội soi cắt hoạt mạc viêm khớp hang,Ngoại khoa,Exclude
8933,27.0459.0541,27.459,Phẫu thuật nội soi điều trị rách sụn viền ổ cối,Ngoại khoa,Exclude
8934,27.0460.0541,27.460,Phẫu thuật nội soi cắt hoạt mạc viêm khớp gối,Ngoại khoa,Exclude
8935,27.0461.0541,27.461,Phẫu thuật nội soi cắt sụn chêm,Ngoại khoa,Exclude
8936,27.0462.0541,27.462,Phẫu thuật nội soi khâu sụn chêm,Ngoại khoa,Exclude
8937,27.0463.0541,27.463,Phẫu thuật nội soi cắt lọc sụn khớp gối,Ngoại khoa,Exclude
8938,27.0464.0541,27.464,Phẫu thuật nội soi khoan kích thích tủy,Ngoại khoa,Exclude
8939,27.0465.0541,27.465,Phẫu thuật nội soi ghép sụn xương tự thân,Ngoại khoa,Exclude
8940,27.0466.0542,27.466,Phẫu thuật nội soi tái tạo dây chằng chéo trước bằng gân bánh chè tự thân,Ngoại khoa,Exclude
8941,27.0467.0542,27.467,Phẫu thuật nội soi tái tạo dây chằng chéo trước bằng gân chân ngỗng,Ngoại khoa,Exclude
8942,27.0468.0542,27.468,Phẫu thuật nội soi tái tạo dây chằng chéo trước bằng gân tứ đầu,Ngoại khoa,Exclude
8943,27.0469.0542,27.469,Phẫu thuật nội soi tái tạo lại dây chằng chéo trước,Ngoại khoa,Exclude
8944,27.0470.0542,27.470,Phẫu thuật nội soi tái tạo dây chằng chéo sau,Ngoại khoa,Exclude
8945,27.0471.0542,27.471,Phẫu thuật nội soi tái tạo dây chằng chéo trước bằng kỹ thuật hai bó,Ngoại khoa,Exclude
8946,27.0472.0542,27.472,Phẫu thuật nội soi điều trị mất vững bánh chè,Ngoại khoa,Exclude
8947,27.0473.1209,27.473,Phẫu thuật nội soi hổ trợ điều trị gãy xương phạm khớp vùng gối,Phẫu thuật Nội soi,Exclude
8948,27.0474.0542,27.474,Phẫu thuật nội soi tái tạo dây chằng chéo trước bằng gân xương bánh chè đồng loại 1 bó,Ngoại khoa,Exclude
8949,27.0475.0542,27.475,Phẫu thuật nội soi tái tạo dây chằng chéo trước bằng gân xương bánh chè đồng loại 2 bó,Ngoại khoa,Exclude
8950,27.0476.0542,27.476,Phẫu thuật nội soi tái tạo dây chằng chéo trước bằng gân achille đồng loại 1 bó,Ngoại khoa,Exclude
8951,27.0477.0542,27.477,Phẫu thuật nội soi tái tạo dây chằng chéo trước bằng gân achille đồng loại 2 bó,Ngoại khoa,Exclude
8952,27.0478.0542,27.478,"Phẫu thuật nội soi tái tạo đồng thời nhiều dây chằng (chéo trước, chéo sau) bằng gân đồng loại",Ngoại khoa,Exclude
8953,27.0479.0542,27.479,"Phẫu thuật nội soi điều trị khớp gối bằng gân đồng loại (nội soi tái tạo dây chằng chéo trước, chéo sau, mổ mở tái tạo dây chằng bên chầy, bên mác)",Ngoại khoa,Exclude
8954,27.0480.0541,27.480,Phẫu thuật nội soi điều trị vỡ xương bánh chè,Ngoại khoa,Exclude
8955,27.0481.0541,27.481,Phẫu thuật nội soi gỡ dính khớp gối,Ngoại khoa,Exclude
8956,27.0482.0541,27.482,Phẫu thuật nội soi hàn khớp cổ chân,Ngoại khoa,Exclude
8957,27.0483.0541,27.483,Phẫu thuật nội soi hàn khớp dưới sên,Ngoại khoa,Exclude
8958,27.0484.0541,27.484,Phẫu thuật nội soi điều trị hội chứng chèn ép trước cổ chân,Ngoại khoa,Exclude
8959,27.0486.0541,27.486,Phẫu thuật nội soi điều trị cứng khớp cổ chân,Ngoại khoa,Exclude
8960,27.0493.1209,27.493,"Phẫu thuật nội soi lấy vạt: Vạt cơ lưng to, Vạt cơ thẳng bụng, Vạt mạc treo …",Phẫu thuật Nội soi,Exclude
8961,27.0494.1209,27.494,Phẫu thuật nội soi chẩn đoán (u vú),Phẫu thuật Nội soi,Exclude
8962,27.0496.1209,27.496,"Phẫu thuật nội soi lấy vạt: Vạt cơ thon, cơ thẳng đùi, cơ rộng trong …",Phẫu thuật Nội soi,Exclude
8963,27.0503.0541,27.503,Phẫu thuật nội soi khớp cổ chân cắt hoạt mạc viêm,Ngoại khoa,Exclude
8964,27.0504.0541,27.504,Phẫu thuật nội soi khớp cổ chân cắt lọc sụn khớp cổ chân,Ngoại khoa,Exclude
8965,27.0518.0428,27.518,Phẫu thuật nội soi cắt cổ bàng quang,Ngoại khoa,Exclude
8966,27.0519.0431,27.519,Nội soi cắt đốt u lành tuyến tiền liệt qua đường niệu đạo (TURP),Ngoại khoa,Exclude
8967,27.0520.0560,27.520,Phẫu thuật nội soi tái tạo gân,Ngoại khoa,Exclude
8968,28.0003.0573,28.3,Phẫu thuật che phủ vết thương khuyết da đầu mang tóc bằng vạt tại chỗ,Ngoại khoa,Exclude
8969,28.0004.0573,28.4,Phẫu thuật che phủ vết thương khuyết da đầu mang tóc bằng vạt lân cận,Ngoại khoa,Exclude
8970,28.0005.0578,28.5,Phẫu thuật che phủ vết thương khuyết da đầu mang tóc bằng vạt tự do,Ngoại khoa,Exclude
8971,28.0008.0574,28.8,Phẫu thuật điều trị da đầu đứt rời không sử dụng kỹ thuật vi phẫu,Ngoại khoa,Exclude
8972,28.0008.0575,28.8,Phẫu thuật điều trị da đầu đứt rời không sử dụng kỹ thuật vi phẫu,Ngoại khoa,Exclude
8973,28.0009.1044,28.9,Phẫu thuật cắt bỏ u da lành tính vùng da đầu dưới 2cm,Răng Hàm Mặt,Exclude
8974,28.0010.1044,28.10,Phẫu thuật cắt bỏ u da lành tính vùng da đầu từ 2cm trở lên,Răng Hàm Mặt,Exclude
8975,28.0011.0583,28.11,Phẫu thuật cắt bỏ ung thư da vùng da đầu dưới 2cm,Ngoại khoa,Exclude
8976,28.0012.0582,28.12,Phẫu thuật cắt bỏ ung thư da vùng da đầu từ 2cm trở lên,Ngoại khoa,Exclude
8977,28.0013.0575,28.13,Tạo hình khuyết da đầu bằng ghép da mỏng,Ngoại khoa,Exclude
8978,28.0013.0574,28.13,Tạo hình khuyết da đầu bằng ghép da mỏng,Ngoại khoa,Exclude
8979,28.0014.0574,28.14,Tạo hình khuyết da đầu bằng ghép da dày,Ngoại khoa,Exclude
8980,28.0014.0575,28.14,Tạo hình khuyết da đầu bằng ghép da dày,Ngoại khoa,Exclude
8981,28.0016.1136,28.16,Tạo hình khuyết da đầu bằng vạt da tại chỗ,Bỏng,Exclude
8982,28.0017.1136,28.17,Phẫu thuật tạo vạt da lân cận che phủ các khuyết da đầu,Bỏng,Exclude
8983,28.0019.0573,28.19,Phẫu thuật tạo hình che phủ khuyết phức hợp vùng đầu bằng vạt da cân xương có cuống nuôi,Ngoại khoa,Exclude
8984,28.0021.1135,28.21,Phẫu thuật đặt túi giãn da vùng da đầu,Bỏng,Exclude
8985,28.0022.0324,28.22,Bơm túi giãn da vùng da đầu,Da liễu,Exclude
8986,28.0023.1135,28.23,Phẫu thuật tạo vạt giãn da vùng da đầu,Bỏng,Exclude
8987,28.0024.1135,28.24,Phẫu thuật giãn da cấp tính vùng da đầu,Bỏng,Exclude
8988,28.0025.1134,28.25,Phẫu thuật ghép mỡ trung bì vùng trán,Bỏng,Exclude
8989,28.0026.0384,28.26,Phẫu thuật độn khuyết xương sọ bằng sụn tự thân,Ngoại khoa,Exclude
8990,28.0027.0384,28.27,Phẫu thuật độn khuyết xương sọ bằng xương tự thân,Ngoại khoa,Exclude
8991,28.0028.0384,28.28,Phẫu thuật độn khuyết xương sọ bằng xương đồng loại,Ngoại khoa,Exclude
8992,28.0029.0384,28.29,Phẫu thuật độn khuyết xương sọ bằng chất liệu nhân tạo,Ngoại khoa,Exclude
8993,28.0030.1134,28.30,Phẫu thuật ghép mỡ tự thân coleman vùng trán,Bỏng,Exclude
8994,28.0031.0384,28.31,Phẫu thuật tái tạo trán lõm bằng xi măng xương,Ngoại khoa,Exclude
8995,28.0032.0583,28.32,Phẫu thuật lấy mảnh xương sọ hoại tử,Ngoại khoa,Exclude
8996,28.0033.0773,28.33,Xử lý vết thương phần mềm nông vùng mi mắt,Mắt,Exclude
8997,28.0035.0772,28.35,Khâu phục hồi bờ mi,Mắt,Exclude
8998,28.0038.1136,28.38,Phẫu thuật tạo vạt da tại chỗ cho vết thương khuyết da mi,Bỏng,Exclude
8999,28.0039.1136,28.39,Phẫu thuật tạo vạt da lân cận cho vết thương khuyết da mi,Bỏng,Exclude
9000,28.0040.0583,28.40,Phẫu thuật tái tạo cho vết thương góc mắt,Ngoại khoa,Exclude
9001,28.0041.0573,28.41,Phẫu thuật tạo vạt da tại chỗ cho vết thương khuyết toàn bộ mi trên,Ngoại khoa,Exclude
9002,28.0042.1136,28.42,Phẫu thuật tạo vạt da tại chỗ cho vết thương khuyết toàn bộ mi dưới,Bỏng,Exclude
9003,28.0043.0826,28.43,"Phẫu thuật rút ngắn, gấp cơ nâng mi trên điều trị sụp mi",Mắt,Exclude
9004,28.0044.0826,28.44,Phẫu thuật treo mi lên cơ trán điều trị sụp mi,Mắt,Exclude
9005,28.0045.0826,28.45,Phẫu thuật hạ mi trên,Mắt,Exclude
9006,28.0046.0826,28.46,Kéo dài cân cơ nâng mi,Mắt,Exclude
9007,28.0053.0817,28.53,Phẫu thuật hẹp khe mi,Mắt,Exclude
9008,28.0064.0562,28.64,Phẫu thuật cắt bỏ khối u da ác tính mi mắt,Ngoại khoa,Exclude
9009,28.0065.0583,28.65,Phẫu thuật ghép sụn mi mắt,Ngoại khoa,Exclude
9010,28.0066.0575,28.66,Phẫu thuật ghép da tự thân vùng mi mắt,Ngoại khoa,Exclude
9011,28.0068.1134,28.68,Phẫu thuật ghép mỡ tự thân coleman điều trị lõm mắt,Bỏng,Exclude
9012,28.0069.1134,28.69,Phẫu thuật ghép mỡ trung bì tự thân điều trị lõm mắt,Bỏng,Exclude
9013,28.0070.0800,28.70,Đặt sụn sườn vào dưới màng xương điều trị lõm mắt,Mắt,Exclude
9014,28.0071.0583,28.71,Đặt bản Silicon điều trị lõm mắt,Ngoại khoa,Exclude
9015,28.0072.0800,28.72,Nâng sàn hốc mắt,Mắt,Exclude
9016,28.0073.0582,28.73,Tạo hình hốc mắt trong tật không nhãn cầu để lắp mắt giả,Ngoại khoa,Exclude
9017,28.0074.0337,28.74,"Phẫu thuật làm hẹp khe mi, rút ngắn dây chằng mi ngoài, mi trong điều trị hở mi do liệt dây VII",Da liễu,Exclude
9018,28.0075.0337,28.75,Tái tạo toàn bộ mi bằng vạt có cuống mạch,Da liễu,Exclude
9019,28.0076.1136,28.76,Tái tạo toàn bộ mi và cùng đồ bằng vạt có cuống mạch,Bỏng,Exclude
9020,28.0077.0578,28.77,Tái tạo toàn bộ mi bằng vạt tự do,Ngoại khoa,Exclude
9021,28.0078.1203,28.78,Tái tạo toàn bộ mi và cùng đồ bằng vạt tự do,Vi phẫu,Exclude
9022,28.0081.0573,28.81,Tái tạo cung mày bằng vạt có cuống mạch nuôi,Ngoại khoa,Exclude
9023,28.0084.0583,28.84,Phẫu thuật ghép bộ phận mũi đứt rời không sử dụng vi phẫu,Ngoại khoa,Exclude
9024,28.0085.1203,28.85,Phẫu thuật ghép bộ phận mũi đứt rời có sử dụng vi phẫu,Vi phẫu,Exclude
9025,28.0086.0578,28.86,Phẫu thuật ghép toàn bộ mũi đứt rời có sử dụng vi phẫu,Ngoại khoa,Exclude
9026,28.0090.0573,28.90,Phẫu thuật tạo hình tháp mũi bằng vạt có cuống mạch nuôi,Ngoại khoa,Exclude
9027,28.0091.0573,28.91,Phẫu thuật tạo hình tháp mũi bằng vạt da kế cận,Ngoại khoa,Exclude
9028,28.0092.0578,28.92,Phẫu thuật tạo hình tháp mũi bằng vạt da từ xa,Ngoại khoa,Exclude
9029,28.0093.0573,28.93,Phẫu thuật tạo hình cánh mũi bằng các vạt da có cuống mach nuôi,Ngoại khoa,Exclude
9030,28.0094.0573,28.94,Phẫu thuật tạo hình cánh mũi bằng ghép phức hợp vành tai,Ngoại khoa,Exclude
9031,28.0095.0836,28.95,Phẫu thuật cắt bỏ u lành tính vùng mũi (dưới 2cm),Mắt,Exclude
9032,28.0096.0834,28.96,Phẫu thuật cắt bỏ u lành tính vùng mũi (trên 2cm),Mắt,Exclude
9033,28.0098.0583,28.98,Phẫu thuật sửa cánh mũi trong sẹo khe hở môi đơn,Ngoại khoa,Exclude
9034,28.0099.0582,28.99,Phẫu thuật sửa cánh mũi trong sẹo khe hở môi kép,Ngoại khoa,Exclude
9035,28.0104.1135,28.104,Phẫu thuật đặt túi gĩan da cho tạo hình tháp mũi,Bỏng,Exclude
9036,28.0105.1135,28.105,Phẫu thuật tạo tạo vạt giãncho tạo hình tháp mũi,Bỏng,Exclude
9037,28.0107.0573,28.107,Phẫu thuật tạo lỗ mũi,Ngoại khoa,Exclude
9038,28.0108.0573,28.108,Phẫu thuật giải phóng sẹo chít hẹp lỗ mũi,Ngoại khoa,Exclude
9039,28.0108.0575,28.108,Phẫu thuật giải phóng sẹo chít hẹp lỗ mũi,Ngoại khoa,Exclude
9040,28.0110.0584,28.110,Khâu vết thương vùng môi,Ngoại khoa,Exclude
9041,28.0111.0575,28.111,Phẫu thuật tái tạo khuyết nhỏ do vết thương môi,Ngoại khoa,Exclude
9042,28.0113.1203,28.113,Ghép một phần môi đứt rời bằng kỹ thuật vi phẫu,Vi phẫu,Exclude
9043,28.0114.1203,28.114,Ghép toàn bộ môi đứt rời bằng kỹ thuật vi phẫu,Vi phẫu,Exclude
9044,28.0115.1203,28.115,Ghép toàn bộ môi đứt rời và phần xung quanh bằng kỹ thuật vi phẫu,Vi phẫu,Exclude
9045,28.0116.0573,28.116,Phẫu thuật tạo hình môi toàn bộ bằng vạt tại chỗ,Ngoại khoa,Exclude
9046,28.0117.0578,28.117,Phẫu thuật tạo hình môi toàn bộ bằng vạt tự do,Ngoại khoa,Exclude
9047,28.0118.0573,28.118,Phẫu thuật tạo hình môi từng phần bằng vạt tại chỗ,Ngoại khoa,Exclude
9048,28.0119.0573,28.119,Phẫu thuật tạo hình môi từng phần bằng vạt lân cận,Ngoại khoa,Exclude
9049,28.0120.0578,28.120,Phẫu thuật tạo hình môi từng phần bằng vạt từ xa,Ngoại khoa,Exclude
9050,28.0121.0578,28.121,Phẫu thuật tạo hình môi kết hợp các bộ phận xung quanh bằng kỹ thuật vi phẫu,Ngoại khoa,Exclude
9051,28.0125.1087,28.125,Phẫu thuật tạo hình biến dạng môi trong sẹo khe hở môi một bên,Răng Hàm Mặt,Exclude
9052,28.0126.1086,28.126,Phẫu thuật tạo hình biến dạng môi trong sẹo khe hở môi hai bên,Răng Hàm Mặt,Exclude
9053,28.0127.1084,28.127,Phẫu thuật tạo hình khe hở vòm miệng mắc phải,Răng Hàm Mặt,Exclude
9054,28.0128.1084,28.128,Phẫu thuật tạo hình khe hở vòm miệng bẩm sinh,Răng Hàm Mặt,Exclude
9055,28.0129.1084,28.129,Phẫu thuật tạo hình thông mũi miệng,Răng Hàm Mặt,Exclude
9056,28.0130.1085,28.130,Phẫu thuật tạo hình thiểu năng vòm hầu bằng vạt thành họng sau,Răng Hàm Mặt,Exclude
9057,28.0133.0587,28.133,Phẫu thuật tạo hình sẹo dính mép,Ngoại khoa,Exclude
9058,28.0134.0583,28.134,Phẫu thuật tạo hình nhân trung,Ngoại khoa,Exclude
9059,28.0138.0583,28.138,Phẫu thuật ghép mảnh nhỏ vành tai đứt rời,Ngoại khoa,Exclude
9060,28.0139.1203,28.139,Phẫu thuật ghép vành tai đứt rời bằng vi phẫu,Vi phẫu,Exclude
9061,28.0141.1136,28.141,Phẫu thuật tạo hình khuyết 1/3 vành tai bằng vạt tại chỗ,Bỏng,Exclude
9062,28.0142.1136,28.142,Phẫu thuật tạo hình khuyết 1/2 vành tai bằng vạt tại chỗ,Bỏng,Exclude
9063,28.0143.1136,28.143,Phẫu thuật tạo hình khuyết ¼ vành tai bằng vạt tại chỗ,Bỏng,Exclude
9064,28.0144.0578,28.144,Phẫu thuật tạo hình khuyết bộ phận vành tai bằng vạt da tự do,Ngoại khoa,Exclude
9065,28.0145.0581,28.145,Phẫu thuật tạo hình toàn bộ vành tai bằng sụn tự thân (thì 1),Ngoại khoa,Exclude
9066,28.0147.0573,28.147,Phẫu thuật tạo hình dựng vành tai trong mất toàn bộ vành tai (thì 2),Ngoại khoa,Exclude
9067,28.0155.1136,28.155,Phẫu thuật tạo hình dị dạng dái tai bằng vạt tại chỗ,Bỏng,Exclude
9068,28.0158.0909,28.158,Phẫu thuật cắt bỏ u sụn vành tai,Tai Mũi Họng,Exclude
9069,28.0158.0910,28.158,Phẫu thuật cắt bỏ u sụn vành tai,Tai Mũi Họng,Exclude
9070,28.0159.1044,28.159,Phẫu thuật cắt bỏ u da lành tính vành tai,Răng Hàm Mặt,Exclude
9071,28.0160.0562,28.160,Phẫu thuật cắt bỏ u da ác tính vành tai,Ngoại khoa,Exclude
9072,28.0161.0576,28.161,Phẫu thuật khâu đơn giản vết thương vùng mặt cổ,Ngoại khoa,Exclude
9073,28.0162.0576,28.162,Phẫu thuật vết thương phần mềm vùng hàm mặt không thiếu hổng tổ chức,Ngoại khoa,Exclude
9074,28.0166.0979,28.166,"Phẫu thuật phục hồi, tái tạo dây thần kinh VII (đoạn ngoài sọ)",Tai Mũi Họng,Exclude
9075,28.0168.1076,28.168,Phẫu thuật khâu vết thương thấu má và ống tuyến nước bọt,Răng Hàm Mặt,Exclude
9076,28.0174.1076,28.174,Phẫu thuật vết thương vùng hàm mặt do hoả khí,Răng Hàm Mặt,Exclude
9077,28.0176.1076,28.176,Phẫu thuật lấy dị vật vùng hàm mặt,Răng Hàm Mặt,Exclude
9078,28.0177.0561,28.177,Phẫu thuật tạo hình khe hở sọ mặt số 0,Ngoại khoa,Exclude
9079,28.0178.0561,28.178,Phẫu thuật tạo hình khe hở sọ mặt số 1 - 14,Ngoại khoa,Exclude
9080,28.0179.0561,28.179,Phẫu thuật tạo hình khe hở sọ mặt số 2 - 13,Ngoại khoa,Exclude
9081,28.0180.0561,28.180,Phẫu thuật tạo hình khe hở sọ mặt số 3 - 12,Ngoại khoa,Exclude
9082,28.0181.0561,28.181,Phẫu thuật tạo hình khe hở sọ mặt số 4 - 11,Ngoại khoa,Exclude
9083,28.0182.0561,28.182,Phẫu thuật tạo hình khe hở sọ mặt số 5 - 10,Ngoại khoa,Exclude
9084,28.0183.0561,28.183,Phẫu thuật tạo hình khe hở sọ mặt số 6 - 9,Ngoại khoa,Exclude
9085,28.0184.0561,28.184,Phẫu thuật tạo hình khe hở sọ mặt số 7,Ngoại khoa,Exclude
9086,28.0185.0561,28.185,Phẫu thuật tạo hình khe hở sọ mặt số 8,Ngoại khoa,Exclude
9087,28.0186.0561,28.186,Phẫu thuật tạo hình khe hở sọ mặt 2 bên,Ngoại khoa,Exclude
9088,28.0187.1064,28.187,Phẫu thuật chỉnh sửa góc hàm xương hàm dưới,Răng Hàm Mặt,Exclude
9089,28.0188.1064,28.188,Phẫu thuật chỉnh sửa gò má - cung tiếp,Răng Hàm Mặt,Exclude
9090,28.0189.1064,28.189,Phẫu thuật cắt chỉnh cằm,Răng Hàm Mặt,Exclude
9091,28.0190.1064,28.190,Phẫu thuật chỉnh sửa thân xương hàm dưới,Răng Hàm Mặt,Exclude
9092,28.0192.0535,28.192,Phẫu thuật tạo hình liệt mặt do dây VII bằng kỹ thuật treo,Ngoại khoa,Exclude
9093,28.0194.1134,28.194,Phẫu thuật tạo hình thiểu sản bẩm sinh nửa mặt bằng ghép mỡ coleman,Bỏng,Exclude
9094,28.0196.1134,28.196,Phẫu thuật tạo hình thiểu sản bẩm sinh toàn bộ mặt bằng ghép mỡ coleman,Bỏng,Exclude
9095,28.0200.0573,28.200,"Phẫu thuật sửa sẹo vùng cổ, mặt bằng vạt da tại chỗ",Ngoại khoa,Exclude
9096,28.0201.0573,28.201,"Phẫu thuật sửa sẹo vùng cổ, mặt bằng vạt da lân cận",Ngoại khoa,Exclude
9097,28.0205.0553,28.205,Phẫu thuật ghép xương tự thân tức thì sau cắt đoạn xương hàm trên,Ngoại khoa,Exclude
9098,28.0209.1136,28.209,Phẫu thuật điều trị hoại tử mô do tia xạ bằng vạt có cuống mạch nuôi,Bỏng,Exclude
9099,28.0217.1059,28.217,Cắt u máu vùng đầu mặt cổ,Răng Hàm Mặt,Exclude
9100,28.0218.1059,28.218,Cắt dị dạng bạch mạch đầu mặt cổ,Răng Hàm Mặt,Exclude
9101,28.0232.0552,28.232,Phẫu thuật vi phẫu ghép tức thì sau cắt đoạn xương hàm dưới bằng xương mác,Ngoại khoa,Exclude
9102,28.0233.0552,28.233,Phẫu thuật vi phẫu ghép tức thì sau cắt đoạn xương hàm dưới bằng xương mào chậu,Ngoại khoa,Exclude
9103,28.0234.0552,28.234,Phẫu thuật vi phẫu ghép tức thì sau cắt đoạn xương hàm dưới bằng xương đòn,Ngoại khoa,Exclude
9104,28.0235.1134,28.235,Ghép mỡ tự thân coleman,Bỏng,Exclude
9105,28.0241.1136,28.241,Phẫu thuật tái tạo vú sau ung thư bằng vạt da cơ có cuống mạch,Bỏng,Exclude
9106,28.0246.1136,28.246,Phẫu thuật điều trị loét sạ trị vùng ngực bằng vạt da cơ có cuống mạch,Bỏng,Exclude
9107,28.0247.1136,28.247,Phẫu thuật điều trị loét sạ trị vùng ngực bằng vạt da cơ có cuống mạch,Bỏng,Exclude
9108,28.0248.1136,28.248,Phẫu thuật điều trị loét sạ trị vùng ngưc bằng vạt da mạch xuyên vùng kế cận,Bỏng,Exclude
9109,28.0253.0573,28.253,Phẫu thuật thu nhỏ vú phì đại,Ngoại khoa,Exclude
9110,28.0258.1136,28.258,Phẫu thuật diều trị sẹo bỏng vú bằng vạt da cơ có cuống mạch,Bỏng,Exclude
9111,28.0259.1135,28.259,Phẫu thuật điều trị sẹo bỏng vú bằng kỹ thuật giãn da,Bỏng,Exclude
9112,28.0261.1136,28.261,Phẫu thuật điều trị ung thư da vú bằng vạt da tại chỗ,Bỏng,Exclude
9113,28.0262.1136,28.262,Phẫu thuật điều trị ung thư da vú bằng vạt da cơ có cuống mạch nuôi,Bỏng,Exclude
9114,28.0264.0653,28.264,Phẫu thuật cắt bỏ u xơ vú,Phụ Sản,Exclude
9115,28.0265.0653,28.265,Phẫu thuật cắt bỏ tuyến vú phụ,Phụ Sản,Exclude
9116,28.0266.0653,28.266,Phẫu thuật cắt bỏ vú thừa,Phụ Sản,Exclude
9117,28.0267.0653,28.267,Phẫu thuật cắt bỏ u tuyến vú lành tính philoid,Phụ Sản,Exclude
9118,28.0271.1136,28.271,Phẫu thuật Tạo hình khuyết phần mềm thành ngực bụng bằng vạt da lân cận,Bỏng,Exclude
9119,28.0273.1135,28.273,"Phẫu thuật Tạo hình khuyết phần mềm thành ngực, bụng bằng vạt giãn da",Bỏng,Exclude
9120,28.0278.0573,28.278,Phẫu thuật Tạo hình khuyết phần cơ thành bụng bằng vạt cân cơ lân cận,Ngoại khoa,Exclude
9121,28.0280.0571,28.280,Phẫu thuật cắt bỏ tổ chức hoại tử trong ổ loét tì đè,Ngoại khoa,Exclude
9122,28.0281.1126,28.281,Phẫu thuật loét tì đè cùng cụt bằng ghép da tự thân,Bỏng,Exclude
9123,28.0282.1136,28.282,Phẫu thuật loét tì đè cùng cụt bằng vạt da cơ có cuống mạch,Bỏng,Exclude
9124,28.0283.1136,28.283,Phẫu thuật loét tì đè ụ ngồi bằng vạt da cơ có cuống mạch,Bỏng,Exclude
9125,28.0284.1136,28.284,Phẫu thuật loét tì đè mấu chuyển bằng vạt da cơ có cuống mạch,Bỏng,Exclude
9126,28.0286.1136,28.286,Phẫu thuật tạo hình vết thương khuyết da dương vật bằng vạt da tại chỗ,Bỏng,Exclude
9127,28.0287.0574,28.287,Phẫu thuật ghép mảnh da dương vật bị lột găng,Ngoại khoa,Exclude
9128,28.0288.0576,28.288,Phẫu thuật điều trị vết thương dương vật,Ngoại khoa,Exclude
9129,28.0292.0437,28.292,Phẫu thuật tạo hình dương vật bằng vạt da có cuống mạch kế cận,Ngoại khoa,Exclude
9130,28.0294.1136,28.294,Phẫu thuật tạo hình bìu bằng vạt da có cuống mạch,Bỏng,Exclude
9131,28.0295.1136,28.295,Phẫu thuật vết thương khuyết da niêm mạc vùng âm hộ âm đạo bằng vạt da tại chỗ,Bỏng,Exclude
9132,28.0296.0651,28.296,Phẫu thuật cắt bỏ âm vật,Phụ Sản,Exclude
9133,28.0297.1137,28.297,Phẫu thuật tạo hình khuyết da âm hộ bằng vạt có cuống,Bỏng,Exclude
9134,28.0298.1126,28.298,Phẫu thuật tạo hình khuyết da âm hộ bằng ghép da tự thân,Bỏng,Exclude
9135,28.0299.0662,28.299,Phãu thuật cắt bỏ vách ngăn âm đạo,Phụ Sản,Exclude
9136,28.0304.0574,28.304,Phẫu thuật tạo hình dị tật ngắn âm đạo bằng ghép da tự thân,Ngoại khoa,Exclude
9137,28.0304.0575,28.304,Phẫu thuật tạo hình dị tật ngắn âm đạo bằng ghép da tự thân,Ngoại khoa,Exclude
9138,28.0305.0574,28.305,Phẫu thuật tạo hình dị tật ngắn âm đạo bằng vạt có cuống mạch nuôi,Ngoại khoa,Exclude
9139,28.0312.0705,28.312,Phẫu thuật tạo hình âm đạo trong lưỡng giới,Phụ Sản,Exclude
9140,28.0315.1126,28.315,Phẫu thuật ghép da tự thân các khuyết phần mềm cánh tay,Bỏng,Exclude
9141,28.0316.1126,28.316,Phẫu thuật ghép da tự thân các khuyết phần mềm cẳng tay,Bỏng,Exclude
9142,28.0317.0573,28.317,Phẫu thuật tạo hình các khuyết phần mềm phức tạp cánh tay bằng vạt tại chỗ,Ngoại khoa,Exclude
9143,28.0318.0573,28.318,Phẫu thuật tạo hình các khuyết phần mềm phức tạp cẳng tay bằng vạt tại chỗ,Ngoại khoa,Exclude
9144,28.0319.0573,28.319,Phẫu thuật tạo hình các khuyết phần mềm phức tạp cánh tay bằng vạt lân cận,Ngoại khoa,Exclude
9145,28.0320.0573,28.320,Phẫu thuật tạo hình các khuyết phần mềm phức tạp cẳng tay bằng vạt lân cận,Ngoại khoa,Exclude
9146,28.0323.1126,28.323,Phẫu thuật điều trị vết thương bàn tay bằng ghép da tự thân,Bỏng,Exclude
9147,28.0324.0573,28.324,Phẫu thuật điều trị vết thương bàn tay bằng các vạt da tại chỗ,Ngoại khoa,Exclude
9148,28.0325.0573,28.325,Phẫu thuật điều trị vết thương bàn tay bằng các vạt da lân cận,Ngoại khoa,Exclude
9149,28.0329.0573,28.329,Phẫu thuật điều trị vết thương ngón tay bằng các vạt da tại chỗ,Ngoại khoa,Exclude
9150,28.0330.0573,28.330,Phẫu thuật điều trị vết thương ngón tay bằng các vạt da lân cận,Ngoại khoa,Exclude
9151,28.0331.0573,28.331,Phẫu thuật điều trị vết thương ngón tay bằng các vạt da từ xa,Ngoại khoa,Exclude
9152,28.0335.0556,28.335,Phẫu thuật gãy đốt bàn ngón tay kết hợp xương với Kirschner hoặc nẹp vít,Ngoại khoa,Exclude
9153,28.0337.0559,28.337,Nối gân gấp,Ngoại khoa,Exclude
9154,28.0338.0559,28.338,Phẫu thuật ghép gân gấp không sử dụng vi phẫu thuật,Ngoại khoa,Exclude
9155,28.0340.0559,28.340,Nối gân duỗi,Ngoại khoa,Exclude
9156,28.0342.0559,28.342,Khâu nối thần kinh không sử dụng vi phẫu thuật,Ngoại khoa,Exclude
9157,28.0344.0559,28.344,Gỡ dính thần kinh,Ngoại khoa,Exclude
9158,28.0347.0552,28.347,Phẫu thuật tái tạo ngón cái bằng kỹ thuật vi phẫu,Ngoại khoa,Exclude
9159,28.0348.0552,28.348,Phẫu thuật tái tạo ngón trỏ bằng kỹ thuật vi phẫu,Ngoại khoa,Exclude
9160,28.0350.0552,28.350,Chuyển ngón có cuống mạch nuôi,Ngoại khoa,Exclude
9161,28.0352.1091,28.352,Rút nẹp vít và các dụng cụ khác sau phẫu thuật [Dùng cho chuyên khoa Răng Hàm Mặt và 1 bên],Răng Hàm Mặt,Exclude
9162,28.0363.0573,28.363,Phẫu thuật sửa sẹo co nách bằng vạt da tại chỗ,Ngoại khoa,Exclude
9163,28.0364.0573,28.364,Phẫu thuật sửa sẹo co khuỷu bằng vạt tại chỗ,Ngoại khoa,Exclude
9164,28.0365.0573,28.365,Phẫu thuật sửa sẹo co nách bằng vạt da cơ lân cận,Ngoại khoa,Exclude
9165,28.0372.0573,28.372,Phẫu thuật sửa sẹo co cổ bàn tay bằng ghép da tự thân,Ngoại khoa,Exclude
9166,28.0373.0574,28.373,Phẫu thuật sửa sẹo co ngón tay bằng ghép da tự thân,Ngoại khoa,Exclude
9167,28.0380.0573,28.380,Phẫu thuật tạo vạt trì hoãn cho bàn ngón tay,Ngoại khoa,Exclude
9168,28.0382.0584,28.382,Phẫu thuật ghép móng,Ngoại khoa,Exclude
9169,28.0385.0574,28.385,Phẫu thuật tạo hình các khuyết da vùng đùi bằng ghép da tự thân,Ngoại khoa,Exclude
9170,28.0386.0574,28.386,Phẫu thuật tạo hình các khuyết da vùng khoeo bằng ghép da tự thân,Ngoại khoa,Exclude
9171,28.0387.0574,28.387,Phẫu thuật tạo hình các khuyết da vùng cẳng bằng ghép da tự thân,Ngoại khoa,Exclude
9172,28.0390.0573,28.390,Phẫu thuật tạo hình các khuyết da vùng đùi bằng vạt da tại chỗ,Ngoại khoa,Exclude
9173,28.0391.0573,28.391,Phẫu thuật tạo hình các khuyết da vùng khoeo bằng vạt da tại chỗ,Ngoại khoa,Exclude
9174,28.0392.0573,28.392,Phẫu thuật tạo hình các khuyết da vùng cẳng chân bằng vạt da tại chỗ,Ngoại khoa,Exclude
9175,28.0393.0573,28.393,Phẫu thuật tạo hình các khuyết da vùng bàn chân bằng vạt da tại chỗ,Ngoại khoa,Exclude
9176,28.0394.0573,28.394,Phẫu thuật tạo hình các khuyết da vùng đùi bằng vạt da lân cận,Ngoại khoa,Exclude
9177,28.0395.0573,28.395,Phẫu thuật tạo hình các khuyết da vùng khoeo bằng vạt da lân cận,Ngoại khoa,Exclude
9178,28.0396.0573,28.396,Phẫu thuật tạo hình các khuyết da vùng cẳng chân bằng vạt da lân cận,Ngoại khoa,Exclude
9179,28.0397.0573,28.397,Phẫu thuật tạo hình các khuyết da vùng bàn chân bằng ghép da lân cận,Ngoại khoa,Exclude
9180,28.0425.0583,28.425,Phẫu thuật chỉnh sửa các biến chứng sau mổ thẩm mỹ vùng mắt,Ngoại khoa,Exclude
9181,28.0435.0583,28.435,Phẫu thuật chỉnh sửa các biến chứng sau mổ nâng mũi,Ngoại khoa,Exclude
9182,28.0439.1064,28.439,Phẫu thuật chỉnh thon góc hàm,Răng Hàm Mặt,Exclude
9183,28.0466.1134,28.466,Phẫu thuật cấy mỡ làm đầy vùng mặt,Bỏng,Exclude
9184,28.0467.1134,28.467,Phẫu thuật cấy mỡ bàn tay,Bỏng,Exclude
9185,28.0468.1134,28.468,Phẫu thuật cấy mỡ vùng mông,Bỏng,Exclude
9186,28.0495.1134,28.495,Ghép mỡ tự thân coleman vùng trán,Bỏng,Exclude
9187,28.0496.1134,28.496,Ghép mỡ tự thân coleman điều trị lõm mắt,Bỏng,Exclude
9188,28.0499.1134,28.499,Tạo hình thiểu sản bẩm sinh nửa mặt bằng ghép mỡ coleman,Bỏng,Exclude
9189,28.0500.1134,28.500,Tạo hình thiểu sản bẩm sinh toàn bộ mặt bằng ghép mỡ coleman,Bỏng,Exclude
9190,28.0504.0561,28.504,"Tạo hình hộp sọ trong bệnh lý dính hộp sọ, hẹp hộp sọ",Ngoại khoa,Exclude